#
# There is insufficient memory for the Java Runtime Environment to continue.
# Native memory allocation (mmap) failed to map 1543503872 bytes for G1 virtual space
# Possible reasons:
#   The system is out of physical RAM or swap space
#   The process is running with CompressedOops enabled, and the Java Heap may be blocking the growth of the native heap
# Possible solutions:
#   Reduce memory load on the system
#   Increase physical memory or swap space
#   Check if swap backing store is full
#   Decrease Java heap size (-Xmx/-Xms)
#   Decrease number of Java threads
#   Decrease Java thread stack sizes (-Xss)
#   Set larger code cache with -XX:ReservedCodeCacheSize=
#   JVM is running with Zero Based Compressed Oops mode in which the Java heap is
#     placed in the first 32GB address space. The Java Heap base address is the
#     maximum limit for the native heap growth. Please use -XX:HeapBaseMinAddress
#     to set the Java Heap base and to place the Java Heap above 32GB virtual address.
# This output file may be truncated or incomplete.
#
#  Out of Memory Error (os_windows.cpp:3603), pid=1096, tid=29220
#
# JRE version: Java(TM) SE Runtime Environment (21.0.6+8) (build 21.0.6+8-LTS-188)
# Java VM: Java HotSpot(TM) 64-Bit Server VM (21.0.6+8-LTS-188, mixed mode, sharing, tiered, compressed oops, compressed class ptrs, g1 gc, windows-amd64)
# No core dump will be written. Minidumps are not enabled by default on client versions of Windows
#

---------------  S U M M A R Y ------------

Command Line: --add-opens=java.base/java.lang=ALL-UNNAMED --add-opens=java.base/java.lang.invoke=ALL-UNNAMED --add-opens=java.base/java.util=ALL-UNNAMED --add-opens=java.prefs/java.util.prefs=ALL-UNNAMED --add-exports=jdk.compiler/com.sun.tools.javac.api=ALL-UNNAMED --add-exports=jdk.compiler/com.sun.tools.javac.util=ALL-UNNAMED --add-opens=java.base/java.nio.charset=ALL-UNNAMED --add-opens=java.base/java.net=ALL-UNNAMED --add-opens=java.base/java.util.concurrent=ALL-UNNAMED --add-opens=java.base/java.util.concurrent.atomic=ALL-UNNAMED --add-opens=java.xml/javax.xml.namespace=ALL-UNNAMED --add-opens=java.base/java.time=ALL-UNNAMED -Xmx8G -Dfile.encoding=UTF-8 -Duser.country=RU -Duser.language=ru -Duser.variant -javaagent:C:\Users\Redmi\.gradle\wrapper\dists\gradle-9.5.0-bin\bvnork1r7n8i6kp5cnkibsc9q\gradle-9.5.0\lib\agents\gradle-instrumentation-agent-9.5.0.jar org.gradle.launcher.daemon.bootstrap.GradleDaemon 9.5.0

Host: AMD Ryzen 7 7840HS w/ Radeon 780M Graphics     , 16 cores, 13G,  Windows 11 , 64 bit Build 26100 (10.0.26100.8875)
Time: Mon Aug 10 00:59:19 2026 RTZ 4 (s 11 , 64 bit Build 26100 (10.0.26100.8875) elapsed time: 71.958460 seconds (0d 0h 1m 11s)

---------------  T H R E A D  ---------------

Current thread (0x000002865e0d8df0):  VMThread "VM Thread"          [id=29220, stack(0x000000e402b00000,0x000000e402c00000) (1024K)]

Stack: [0x000000e402b00000,0x000000e402c00000]
Native frames: (J=compiled Java code, j=interpreted, Vv=VM code, C=native code)
V  [jvm.dll+0x6ca6d9]
V  [jvm.dll+0x854f51]
V  [jvm.dll+0x85747e]
V  [jvm.dll+0x857b53]
V  [jvm.dll+0x27dcc6]
V  [jvm.dll+0x6c6e55]
V  [jvm.dll+0x6bb9da]
V  [jvm.dll+0x35393a]
V  [jvm.dll+0x35b596]
V  [jvm.dll+0x3adefe]
V  [jvm.dll+0x3ae1a8]
V  [jvm.dll+0x327cbc]
V  [jvm.dll+0x32a516]
V  [jvm.dll+0x3344c8]
V  [jvm.dll+0x36a795]
V  [jvm.dll+0x85d920]
V  [jvm.dll+0x85eca4]
V  [jvm.dll+0x85f1e0]
V  [jvm.dll+0x85f483]
V  [jvm.dll+0x7ff2fb]
V  [jvm.dll+0x6c8dbd]
C  [ucrtbase.dll+0x2cd30]
C  [KERNEL32.DLL+0x2e957]
C  [ntdll.dll+0xaad6c]

VM_Operation (0x000000e4026ffb50): G1PauseRemark, mode: safepoint, requested by thread 0x000002865df180a0


---------------  P R O C E S S  ---------------

Threads class SMR info:
_java_thread_list=0x00000286a647be40, length=346, elements={
0x000002863c146d30, 0x000002865e0f1130, 0x000002865e0f6710, 0x000002865e0f9390,
0x000002865e0fb460, 0x000002865e0fbaf0, 0x000002865e0f8670, 0x00000286a6128c00,
0x00000286a6129ee0, 0x000002865e0f8d00, 0x000002865e0fadd0, 0x000002865e0fa0b0,
0x000002865e0fa740, 0x00000286a8685920, 0x00000286a8683850, 0x00000286a8684c00,
0x00000286a8683ee0, 0x00000286a8685fb0, 0x00000286a8686640, 0x00000286a8687360,
0x00000286a86879f0, 0x00000286a8684570, 0x00000286a8688080, 0x00000286a8685290,
0x00000286a868ae70, 0x00000286a8688710, 0x00000286a8689ac0, 0x00000286a868a150,
0x00000286a868a7e0, 0x00000286aa9f4b00, 0x00000286aa9f5eb0, 0x00000286aa9f6540,
0x00000286aa9f5190, 0x00000286aa9f3750, 0x00000286aa9f7260, 0x00000286aa9f3de0,
0x00000286aa9fa050, 0x00000286aa9f99c0, 0x00000286aa9f9330, 0x00000286aa9f8610,
0x00000286ae357e70, 0x00000286ae3549f0, 0x00000286ae3577e0, 0x00000286ae355080,
0x00000286ae355710, 0x00000286ae355da0, 0x00000286ae356430, 0x00000286ae356ac0,
0x00000286ae357150, 0x00000286a9fa50f0, 0x00000286a9fa5e10, 0x00000286a9fa5780,
0x00000286a9fa43d0, 0x00000286a9fa2990, 0x00000286a9fa3d40, 0x00000286a9fa4a60,
0x00000286a9fa3020, 0x00000286b072c3d0, 0x00000286b072ca60, 0x00000286b072d0f0,
0x00000286b072e4a0, 0x00000286b072b020, 0x00000286b072d780, 0x00000286b072b6b0,
0x00000286b072bd40, 0x00000286ac491270, 0x00000286ac492620, 0x00000286ac48f1a0,
0x00000286ac48fec0, 0x00000286ac492cb0, 0x00000286ac48f830, 0x00000286ac493340,
0x00000286ac4939d0, 0x00000286ac491900, 0x00000286ac490550, 0x00000286ac494060,
0x00000286ac490be0, 0x00000286ac495aa0, 0x00000286ac496130, 0x00000286ac494d80,
0x00000286ac495410, 0x00000286abd84bc0, 0x00000286abd82af0, 0x00000286abd83180,
0x00000286abd85f70, 0x00000286abd87320, 0x00000286abd893f0, 0x00000286aa9f4470,
0x00000286aa9f7f80, 0x000002865e0f9a20, 0x00000286ac4946f0, 0x00000286ada4c4e0,
0x00000286ada4b130, 0x00000286ada4aaa0, 0x00000286ada4b7c0, 0x00000286ada4a410,
0x00000286ada4e5b0, 0x00000286ada4df20, 0x00000286ada4d890, 0x00000286ada4cb70,
0x00000286ada4d200, 0x00000286ada4ec40, 0x00000286ada4f2d0, 0x00000286ada50d10,
0x00000286ada51a30, 0x00000286ada4f960, 0x00000286ada513a0, 0x00000286ada4fff0,
0x00000286ada50680, 0x00000286aca7a750, 0x00000286aca7b470, 0x00000286aca7c820,
0x00000286aca7ceb0, 0x00000286aca79a30, 0x00000286aca7ade0, 0x00000286aca7bb00,
0x00000286aca7a0c0, 0x00000286aca7ef80, 0x00000286aca7f610, 0x00000286aca7e8f0,
0x00000286aca7c190, 0x00000286aca7d540, 0x00000286aca81050, 0x00000286aca7fca0,
0x00000286aca7e260, 0x00000286aca80330, 0x00000286aca809c0, 0x00000286aca7dbd0,
0x00000286a9c7ee60, 0x00000286a9c7e140, 0x00000286a9c7e7d0, 0x00000286a9c7f4f0,
0x00000286a9c7c070, 0x00000286a9c7d420, 0x00000286a9c7fb80, 0x00000286a9c7dab0,
0x00000286a9c7cd90, 0x00000286a9c7c700, 0x00000286a9c80210, 0x00000286a9c815c0,
0x00000286a9c83000, 0x00000286a9c808a0, 0x00000286a9c80f30, 0x00000286a9c822e0,
0x00000286a9c82970, 0x00000286a9c81c50, 0x00000286a9c83690, 0x00000286ae12e040,
0x00000286ae130110, 0x00000286ae130e30, 0x00000286ae1307a0, 0x00000286ae1314c0,
0x00000286ae12ed60, 0x00000286ae12e6d0, 0x00000286ae131b50, 0x00000286ae1321e0,
0x00000286ae132870, 0x00000286ae12f3f0, 0x00000286ae132f00, 0x00000286ae12fa80,
0x00000286ae135cf0, 0x00000286ae135660, 0x00000286ae136380, 0x00000286ae134fd0,
0x00000286ae136a10, 0x00000286ae133590, 0x00000286ae1370a0, 0x00000286ae139e90,
0x00000286ae13a520, 0x00000286ae138ae0, 0x00000286ae13c5f0, 0x00000286ae139170,
0x00000286ae13cc80, 0x00000286ae139800, 0x00000286ada4be50, 0x00000286b66cfb00,
0x00000286b66d1540, 0x00000286b66d2260, 0x00000286b66d0820, 0x00000286b66d0eb0,
0x00000286b66d0190, 0x00000286b66d2f80, 0x00000286b66d28f0, 0x00000286b66d3610,
0x00000286b66d3ca0, 0x00000286b66d49c0, 0x00000286b66d1bd0, 0x00000286b66d56e0,
0x00000286b66d5d70, 0x00000286b66d6400, 0x00000286b66d5050, 0x00000286b66d9f10,
0x00000286b66d6a90, 0x00000286b15847c0, 0x00000286b1581340, 0x00000286b1584e50,
0x00000286b15819d0, 0x00000286b1586200, 0x00000286b15875b0, 0x00000286b1586890,
0x00000286b15854e0, 0x00000286b1585b70, 0x00000286b1589d10, 0x00000286b1586f20,
0x00000286b1587c40, 0x00000286b158aa30, 0x00000286b1589680, 0x00000286a9b8fb60,
0x00000286a9b90880, 0x00000286a9b90f10, 0x00000286a9b97ea0, 0x00000286a9b99250,
0x00000286a9b998e0, 0x00000286a9b96460, 0x00000286a9b99f70, 0x00000286a9b9a600,
0x00000286a9b9ac90, 0x00000286a9b97810, 0x00000286a9b9da80, 0x00000286a9b9d3f0,
0x00000286a9b9c6d0, 0x00000286a9b9cd60, 0x00000286a9b9e110, 0x00000286a9b9b320,
0x00000286a9b9ee30, 0x00000286a9b9b9b0, 0x00000286b0ccb960, 0x00000286b0cd1540,
0x00000286b0ccede0, 0x00000286b0cd0820, 0x00000286b0cd4330, 0x00000286b0cd49c0,
0x00000286b0cd5050, 0x00000286b0cd1bd0, 0x00000286b0cd5d70, 0x00000286b0cd8b60,
0x00000286b0cd7e40, 0x00000286b0cd6400, 0x00000286b0cd6a90, 0x00000286b0cd56e0,
0x00000286b0cd9880, 0x00000286b0cd84d0, 0x00000286b0cd9f10, 0x00000286b0cd7120,
0x00000286b0cda5a0, 0x00000286b0cd91f0, 0x00000286b0cdac30, 0x00000286b0cd77b0,
0x00000286b0cde0b0, 0x00000286b0cdb2c0, 0x00000286b0cdedd0, 0x00000286b0cde740,
0x00000286b0cdb950, 0x00000286b0cdcd00, 0x00000286b0cdf460, 0x00000286b0cdd390,
0x00000286b0cdc670, 0x00000286b0cdbfe0, 0x00000286b0ce0810, 0x00000286b0ce0ea0,
0x00000286b0ce2250, 0x00000286b0ce28e0, 0x00000286b0ce2f70, 0x00000286b0cdfaf0,
0x00000286b0ce3600, 0x00000286b0ce0180, 0x00000286b0ce56d0, 0x00000286b0ce49b0,
0x00000286b0ce4320, 0x00000286b0ce5040, 0x00000286b0ce7110, 0x00000286b0ce6a80,
0x00000286b0ce77a0, 0x00000286b0ce7e30, 0x00000286b0ce84c0, 0x00000286b0ce8b50,
0x00000286b0ce91e0, 0x00000286b0ce5d60, 0x00000286abb68a50, 0x00000286abb6ab20,
0x00000286abb690e0, 0x00000286abb69e00, 0x00000286abb69770, 0x00000286abb6a490,
0x00000286abb6b1b0, 0x00000286abb6b840, 0x00000286abb683c0, 0x00000286abb6d280,
0x00000286abb6f350, 0x00000286abb6ecc0, 0x00000286abb6c560, 0x00000286abb6cbf0,
0x00000286abb6d910, 0x00000286abb6dfa0, 0x00000286abb6e630, 0x00000286a612ba20,
0x00000286a9f14550, 0x00000286a9f152f0, 0x00000286b1b27cc0, 0x00000286b1b2aab0,
0x00000286b1b27630, 0x00000286b1b2a420, 0x00000286b1b29070, 0x00000286b1b2b140,
0x00000286b1b2b7d0, 0x00000286b1b289e0, 0x00000286b1b28350, 0x00000286b1b29700,
0x00000286b1b29d90, 0x00000286b1b2be60, 0x00000286b1b16fb0, 0x00000286b1b1aac0,
0x00000286b1b19080, 0x00000286b1b17640, 0x00000286b1b19da0, 0x00000286b1b1b150,
0x00000286b1b17cd0, 0x00000286b1b1ec60, 0x00000286b1b1cb90, 0x00000286b1b1e5d0,
0x00000286b1b1d220, 0x00000286b1b1be70, 0x00000286b1b1d8b0, 0x00000286b1b1df40,
0x00000286b1b1b7e0, 0x00000286b1b20010, 0x00000286b1b20d30, 0x00000286b1b0d8c0,
0x00000286b1b0df50, 0x00000286b1b0f300, 0x00000286b1b0cba0, 0x00000286b1b0ec70,
0x00000286b1b10020, 0x00000286b1b0f990, 0x00000286b1b106b0, 0x00000286b1b0d230,
0x00000286b1b12780, 0x00000286b1b141c0, 0x00000286b1b12e10, 0x00000286b1b14850,
0x00000286b1b134a0, 0x00000286b1b11a60, 0x00000286b1b15570, 0x00000286b1b120f0,
0x00000286b1b18360, 0x00000286b1b15c00
}

Java Threads: ( => current thread )
  0x000002863c146d30 JavaThread "main"                              [_thread_blocked, id=10444, stack(0x000000e402400000,0x000000e402500000) (1024K)]
  0x000002865e0f1130 JavaThread "Reference Handler"          daemon [_thread_blocked, id=7568, stack(0x000000e402c00000,0x000000e402d00000) (1024K)]
  0x000002865e0f6710 JavaThread "Finalizer"                  daemon [_thread_blocked, id=2240, stack(0x000000e402d00000,0x000000e402e00000) (1024K)]
  0x000002865e0f9390 JavaThread "Signal Dispatcher"          daemon [_thread_blocked, id=6892, stack(0x000000e402e00000,0x000000e402f00000) (1024K)]
  0x000002865e0fb460 JavaThread "Attach Listener"            daemon [_thread_blocked, id=28072, stack(0x000000e402f00000,0x000000e403000000) (1024K)]
  0x000002865e0fbaf0 JavaThread "Service Thread"             daemon [_thread_blocked, id=2744, stack(0x000000e403000000,0x000000e403100000) (1024K)]
  0x000002865e0f8670 JavaThread "Monitor Deflation Thread"   daemon [_thread_blocked, id=6812, stack(0x000000e403100000,0x000000e403200000) (1024K)]
  0x00000286a6128c00 JavaThread "C2 CompilerThread0"         daemon [_thread_blocked, id=19272, stack(0x000000e403200000,0x000000e403300000) (1024K)]
  0x00000286a6129ee0 JavaThread "C1 CompilerThread0"         daemon [_thread_blocked, id=15096, stack(0x000000e403300000,0x000000e403400000) (1024K)]
  0x000002865e0f8d00 JavaThread "Common-Cleaner"             daemon [_thread_blocked, id=26252, stack(0x000000e403400000,0x000000e403500000) (1024K)]
  0x000002865e0fadd0 JavaThread "Notification Thread"        daemon [_thread_blocked, id=26172, stack(0x000000e403800000,0x000000e403900000) (1024K)]
  0x000002865e0fa0b0 JavaThread "Daemon health stats"               [_thread_blocked, id=5164, stack(0x000000e403900000,0x000000e403a00000) (1024K)]
  0x000002865e0fa740 JavaThread "Incoming local TCP Connector on port 51236"        [_thread_in_native, id=29320, stack(0x000000e403b00000,0x000000e403c00000) (1024K)]
  0x00000286a8685920 JavaThread "Daemon periodic checks"            [_thread_blocked, id=21376, stack(0x000000e404100000,0x000000e404200000) (1024K)]
  0x00000286a8683850 JavaThread "Daemon"                            [_thread_blocked, id=19016, stack(0x000000e404200000,0x000000e404300000) (1024K)]
  0x00000286a8684c00 JavaThread "Handler for socket connection from /127.0.0.1:51236 to /127.0.0.1:51238"        [_thread_in_native, id=8388, stack(0x000000e404300000,0x000000e404400000) (1024K)]
  0x00000286a8683ee0 JavaThread "Cancel handler"                    [_thread_blocked, id=3024, stack(0x000000e404400000,0x000000e404500000) (1024K)]
  0x00000286a8685fb0 JavaThread "Daemon worker"                     [_thread_blocked, id=25404, stack(0x000000e404500000,0x000000e404600000) (1024K)]
  0x00000286a8686640 JavaThread "Asynchronous log dispatcher for DefaultDaemonConnection: socket connection from /127.0.0.1:51236 to /127.0.0.1:51238"        [_thread_blocked, id=23660, stack(0x000000e404600000,0x000000e404700000) (1024K)]
  0x00000286a8687360 JavaThread "Stdin handler"                     [_thread_blocked, id=12348, stack(0x000000e404700000,0x000000e404800000) (1024K)]
  0x00000286a86879f0 JavaThread "Daemon client event forwarder"        [_thread_blocked, id=13856, stack(0x000000e404800000,0x000000e404900000) (1024K)]
  0x00000286a8684570 JavaThread "Cache worker for journal cache (C:\Users\Redmi\.gradle\caches\journal-1)"        [_thread_blocked, id=25864, stack(0x000000e404900000,0x000000e404a00000) (1024K)]
  0x00000286a8688080 JavaThread "File lock request listener"        [_thread_in_native, id=14968, stack(0x000000e404a00000,0x000000e404b00000) (1024K)]
  0x00000286a8685290 JavaThread "Cache worker for file hash cache (C:\Users\Redmi\.gradle\caches\9.5.0\fileHashes)"        [_thread_blocked, id=28844, stack(0x000000e404b00000,0x000000e404c00000) (1024K)]
  0x00000286a868ae70 JavaThread "Cache worker for file hash cache (C:\Projects\BetterMods\BetterEnd-Fabric-1.21.11\.gradle\9.5.0\fileHashes)"        [_thread_blocked, id=22484, stack(0x000000e405700000,0x000000e405800000) (1024K)]
  0x00000286a8688710 JavaThread "Cache worker for Build Output Cleanup Cache (C:\Projects\BetterMods\BetterEnd-Fabric-1.21.11\.gradle\buildOutputCleanup)"        [_thread_blocked, id=12792, stack(0x000000e405800000,0x000000e405900000) (1024K)]
  0x00000286a8689ac0 JavaThread "File watcher server"        daemon [_thread_blocked, id=17040, stack(0x000000e405900000,0x000000e405a00000) (1024K)]
  0x00000286a868a150 JavaThread "File watcher consumer"      daemon [_thread_blocked, id=18512, stack(0x000000e405a00000,0x000000e405b00000) (1024K)]
  0x00000286a868a7e0 JavaThread "Cache worker for file content cache (C:\Users\Redmi\.gradle\caches\9.5.0\fileContent)"        [_thread_blocked, id=14420, stack(0x000000e405b00000,0x000000e405c00000) (1024K)]
  0x00000286aa9f4b00 JavaThread "Cache worker for checksums cache (C:\Projects\BetterMods\BetterEnd-Fabric-1.21.11\.gradle\9.5.0\checksums)"        [_thread_blocked, id=28156, stack(0x000000e405c00000,0x000000e405d00000) (1024K)]
  0x00000286aa9f5eb0 JavaThread "Cache worker for cache directory md-supplier (C:\Users\Redmi\.gradle\caches\9.5.0\md-supplier)"        [_thread_blocked, id=29160, stack(0x000000e405d00000,0x000000e405e00000) (1024K)]
  0x00000286aa9f6540 JavaThread "Cache worker for cache directory md-rule (C:\Users\Redmi\.gradle\caches\9.5.0\md-rule)"        [_thread_blocked, id=5684, stack(0x000000e405e00000,0x000000e405f00000) (1024K)]
  0x00000286aa9f5190 JavaThread "jar transforms"                    [_thread_blocked, id=9068, stack(0x000000e405f00000,0x000000e406000000) (1024K)]
  0x00000286aa9f3750 JavaThread "jar transforms Thread 2"           [_thread_blocked, id=12892, stack(0x000000e406200000,0x000000e406300000) (1024K)]
  0x00000286aa9f7260 JavaThread "jar transforms Thread 3"           [_thread_blocked, id=23048, stack(0x000000e406300000,0x000000e406400000) (1024K)]
  0x00000286aa9f3de0 JavaThread "jar transforms Thread 4"           [_thread_blocked, id=16804, stack(0x000000e406400000,0x000000e406500000) (1024K)]
  0x00000286aa9fa050 JavaThread "jar transforms Thread 5"           [_thread_blocked, id=24256, stack(0x000000e406500000,0x000000e406600000) (1024K)]
  0x00000286aa9f99c0 JavaThread "jar transforms Thread 6"           [_thread_blocked, id=1120, stack(0x000000e406600000,0x000000e406700000) (1024K)]
  0x00000286aa9f9330 JavaThread "jar transforms Thread 7"           [_thread_blocked, id=24600, stack(0x000000e406700000,0x000000e406800000) (1024K)]
  0x00000286aa9f8610 JavaThread "Build operations"                  [_thread_blocked, id=24584, stack(0x000000e406100000,0x000000e406200000) (1024K)]
  0x00000286ae357e70 JavaThread "Build operations Thread 2"         [_thread_blocked, id=22468, stack(0x000000e406800000,0x000000e406900000) (1024K)]
  0x00000286ae3549f0 JavaThread "Build operations Thread 3"         [_thread_blocked, id=17880, stack(0x000000e406900000,0x000000e406a00000) (1024K)]
  0x00000286ae3577e0 JavaThread "Build operations Thread 4"         [_thread_blocked, id=13380, stack(0x000000e406a00000,0x000000e406b00000) (1024K)]
  0x00000286ae355080 JavaThread "Build operations Thread 5"         [_thread_blocked, id=5836, stack(0x000000e406b00000,0x000000e406c00000) (1024K)]
  0x00000286ae355710 JavaThread "Build operations Thread 6"         [_thread_blocked, id=27652, stack(0x000000e406c00000,0x000000e406d00000) (1024K)]
  0x00000286ae355da0 JavaThread "Build operations Thread 7"         [_thread_blocked, id=27156, stack(0x000000e406d00000,0x000000e406e00000) (1024K)]
  0x00000286ae356430 JavaThread "Build operations Thread 8"         [_thread_blocked, id=13440, stack(0x000000e406e00000,0x000000e406f00000) (1024K)]
  0x00000286ae356ac0 JavaThread "Build operations Thread 9"         [_thread_blocked, id=30708, stack(0x000000e406f00000,0x000000e407000000) (1024K)]
  0x00000286ae357150 JavaThread "Build operations Thread 10"        [_thread_blocked, id=12216, stack(0x000000e407000000,0x000000e407100000) (1024K)]
  0x00000286a9fa50f0 JavaThread "Build operations Thread 11"        [_thread_blocked, id=10912, stack(0x000000e407100000,0x000000e407200000) (1024K)]
  0x00000286a9fa5e10 JavaThread "Build operations Thread 12"        [_thread_blocked, id=24132, stack(0x000000e407200000,0x000000e407300000) (1024K)]
  0x00000286a9fa5780 JavaThread "Build operations Thread 13"        [_thread_blocked, id=29252, stack(0x000000e407300000,0x000000e407400000) (1024K)]
  0x00000286a9fa43d0 JavaThread "Build operations Thread 14"        [_thread_blocked, id=12328, stack(0x000000e407400000,0x000000e407500000) (1024K)]
  0x00000286a9fa2990 JavaThread "Build operations Thread 15"        [_thread_blocked, id=23700, stack(0x000000e407500000,0x000000e407600000) (1024K)]
  0x00000286a9fa3d40 JavaThread "Build operations Thread 16"        [_thread_blocked, id=19160, stack(0x000000e407600000,0x000000e407700000) (1024K)]
  0x00000286a9fa4a60 JavaThread "Memory manager"                    [_thread_blocked, id=7248, stack(0x000000e407a00000,0x000000e407b00000) (1024K)]
  0x00000286a9fa3020 JavaThread "build event listener"              [_thread_blocked, id=6864, stack(0x000000e407800000,0x000000e407900000) (1024K)]
  0x00000286b072c3d0 JavaThread "jar transforms Thread 8"           [_thread_blocked, id=30092, stack(0x000000e407900000,0x000000e407a00000) (1024K)]
  0x00000286b072ca60 JavaThread "Problems report writer"            [_thread_blocked, id=19912, stack(0x000000e407b00000,0x000000e407c00000) (1024K)]
  0x00000286b072d0f0 JavaThread "jar transforms Thread 9"           [_thread_blocked, id=20812, stack(0x000000e407c00000,0x000000e407d00000) (1024K)]
  0x00000286b072e4a0 JavaThread "jar transforms Thread 10"          [_thread_blocked, id=26672, stack(0x000000e407d00000,0x000000e407e00000) (1024K)]
  0x00000286b072b020 JavaThread "HttpClient-1-SelectorManager" daemon [_thread_in_native, id=10204, stack(0x000000e407700000,0x000000e407800000) (1024K)]
  0x00000286b072d780 JavaThread "ForkJoinPool-1-worker-1"    daemon [_thread_blocked, id=744, stack(0x000000e404000000,0x000000e404100000) (1024K)]
  0x00000286b072b6b0 JavaThread "ForkJoinPool-1-worker-2"    daemon [_thread_blocked, id=14288, stack(0x000000e405600000,0x000000e405700000) (1024K)]
  0x00000286b072bd40 JavaThread "ForkJoinPool-1-worker-3"    daemon [_thread_blocked, id=4448, stack(0x000000e406000000,0x000000e406100000) (1024K)]
  0x00000286ac491270 JavaThread "ForkJoinPool-1-worker-4"    daemon [_thread_blocked, id=25972, stack(0x000000e407e00000,0x000000e407f00000) (1024K)]
  0x00000286ac492620 JavaThread "ForkJoinPool-1-worker-5"    daemon [_thread_blocked, id=30412, stack(0x000000e407f00000,0x000000e408000000) (1024K)]
  0x00000286ac48f1a0 JavaThread "ForkJoinPool-1-worker-6"    daemon [_thread_blocked, id=24468, stack(0x000000e408000000,0x000000e408100000) (1024K)]
  0x00000286ac48fec0 JavaThread "ForkJoinPool-1-worker-7"    daemon [_thread_blocked, id=13268, stack(0x000000e408100000,0x000000e408200000) (1024K)]
  0x00000286ac492cb0 JavaThread "ForkJoinPool-1-worker-8"    daemon [_thread_blocked, id=19032, stack(0x000000e408200000,0x000000e408300000) (1024K)]
  0x00000286ac48f830 JavaThread "ForkJoinPool-1-worker-9"    daemon [_thread_blocked, id=22700, stack(0x000000e408300000,0x000000e408400000) (1024K)]
  0x00000286ac493340 JavaThread "ForkJoinPool-1-worker-10"   daemon [_thread_blocked, id=27436, stack(0x000000e408400000,0x000000e408500000) (1024K)]
  0x00000286ac4939d0 JavaThread "ForkJoinPool-1-worker-11"   daemon [_thread_blocked, id=23724, stack(0x000000e408500000,0x000000e408600000) (1024K)]
  0x00000286ac491900 JavaThread "ForkJoinPool-1-worker-12"   daemon [_thread_blocked, id=14824, stack(0x000000e408600000,0x000000e408700000) (1024K)]
  0x00000286ac490550 JavaThread "ForkJoinPool-1-worker-13"   daemon [_thread_blocked, id=4808, stack(0x000000e408800000,0x000000e408900000) (1024K)]
  0x00000286ac494060 JavaThread "ForkJoinPool-1-worker-15"   daemon [_thread_blocked, id=13700, stack(0x000000e408900000,0x000000e408a00000) (1024K)]
  0x00000286ac490be0 JavaThread "ForkJoinPool-1-worker-16"   daemon [_thread_blocked, id=19468, stack(0x000000e408a00000,0x000000e408b00000) (1024K)]
  0x00000286ac495aa0 JavaThread "ForkJoinPool-1-worker-17"   daemon [_thread_blocked, id=12972, stack(0x000000e408b00000,0x000000e408c00000) (1024K)]
  0x00000286ac496130 JavaThread "jar transforms Thread 11"          [_thread_blocked, id=17704, stack(0x000000e408d00000,0x000000e408e00000) (1024K)]
  0x00000286ac494d80 JavaThread "jar transforms Thread 12"          [_thread_blocked, id=5504, stack(0x000000e408e00000,0x000000e408f00000) (1024K)]
  0x00000286ac495410 JavaThread "jar transforms Thread 13"          [_thread_blocked, id=11304, stack(0x000000e408f00000,0x000000e409000000) (1024K)]
  0x00000286abd84bc0 JavaThread "jar transforms Thread 14"          [_thread_blocked, id=3108, stack(0x000000e409000000,0x000000e409100000) (1024K)]
  0x00000286abd82af0 JavaThread "jar transforms Thread 15"          [_thread_blocked, id=15276, stack(0x000000e403700000,0x000000e403800000) (1024K)]
  0x00000286abd83180 JavaThread "jar transforms Thread 16"          [_thread_blocked, id=27520, stack(0x000000e408c00000,0x000000e408d00000) (1024K)]
  0x00000286abd85f70 JavaThread "ForkJoinPool-1-worker-18"   daemon [_thread_blocked, id=17676, stack(0x000000e409200000,0x000000e409300000) (1024K)]
  0x00000286abd87320 JavaThread "ForkJoinPool-1-worker-19"   daemon [_thread_blocked, id=7560, stack(0x000000e409300000,0x000000e409400000) (1024K)]
  0x00000286abd893f0 JavaThread "included builds"                   [_thread_blocked, id=29768, stack(0x000000e409a00000,0x000000e409b00000) (1024K)]
  0x00000286aa9f4470 JavaThread "Execution worker"                  [_thread_blocked, id=18232, stack(0x000000e409b00000,0x000000e409c00000) (1024K)]
  0x00000286aa9f7f80 JavaThread "Execution worker Thread 2"         [_thread_blocked, id=19136, stack(0x000000e409c00000,0x000000e409d00000) (1024K)]
  0x000002865e0f9a20 JavaThread "Execution worker Thread 3"         [_thread_blocked, id=22968, stack(0x000000e409d00000,0x000000e409e00000) (1024K)]
  0x00000286ac4946f0 JavaThread "Execution worker Thread 4"         [_thread_blocked, id=3712, stack(0x000000e409e00000,0x000000e409f00000) (1024K)]
  0x00000286ada4c4e0 JavaThread "Execution worker Thread 5"         [_thread_blocked, id=28832, stack(0x000000e409f00000,0x000000e40a000000) (1024K)]
  0x00000286ada4b130 JavaThread "Execution worker Thread 6"         [_thread_blocked, id=25352, stack(0x000000e40a000000,0x000000e40a100000) (1024K)]
  0x00000286ada4aaa0 JavaThread "Execution worker Thread 7"         [_thread_blocked, id=21576, stack(0x000000e40a100000,0x000000e40a200000) (1024K)]
  0x00000286ada4b7c0 JavaThread "Execution worker Thread 8"         [_thread_blocked, id=11952, stack(0x000000e40a200000,0x000000e40a300000) (1024K)]
  0x00000286ada4a410 JavaThread "Execution worker Thread 9"         [_thread_blocked, id=28424, stack(0x000000e40a300000,0x000000e40a400000) (1024K)]
  0x00000286ada4e5b0 JavaThread "Execution worker Thread 10"        [_thread_blocked, id=7240, stack(0x000000e40a400000,0x000000e40a500000) (1024K)]
  0x00000286ada4df20 JavaThread "Execution worker Thread 11"        [_thread_blocked, id=16096, stack(0x000000e40a500000,0x000000e40a600000) (1024K)]
  0x00000286ada4d890 JavaThread "Execution worker Thread 12"        [_thread_blocked, id=7812, stack(0x000000e40a600000,0x000000e40a700000) (1024K)]
  0x00000286ada4cb70 JavaThread "Execution worker Thread 13"        [_thread_blocked, id=26392, stack(0x000000e40a700000,0x000000e40a800000) (1024K)]
  0x00000286ada4d200 JavaThread "Execution worker Thread 14"        [_thread_blocked, id=17112, stack(0x000000e40a800000,0x000000e40a900000) (1024K)]
  0x00000286ada4ec40 JavaThread "Execution worker Thread 15"        [_thread_blocked, id=17828, stack(0x000000e40a900000,0x000000e40aa00000) (1024K)]
  0x00000286ada4f2d0 JavaThread "Cache worker for execution history cache (C:\Projects\BetterMods\BetterEnd-Fabric-1.21.11\.gradle\9.5.0\executionHistory)"        [_thread_blocked, id=19780, stack(0x000000e40aa00000,0x000000e40ab00000) (1024K)]
  0x00000286ada50d10 JavaThread "Unconstrained build operations"        [_thread_blocked, id=26604, stack(0x000000e409700000,0x000000e409800000) (1024K)]
  0x00000286ada51a30 JavaThread "Unconstrained build operations Thread 2"        [_thread_blocked, id=13200, stack(0x000000e409800000,0x000000e409900000) (1024K)]
  0x00000286ada4f960 JavaThread "Unconstrained build operations Thread 3"        [_thread_blocked, id=26556, stack(0x000000e409900000,0x000000e409a00000) (1024K)]
  0x00000286ada513a0 JavaThread "Unconstrained build operations Thread 4"        [_thread_blocked, id=29080, stack(0x000000e40ab00000,0x000000e40ac00000) (1024K)]
  0x00000286ada4fff0 JavaThread "Unconstrained build operations Thread 5"        [_thread_blocked, id=15488, stack(0x000000e40ac00000,0x000000e40ad00000) (1024K)]
  0x00000286ada50680 JavaThread "Unconstrained build operations Thread 6"        [_thread_blocked, id=25672, stack(0x000000e40ad00000,0x000000e40ae00000) (1024K)]
  0x00000286aca7a750 JavaThread "Unconstrained build operations Thread 7"        [_thread_blocked, id=26528, stack(0x000000e40ae00000,0x000000e40af00000) (1024K)]
  0x00000286aca7b470 JavaThread "Unconstrained build operations Thread 8"        [_thread_blocked, id=19084, stack(0x000000e40af00000,0x000000e40b000000) (1024K)]
  0x00000286aca7c820 JavaThread "Unconstrained build operations Thread 9"        [_thread_blocked, id=20984, stack(0x000000e40b000000,0x000000e40b100000) (1024K)]
  0x00000286aca7ceb0 JavaThread "Unconstrained build operations Thread 10"        [_thread_blocked, id=16880, stack(0x000000e40b100000,0x000000e40b200000) (1024K)]
  0x00000286aca79a30 JavaThread "Unconstrained build operations Thread 11"        [_thread_blocked, id=1820, stack(0x000000e40b200000,0x000000e40b300000) (1024K)]
  0x00000286aca7ade0 JavaThread "Unconstrained build operations Thread 12"        [_thread_blocked, id=16288, stack(0x000000e40b300000,0x000000e40b400000) (1024K)]
  0x00000286aca7bb00 JavaThread "Unconstrained build operations Thread 13"        [_thread_blocked, id=11056, stack(0x000000e40b400000,0x000000e40b500000) (1024K)]
  0x00000286aca7a0c0 JavaThread "Unconstrained build operations Thread 14"        [_thread_blocked, id=26080, stack(0x000000e40b500000,0x000000e40b600000) (1024K)]
  0x00000286aca7ef80 JavaThread "Unconstrained build operations Thread 15"        [_thread_blocked, id=19848, stack(0x000000e40b600000,0x000000e40b700000) (1024K)]
  0x00000286aca7f610 JavaThread "Unconstrained build operations Thread 16"        [_thread_blocked, id=28604, stack(0x000000e40b700000,0x000000e40b800000) (1024K)]
  0x00000286aca7e8f0 JavaThread "Unconstrained build operations Thread 17"        [_thread_blocked, id=26896, stack(0x000000e40b800000,0x000000e40b900000) (1024K)]
  0x00000286aca7c190 JavaThread "Unconstrained build operations Thread 18"        [_thread_blocked, id=17288, stack(0x000000e40b900000,0x000000e40ba00000) (1024K)]
  0x00000286aca7d540 JavaThread "Unconstrained build operations Thread 19"        [_thread_blocked, id=19400, stack(0x000000e40ba00000,0x000000e40bb00000) (1024K)]
  0x00000286aca81050 JavaThread "Unconstrained build operations Thread 20"        [_thread_blocked, id=12724, stack(0x000000e40bb00000,0x000000e40bc00000) (1024K)]
  0x00000286aca7fca0 JavaThread "Unconstrained build operations Thread 21"        [_thread_blocked, id=9288, stack(0x000000e40bc00000,0x000000e40bd00000) (1024K)]
  0x00000286aca7e260 JavaThread "Unconstrained build operations Thread 22"        [_thread_blocked, id=26668, stack(0x000000e40bd00000,0x000000e40be00000) (1024K)]
  0x00000286aca80330 JavaThread "Unconstrained build operations Thread 23"        [_thread_blocked, id=24148, stack(0x000000e40be00000,0x000000e40bf00000) (1024K)]
  0x00000286aca809c0 JavaThread "Unconstrained build operations Thread 24"        [_thread_blocked, id=20284, stack(0x000000e40bf00000,0x000000e40c000000) (1024K)]
  0x00000286aca7dbd0 JavaThread "Unconstrained build operations Thread 25"        [_thread_blocked, id=25448, stack(0x000000e40c000000,0x000000e40c100000) (1024K)]
  0x00000286a9c7ee60 JavaThread "Unconstrained build operations Thread 26"        [_thread_blocked, id=6024, stack(0x000000e40c100000,0x000000e40c200000) (1024K)]
  0x00000286a9c7e140 JavaThread "Unconstrained build operations Thread 27"        [_thread_blocked, id=17860, stack(0x000000e40c200000,0x000000e40c300000) (1024K)]
  0x00000286a9c7e7d0 JavaThread "Unconstrained build operations Thread 28"        [_thread_blocked, id=16112, stack(0x000000e40c300000,0x000000e40c400000) (1024K)]
  0x00000286a9c7f4f0 JavaThread "Unconstrained build operations Thread 29"        [_thread_blocked, id=9312, stack(0x000000e40c400000,0x000000e40c500000) (1024K)]
  0x00000286a9c7c070 JavaThread "Unconstrained build operations Thread 30"        [_thread_blocked, id=24156, stack(0x000000e40c500000,0x000000e40c600000) (1024K)]
  0x00000286a9c7d420 JavaThread "Unconstrained build operations Thread 31"        [_thread_blocked, id=28732, stack(0x000000e40c600000,0x000000e40c700000) (1024K)]
  0x00000286a9c7fb80 JavaThread "Unconstrained build operations Thread 32"        [_thread_blocked, id=18576, stack(0x000000e40c700000,0x000000e40c800000) (1024K)]
  0x00000286a9c7dab0 JavaThread "Unconstrained build operations Thread 33"        [_thread_blocked, id=16296, stack(0x000000e40cb00000,0x000000e40cc00000) (1024K)]
  0x00000286a9c7cd90 JavaThread "Unconstrained build operations Thread 34"        [_thread_blocked, id=16924, stack(0x000000e40cc00000,0x000000e40cd00000) (1024K)]
  0x00000286a9c7c700 JavaThread "Unconstrained build operations Thread 35"        [_thread_blocked, id=27344, stack(0x000000e40cd00000,0x000000e40ce00000) (1024K)]
  0x00000286a9c80210 JavaThread "Unconstrained build operations Thread 36"        [_thread_blocked, id=25992, stack(0x000000e40ce00000,0x000000e40cf00000) (1024K)]
  0x00000286a9c815c0 JavaThread "Unconstrained build operations Thread 37"        [_thread_blocked, id=13492, stack(0x000000e40cf00000,0x000000e40d000000) (1024K)]
  0x00000286a9c83000 JavaThread "Unconstrained build operations Thread 38"        [_thread_blocked, id=476, stack(0x000000e40d000000,0x000000e40d100000) (1024K)]
  0x00000286a9c808a0 JavaThread "Unconstrained build operations Thread 39"        [_thread_blocked, id=15132, stack(0x000000e40d100000,0x000000e40d200000) (1024K)]
  0x00000286a9c80f30 JavaThread "Unconstrained build operations Thread 40"        [_thread_blocked, id=16204, stack(0x000000e40d200000,0x000000e40d300000) (1024K)]
  0x00000286a9c822e0 JavaThread "Unconstrained build operations Thread 41"        [_thread_blocked, id=29880, stack(0x000000e40d300000,0x000000e40d400000) (1024K)]
  0x00000286a9c82970 JavaThread "Unconstrained build operations Thread 42"        [_thread_blocked, id=21968, stack(0x000000e40d400000,0x000000e40d500000) (1024K)]
  0x00000286a9c81c50 JavaThread "Unconstrained build operations Thread 43"        [_thread_blocked, id=23344, stack(0x000000e40d500000,0x000000e40d600000) (1024K)]
  0x00000286a9c83690 JavaThread "Unconstrained build operations Thread 44"        [_thread_blocked, id=1088, stack(0x000000e40d600000,0x000000e40d700000) (1024K)]
  0x00000286ae12e040 JavaThread "Unconstrained build operations Thread 45"        [_thread_blocked, id=29316, stack(0x000000e40d700000,0x000000e40d800000) (1024K)]
  0x00000286ae130110 JavaThread "Unconstrained build operations Thread 46"        [_thread_blocked, id=26984, stack(0x000000e40d800000,0x000000e40d900000) (1024K)]
  0x00000286ae130e30 JavaThread "Unconstrained build operations Thread 47"        [_thread_blocked, id=18192, stack(0x000000e40d900000,0x000000e40da00000) (1024K)]
  0x00000286ae1307a0 JavaThread "Unconstrained build operations Thread 48"        [_thread_blocked, id=13340, stack(0x000000e40da00000,0x000000e40db00000) (1024K)]
  0x00000286ae1314c0 JavaThread "Unconstrained build operations Thread 49"        [_thread_blocked, id=15248, stack(0x000000e40db00000,0x000000e40dc00000) (1024K)]
  0x00000286ae12ed60 JavaThread "Unconstrained build operations Thread 50"        [_thread_blocked, id=4568, stack(0x000000e40dc00000,0x000000e40dd00000) (1024K)]
  0x00000286ae12e6d0 JavaThread "Unconstrained build operations Thread 51"        [_thread_blocked, id=3248, stack(0x000000e40dd00000,0x000000e40de00000) (1024K)]
  0x00000286ae131b50 JavaThread "Unconstrained build operations Thread 52"        [_thread_blocked, id=4960, stack(0x000000e40de00000,0x000000e40df00000) (1024K)]
  0x00000286ae1321e0 JavaThread "Unconstrained build operations Thread 53"        [_thread_blocked, id=11708, stack(0x000000e40df00000,0x000000e40e000000) (1024K)]
  0x00000286ae132870 JavaThread "Unconstrained build operations Thread 54"        [_thread_blocked, id=19292, stack(0x000000e40e000000,0x000000e40e100000) (1024K)]
  0x00000286ae12f3f0 JavaThread "Unconstrained build operations Thread 55"        [_thread_blocked, id=21100, stack(0x000000e40e100000,0x000000e40e200000) (1024K)]
  0x00000286ae132f00 JavaThread "Unconstrained build operations Thread 56"        [_thread_blocked, id=14308, stack(0x000000e40e200000,0x000000e40e300000) (1024K)]
  0x00000286ae12fa80 JavaThread "Unconstrained build operations Thread 57"        [_thread_blocked, id=14708, stack(0x000000e40e300000,0x000000e40e400000) (1024K)]
  0x00000286ae135cf0 JavaThread "Unconstrained build operations Thread 58"        [_thread_blocked, id=13072, stack(0x000000e40e400000,0x000000e40e500000) (1024K)]
  0x00000286ae135660 JavaThread "Unconstrained build operations Thread 59"        [_thread_blocked, id=9780, stack(0x000000e40e500000,0x000000e40e600000) (1024K)]
  0x00000286ae136380 JavaThread "Unconstrained build operations Thread 60"        [_thread_blocked, id=19804, stack(0x000000e40e600000,0x000000e40e700000) (1024K)]
  0x00000286ae134fd0 JavaThread "Unconstrained build operations Thread 61"        [_thread_blocked, id=5064, stack(0x000000e40e700000,0x000000e40e800000) (1024K)]
  0x00000286ae136a10 JavaThread "Unconstrained build operations Thread 62"        [_thread_blocked, id=23728, stack(0x000000e40e800000,0x000000e40e900000) (1024K)]
  0x00000286ae133590 JavaThread "Unconstrained build operations Thread 63"        [_thread_blocked, id=29048, stack(0x000000e40e900000,0x000000e40ea00000) (1024K)]
  0x00000286ae1370a0 JavaThread "Unconstrained build operations Thread 64"        [_thread_blocked, id=14116, stack(0x000000e40ea00000,0x000000e40eb00000) (1024K)]
  0x00000286ae139e90 JavaThread "WorkerExecutor Queue"              [_thread_blocked, id=6288, stack(0x000000e40c800000,0x000000e40c900000) (1024K)]
  0x00000286ae13a520 JavaThread "WorkerExecutor Queue Thread 2"        [_thread_blocked, id=19372, stack(0x000000e40c900000,0x000000e40ca00000) (1024K)]
  0x00000286ae138ae0 JavaThread "WorkerExecutor Queue Thread 3"        [_thread_blocked, id=11760, stack(0x000000e40ed00000,0x000000e40ee00000) (1024K)]
  0x00000286ae13c5f0 JavaThread "WorkerExecutor Queue Thread 4"        [_thread_blocked, id=22840, stack(0x000000e40ee00000,0x000000e40ef00000) (1024K)]
  0x00000286ae139170 JavaThread "WorkerExecutor Queue Thread 5"        [_thread_blocked, id=17904, stack(0x000000e40ef00000,0x000000e40f000000) (1024K)]
  0x00000286ae13cc80 JavaThread "WorkerExecutor Queue Thread 6"        [_thread_blocked, id=25648, stack(0x000000e40f000000,0x000000e40f100000) (1024K)]
  0x00000286ae139800 JavaThread "WorkerExecutor Queue Thread 7"        [_thread_blocked, id=4812, stack(0x000000e40f100000,0x000000e40f200000) (1024K)]
  0x00000286ada4be50 JavaThread "WorkerExecutor Queue Thread 8"        [_thread_blocked, id=14028, stack(0x000000e40f200000,0x000000e40f300000) (1024K)]
  0x00000286b66cfb00 JavaThread "WorkerExecutor Queue Thread 9"        [_thread_blocked, id=19064, stack(0x000000e40f300000,0x000000e40f400000) (1024K)]
  0x00000286b66d1540 JavaThread "pool-22-thread-1"                  [_thread_blocked, id=26988, stack(0x000000e40f400000,0x000000e40f500000) (1024K)]
  0x00000286b66d2260 JavaThread "pool-22-thread-2"                  [_thread_blocked, id=12148, stack(0x000000e40f500000,0x000000e40f600000) (1024K)]
  0x00000286b66d0820 JavaThread "pool-22-thread-3"                  [_thread_blocked, id=11308, stack(0x000000e40f600000,0x000000e40f700000) (1024K)]
  0x00000286b66d0eb0 JavaThread "pool-22-thread-4"                  [_thread_blocked, id=12900, stack(0x000000e40f700000,0x000000e40f800000) (1024K)]
  0x00000286b66d0190 JavaThread "pool-22-thread-5"                  [_thread_blocked, id=26952, stack(0x000000e40f800000,0x000000e40f900000) (1024K)]
  0x00000286b66d2f80 JavaThread "pool-22-thread-6"                  [_thread_blocked, id=2500, stack(0x000000e40f900000,0x000000e40fa00000) (1024K)]
  0x00000286b66d28f0 JavaThread "pool-22-thread-7"                  [_thread_blocked, id=25220, stack(0x000000e40fa00000,0x000000e40fb00000) (1024K)]
  0x00000286b66d3610 JavaThread "pool-22-thread-8"                  [_thread_blocked, id=5208, stack(0x000000e40fb00000,0x000000e40fc00000) (1024K)]
  0x00000286b66d3ca0 JavaThread "pool-22-thread-9"                  [_thread_blocked, id=22464, stack(0x000000e40fc00000,0x000000e40fd00000) (1024K)]
  0x00000286b66d49c0 JavaThread "pool-22-thread-10"                 [_thread_blocked, id=24340, stack(0x000000e40fd00000,0x000000e40fe00000) (1024K)]
  0x00000286b66d1bd0 JavaThread "pool-22-thread-11"                 [_thread_blocked, id=22936, stack(0x000000e40fe00000,0x000000e40ff00000) (1024K)]
  0x00000286b66d56e0 JavaThread "pool-22-thread-12"                 [_thread_blocked, id=28124, stack(0x000000e40ff00000,0x000000e410000000) (1024K)]
  0x00000286b66d5d70 JavaThread "pool-22-thread-13"                 [_thread_blocked, id=25656, stack(0x000000e410000000,0x000000e410100000) (1024K)]
  0x00000286b66d6400 JavaThread "pool-22-thread-14"                 [_thread_blocked, id=28204, stack(0x000000e410100000,0x000000e410200000) (1024K)]
  0x00000286b66d5050 JavaThread "pool-22-thread-15"                 [_thread_blocked, id=11668, stack(0x000000e410200000,0x000000e410300000) (1024K)]
  0x00000286b66d9f10 JavaThread "pool-22-thread-16"                 [_thread_blocked, id=22088, stack(0x000000e410300000,0x000000e410400000) (1024K)]
  0x00000286b66d6a90 JavaThread "WorkerExecutor Queue Thread 10"        [_thread_blocked, id=1232, stack(0x000000e410400000,0x000000e410500000) (1024K)]
  0x00000286b15847c0 JavaThread "pool-28-thread-1"                  [_thread_blocked, id=17348, stack(0x000000e414200000,0x000000e414300000) (1024K)]
  0x00000286b1581340 JavaThread "pool-28-thread-2"                  [_thread_blocked, id=12888, stack(0x000000e414300000,0x000000e414400000) (1024K)]
  0x00000286b1584e50 JavaThread "pool-28-thread-3"                  [_thread_blocked, id=5656, stack(0x000000e414400000,0x000000e414500000) (1024K)]
  0x00000286b15819d0 JavaThread "pool-28-thread-4"                  [_thread_blocked, id=23684, stack(0x000000e414500000,0x000000e414600000) (1024K)]
  0x00000286b1586200 JavaThread "pool-28-thread-5"                  [_thread_blocked, id=20044, stack(0x000000e414600000,0x000000e414700000) (1024K)]
  0x00000286b15875b0 JavaThread "pool-28-thread-6"                  [_thread_blocked, id=17104, stack(0x000000e414700000,0x000000e414800000) (1024K)]
  0x00000286b1586890 JavaThread "pool-28-thread-7"                  [_thread_blocked, id=7608, stack(0x000000e414800000,0x000000e414900000) (1024K)]
  0x00000286b15854e0 JavaThread "pool-28-thread-8"                  [_thread_blocked, id=23928, stack(0x000000e414900000,0x000000e414a00000) (1024K)]
  0x00000286b1585b70 JavaThread "pool-28-thread-9"                  [_thread_blocked, id=16788, stack(0x000000e414a00000,0x000000e414b00000) (1024K)]
  0x00000286b1589d10 JavaThread "WorkerExecutor Queue Thread 11"        [_thread_blocked, id=6208, stack(0x000000e414b00000,0x000000e414c00000) (1024K)]
  0x00000286b1586f20 JavaThread "pool-28-thread-10"                 [_thread_blocked, id=2664, stack(0x000000e414c00000,0x000000e414d00000) (1024K)]
  0x00000286b1587c40 JavaThread "pool-28-thread-11"                 [_thread_blocked, id=7804, stack(0x000000e414e00000,0x000000e414f00000) (1024K)]
  0x00000286b158aa30 JavaThread "pool-28-thread-12"                 [_thread_blocked, id=22732, stack(0x000000e415100000,0x000000e415200000) (1024K)]
  0x00000286b1589680 JavaThread "pool-28-thread-13"                 [_thread_blocked, id=10432, stack(0x000000e415400000,0x000000e415500000) (1024K)]
  0x00000286a9b8fb60 JavaThread "pool-28-thread-14"                 [_thread_blocked, id=13156, stack(0x000000e415500000,0x000000e415600000) (1024K)]
  0x00000286a9b90880 JavaThread "pool-28-thread-15"                 [_thread_blocked, id=30712, stack(0x000000e415600000,0x000000e415700000) (1024K)]
  0x00000286a9b90f10 JavaThread "pool-28-thread-16"                 [_thread_blocked, id=20380, stack(0x000000e415700000,0x000000e415800000) (1024K)]
  0x00000286a9b97ea0 JavaThread "pool-26-thread-1"                  [_thread_blocked, id=18956, stack(0x000000e416800000,0x000000e416900000) (1024K)]
  0x00000286a9b99250 JavaThread "pool-26-thread-2"                  [_thread_blocked, id=30580, stack(0x000000e416900000,0x000000e416a00000) (1024K)]
  0x00000286a9b998e0 JavaThread "pool-26-thread-3"                  [_thread_blocked, id=19472, stack(0x000000e416a00000,0x000000e416b00000) (1024K)]
  0x00000286a9b96460 JavaThread "pool-26-thread-4"                  [_thread_blocked, id=28800, stack(0x000000e416b00000,0x000000e416c00000) (1024K)]
  0x00000286a9b99f70 JavaThread "pool-26-thread-5"                  [_thread_blocked, id=26324, stack(0x000000e416c00000,0x000000e416d00000) (1024K)]
  0x00000286a9b9a600 JavaThread "pool-26-thread-6"                  [_thread_blocked, id=26968, stack(0x000000e416d00000,0x000000e416e00000) (1024K)]
  0x00000286a9b9ac90 JavaThread "pool-26-thread-7"                  [_thread_blocked, id=19540, stack(0x000000e416e00000,0x000000e416f00000) (1024K)]
  0x00000286a9b97810 JavaThread "pool-26-thread-8"                  [_thread_blocked, id=23520, stack(0x000000e416f00000,0x000000e417000000) (1024K)]
  0x00000286a9b9da80 JavaThread "pool-26-thread-9"                  [_thread_blocked, id=23704, stack(0x000000e417000000,0x000000e417100000) (1024K)]
  0x00000286a9b9d3f0 JavaThread "pool-26-thread-10"                 [_thread_blocked, id=18124, stack(0x000000e417100000,0x000000e417200000) (1024K)]
  0x00000286a9b9c6d0 JavaThread "pool-26-thread-11"                 [_thread_blocked, id=17632, stack(0x000000e417200000,0x000000e417300000) (1024K)]
  0x00000286a9b9cd60 JavaThread "pool-26-thread-12"                 [_thread_blocked, id=24208, stack(0x000000e417300000,0x000000e417400000) (1024K)]
  0x00000286a9b9e110 JavaThread "pool-26-thread-13"                 [_thread_blocked, id=30160, stack(0x000000e417400000,0x000000e417500000) (1024K)]
  0x00000286a9b9b320 JavaThread "pool-26-thread-14"                 [_thread_blocked, id=21204, stack(0x000000e417500000,0x000000e417600000) (1024K)]
  0x00000286a9b9ee30 JavaThread "pool-26-thread-15"                 [_thread_blocked, id=5956, stack(0x000000e417600000,0x000000e417700000) (1024K)]
  0x00000286a9b9b9b0 JavaThread "pool-26-thread-16"                 [_thread_blocked, id=26808, stack(0x000000e417700000,0x000000e417800000) (1024K)]
  0x00000286b0ccb960 JavaThread "WorkerExecutor Queue Thread 12"        [_thread_blocked, id=7344, stack(0x000000e418000000,0x000000e418100000) (1024K)]
  0x00000286b0cd1540 JavaThread "pool-31-thread-1"                  [_thread_blocked, id=8944, stack(0x000000e418900000,0x000000e418a00000) (1024K)]
  0x00000286b0ccede0 JavaThread "WorkerExecutor Queue Thread 13"        [_thread_blocked, id=27236, stack(0x000000e418a00000,0x000000e418b00000) (1024K)]
  0x00000286b0cd0820 JavaThread "pool-31-thread-2"                  [_thread_blocked, id=13924, stack(0x000000e418b00000,0x000000e418c00000) (1024K)]
  0x00000286b0cd4330 JavaThread "pool-31-thread-3"                  [_thread_blocked, id=2172, stack(0x000000e418c00000,0x000000e418d00000) (1024K)]
  0x00000286b0cd49c0 JavaThread "pool-31-thread-4"                  [_thread_blocked, id=8500, stack(0x000000e418d00000,0x000000e418e00000) (1024K)]
  0x00000286b0cd5050 JavaThread "pool-31-thread-5"                  [_thread_blocked, id=30356, stack(0x000000e418e00000,0x000000e418f00000) (1024K)]
  0x00000286b0cd1bd0 JavaThread "pool-31-thread-6"                  [_thread_blocked, id=16224, stack(0x000000e418f00000,0x000000e419000000) (1024K)]
  0x00000286b0cd5d70 JavaThread "pool-31-thread-7"                  [_thread_blocked, id=19644, stack(0x000000e419000000,0x000000e419100000) (1024K)]
  0x00000286b0cd8b60 JavaThread "pool-31-thread-8"                  [_thread_blocked, id=13728, stack(0x000000e419100000,0x000000e419200000) (1024K)]
  0x00000286b0cd7e40 JavaThread "pool-31-thread-9"                  [_thread_blocked, id=19548, stack(0x000000e419200000,0x000000e419300000) (1024K)]
  0x00000286b0cd6400 JavaThread "pool-31-thread-10"                 [_thread_blocked, id=26544, stack(0x000000e419300000,0x000000e419400000) (1024K)]
  0x00000286b0cd6a90 JavaThread "pool-31-thread-11"                 [_thread_blocked, id=19572, stack(0x000000e419400000,0x000000e419500000) (1024K)]
  0x00000286b0cd56e0 JavaThread "pool-31-thread-12"                 [_thread_blocked, id=21596, stack(0x000000e419500000,0x000000e419600000) (1024K)]
  0x00000286b0cd9880 JavaThread "pool-31-thread-13"                 [_thread_blocked, id=29556, stack(0x000000e419600000,0x000000e419700000) (1024K)]
  0x00000286b0cd84d0 JavaThread "pool-31-thread-14"                 [_thread_blocked, id=14400, stack(0x000000e419700000,0x000000e419800000) (1024K)]
  0x00000286b0cd9f10 JavaThread "pool-31-thread-15"                 [_thread_blocked, id=11376, stack(0x000000e419800000,0x000000e419900000) (1024K)]
  0x00000286b0cd7120 JavaThread "pool-31-thread-16"                 [_thread_blocked, id=12588, stack(0x000000e419900000,0x000000e419a00000) (1024K)]
  0x00000286b0cda5a0 JavaThread "pool-32-thread-1"                  [_thread_blocked, id=9420, stack(0x000000e419a00000,0x000000e419b00000) (1024K)]
  0x00000286b0cd91f0 JavaThread "pool-32-thread-2"                  [_thread_blocked, id=4848, stack(0x000000e419b00000,0x000000e419c00000) (1024K)]
  0x00000286b0cdac30 JavaThread "pool-32-thread-3"                  [_thread_blocked, id=7828, stack(0x000000e419c00000,0x000000e419d00000) (1024K)]
  0x00000286b0cd77b0 JavaThread "pool-32-thread-4"                  [_thread_blocked, id=11328, stack(0x000000e419d00000,0x000000e419e00000) (1024K)]
  0x00000286b0cde0b0 JavaThread "pool-32-thread-5"                  [_thread_blocked, id=29912, stack(0x000000e419e00000,0x000000e419f00000) (1024K)]
  0x00000286b0cdb2c0 JavaThread "pool-32-thread-6"                  [_thread_blocked, id=12300, stack(0x000000e419f00000,0x000000e41a000000) (1024K)]
  0x00000286b0cdedd0 JavaThread "pool-32-thread-7"                  [_thread_blocked, id=27244, stack(0x000000e41a000000,0x000000e41a100000) (1024K)]
  0x00000286b0cde740 JavaThread "pool-32-thread-8"                  [_thread_blocked, id=28952, stack(0x000000e41a100000,0x000000e41a200000) (1024K)]
  0x00000286b0cdb950 JavaThread "pool-32-thread-9"                  [_thread_blocked, id=420, stack(0x000000e41a200000,0x000000e41a300000) (1024K)]
  0x00000286b0cdcd00 JavaThread "pool-32-thread-10"                 [_thread_blocked, id=2756, stack(0x000000e41a300000,0x000000e41a400000) (1024K)]
  0x00000286b0cdf460 JavaThread "pool-32-thread-11"                 [_thread_blocked, id=4548, stack(0x000000e41a400000,0x000000e41a500000) (1024K)]
  0x00000286b0cdd390 JavaThread "pool-32-thread-12"                 [_thread_blocked, id=13744, stack(0x000000e41a500000,0x000000e41a600000) (1024K)]
  0x00000286b0cdc670 JavaThread "pool-32-thread-13"                 [_thread_blocked, id=14292, stack(0x000000e41a600000,0x000000e41a700000) (1024K)]
  0x00000286b0cdbfe0 JavaThread "pool-32-thread-14"                 [_thread_blocked, id=7920, stack(0x000000e41a700000,0x000000e41a800000) (1024K)]
  0x00000286b0ce0810 JavaThread "pool-32-thread-15"                 [_thread_blocked, id=24748, stack(0x000000e41a800000,0x000000e41a900000) (1024K)]
  0x00000286b0ce0ea0 JavaThread "pool-32-thread-16"                 [_thread_blocked, id=29604, stack(0x000000e41a900000,0x000000e41aa00000) (1024K)]
  0x00000286b0ce2250 JavaThread "WorkerExecutor Queue Thread 14"        [_thread_blocked, id=20336, stack(0x000000e41aa00000,0x000000e41ab00000) (1024K)]
  0x00000286b0ce28e0 JavaThread "pool-33-thread-1"                  [_thread_blocked, id=18776, stack(0x000000e41ab00000,0x000000e41ac00000) (1024K)]
  0x00000286b0ce2f70 JavaThread "pool-33-thread-2"                  [_thread_blocked, id=27492, stack(0x000000e41ac00000,0x000000e41ad00000) (1024K)]
  0x00000286b0cdfaf0 JavaThread "pool-33-thread-3"                  [_thread_blocked, id=22028, stack(0x000000e41ad00000,0x000000e41ae00000) (1024K)]
  0x00000286b0ce3600 JavaThread "pool-33-thread-4"                  [_thread_blocked, id=20072, stack(0x000000e41ae00000,0x000000e41af00000) (1024K)]
  0x00000286b0ce0180 JavaThread "pool-33-thread-5"                  [_thread_blocked, id=5776, stack(0x000000e41af00000,0x000000e41b000000) (1024K)]
  0x00000286b0ce56d0 JavaThread "pool-33-thread-6"                  [_thread_blocked, id=23772, stack(0x000000e41b000000,0x000000e41b100000) (1024K)]
  0x00000286b0ce49b0 JavaThread "pool-33-thread-7"                  [_thread_blocked, id=3496, stack(0x000000e41b100000,0x000000e41b200000) (1024K)]
  0x00000286b0ce4320 JavaThread "pool-33-thread-8"                  [_thread_blocked, id=11296, stack(0x000000e41b200000,0x000000e41b300000) (1024K)]
  0x00000286b0ce5040 JavaThread "pool-33-thread-9"                  [_thread_blocked, id=22388, stack(0x000000e41b300000,0x000000e41b400000) (1024K)]
  0x00000286b0ce7110 JavaThread "pool-33-thread-10"                 [_thread_blocked, id=19636, stack(0x000000e41b400000,0x000000e41b500000) (1024K)]
  0x00000286b0ce6a80 JavaThread "pool-33-thread-11"                 [_thread_blocked, id=6112, stack(0x000000e41b500000,0x000000e41b600000) (1024K)]
  0x00000286b0ce77a0 JavaThread "pool-33-thread-12"                 [_thread_blocked, id=16160, stack(0x000000e41b600000,0x000000e41b700000) (1024K)]
  0x00000286b0ce7e30 JavaThread "pool-33-thread-13"                 [_thread_blocked, id=5948, stack(0x000000e41b700000,0x000000e41b800000) (1024K)]
  0x00000286b0ce84c0 JavaThread "pool-33-thread-14"                 [_thread_blocked, id=15060, stack(0x000000e41b800000,0x000000e41b900000) (1024K)]
  0x00000286b0ce8b50 JavaThread "pool-33-thread-15"                 [_thread_blocked, id=10928, stack(0x000000e41b900000,0x000000e41ba00000) (1024K)]
  0x00000286b0ce91e0 JavaThread "pool-33-thread-16"                 [_thread_blocked, id=28360, stack(0x000000e41ba00000,0x000000e41bb00000) (1024K)]
  0x00000286b0ce5d60 JavaThread "WorkerExecutor Queue Thread 15"        [_thread_blocked, id=26424, stack(0x000000e41bb00000,0x000000e41bc00000) (1024K)]
  0x00000286abb68a50 JavaThread "pool-35-thread-1"                  [_thread_blocked, id=27008, stack(0x000000e41cc00000,0x000000e41cd00000) (1024K)]
  0x00000286abb6ab20 JavaThread "pool-35-thread-2"                  [_thread_blocked, id=17684, stack(0x000000e41cd00000,0x000000e41ce00000) (1024K)]
  0x00000286abb690e0 JavaThread "pool-35-thread-3"                  [_thread_blocked, id=6272, stack(0x000000e41ce00000,0x000000e41cf00000) (1024K)]
  0x00000286abb69e00 JavaThread "pool-35-thread-4"                  [_thread_blocked, id=9400, stack(0x000000e41cf00000,0x000000e41d000000) (1024K)]
  0x00000286abb69770 JavaThread "pool-35-thread-5"                  [_thread_blocked, id=27884, stack(0x000000e41d000000,0x000000e41d100000) (1024K)]
  0x00000286abb6a490 JavaThread "pool-35-thread-6"                  [_thread_blocked, id=29472, stack(0x000000e41d100000,0x000000e41d200000) (1024K)]
  0x00000286abb6b1b0 JavaThread "pool-35-thread-7"                  [_thread_blocked, id=17700, stack(0x000000e41d200000,0x000000e41d300000) (1024K)]
  0x00000286abb6b840 JavaThread "pool-35-thread-8"                  [_thread_blocked, id=24120, stack(0x000000e41d300000,0x000000e41d400000) (1024K)]
  0x00000286abb683c0 JavaThread "pool-35-thread-9"                  [_thread_blocked, id=13144, stack(0x000000e41d400000,0x000000e41d500000) (1024K)]
  0x00000286abb6d280 JavaThread "pool-35-thread-10"                 [_thread_blocked, id=16208, stack(0x000000e41d500000,0x000000e41d600000) (1024K)]
  0x00000286abb6f350 JavaThread "pool-35-thread-11"                 [_thread_blocked, id=25736, stack(0x000000e41d600000,0x000000e41d700000) (1024K)]
  0x00000286abb6ecc0 JavaThread "pool-35-thread-12"                 [_thread_blocked, id=1340, stack(0x000000e41d700000,0x000000e41d800000) (1024K)]
  0x00000286abb6c560 JavaThread "pool-35-thread-13"                 [_thread_blocked, id=26880, stack(0x000000e41d800000,0x000000e41d900000) (1024K)]
  0x00000286abb6cbf0 JavaThread "pool-35-thread-14"                 [_thread_blocked, id=29832, stack(0x000000e41d900000,0x000000e41da00000) (1024K)]
  0x00000286abb6d910 JavaThread "pool-35-thread-15"                 [_thread_blocked, id=6608, stack(0x000000e41da00000,0x000000e41db00000) (1024K)]
  0x00000286abb6dfa0 JavaThread "pool-35-thread-16"                 [_thread_blocked, id=23880, stack(0x000000e41db00000,0x000000e41dc00000) (1024K)]
  0x00000286abb6e630 JavaThread "WorkerExecutor Queue Thread 16"        [_thread_blocked, id=5992, stack(0x000000e41dc00000,0x000000e41dd00000) (1024K)]
  0x00000286a612ba20 JavaThread "C2 CompilerThread1"         daemon [_thread_blocked, id=28984, stack(0x000000e402300000,0x000000e402400000) (1024K)]
  0x00000286a9f14550 JavaThread "C1 CompilerThread1"         daemon [_thread_blocked, id=6640, stack(0x000000e402100000,0x000000e402200000) (1024K)]
  0x00000286a9f152f0 JavaThread "C1 CompilerThread2"         daemon [_thread_blocked, id=8124, stack(0x000000e402200000,0x000000e402300000) (1024K)]
  0x00000286b1b27cc0 JavaThread "pool-37-thread-1"                  [_thread_blocked, id=28060, stack(0x000000e409400000,0x000000e409500000) (1024K)]
  0x00000286b1b2aab0 JavaThread "pool-37-thread-2"                  [_thread_blocked, id=29284, stack(0x000000e409500000,0x000000e409600000) (1024K)]
  0x00000286b1b27630 JavaThread "pool-37-thread-3"                  [_thread_blocked, id=27984, stack(0x000000e409600000,0x000000e409700000) (1024K)]
  0x00000286b1b2a420 JavaThread "pool-37-thread-4"                  [_thread_blocked, id=29204, stack(0x000000e40ca00000,0x000000e40cb00000) (1024K)]
  0x00000286b1b29070 JavaThread "pool-37-thread-5"                  [_thread_blocked, id=4140, stack(0x000000e40eb00000,0x000000e40ec00000) (1024K)]
  0x00000286b1b2b140 JavaThread "pool-37-thread-6"                  [_thread_blocked, id=18716, stack(0x000000e40ec00000,0x000000e40ed00000) (1024K)]
  0x00000286b1b2b7d0 JavaThread "pool-37-thread-7"                  [_thread_blocked, id=24324, stack(0x000000e410500000,0x000000e410600000) (1024K)]
  0x00000286b1b289e0 JavaThread "pool-37-thread-8"                  [_thread_blocked, id=6592, stack(0x000000e410600000,0x000000e410700000) (1024K)]
  0x00000286b1b28350 JavaThread "pool-37-thread-9"                  [_thread_blocked, id=24624, stack(0x000000e410700000,0x000000e410800000) (1024K)]
  0x00000286b1b29700 JavaThread "pool-37-thread-10"                 [_thread_blocked, id=24260, stack(0x000000e410800000,0x000000e410900000) (1024K)]
  0x00000286b1b29d90 JavaThread "pool-38-thread-1"                  [_thread_blocked, id=9976, stack(0x000000e410900000,0x000000e410a00000) (1024K)]
  0x00000286b1b2be60 JavaThread "pool-37-thread-11"                 [_thread_blocked, id=17964, stack(0x000000e410a00000,0x000000e410b00000) (1024K)]
  0x00000286b1b16fb0 JavaThread "pool-37-thread-12"                 [_thread_blocked, id=12084, stack(0x000000e410b00000,0x000000e410c00000) (1024K)]
  0x00000286b1b1aac0 JavaThread "pool-38-thread-2"                  [_thread_blocked, id=13188, stack(0x000000e410c00000,0x000000e410d00000) (1024K)]
  0x00000286b1b19080 JavaThread "pool-37-thread-13"                 [_thread_blocked, id=30080, stack(0x000000e410d00000,0x000000e410e00000) (1024K)]
  0x00000286b1b17640 JavaThread "pool-38-thread-3"                  [_thread_blocked, id=10588, stack(0x000000e410e00000,0x000000e410f00000) (1024K)]
  0x00000286b1b19da0 JavaThread "pool-37-thread-14"                 [_thread_blocked, id=14856, stack(0x000000e410f00000,0x000000e411000000) (1024K)]
  0x00000286b1b1b150 JavaThread "pool-38-thread-4"                  [_thread_blocked, id=29720, stack(0x000000e411000000,0x000000e411100000) (1024K)]
  0x00000286b1b17cd0 JavaThread "pool-37-thread-15"                 [_thread_blocked, id=12772, stack(0x000000e411100000,0x000000e411200000) (1024K)]
  0x00000286b1b1ec60 JavaThread "pool-38-thread-5"                  [_thread_blocked, id=4192, stack(0x000000e411200000,0x000000e411300000) (1024K)]
  0x00000286b1b1cb90 JavaThread "pool-37-thread-16"                 [_thread_blocked, id=276, stack(0x000000e411300000,0x000000e411400000) (1024K)]
  0x00000286b1b1e5d0 JavaThread "pool-38-thread-6"                  [_thread_blocked, id=23084, stack(0x000000e411400000,0x000000e411500000) (1024K)]
  0x00000286b1b1d220 JavaThread "pool-38-thread-7"                  [_thread_blocked, id=22268, stack(0x000000e411500000,0x000000e411600000) (1024K)]
  0x00000286b1b1be70 JavaThread "pool-38-thread-8"                  [_thread_blocked, id=29508, stack(0x000000e411600000,0x000000e411700000) (1024K)]
  0x00000286b1b1d8b0 JavaThread "pool-38-thread-9"                  [_thread_blocked, id=22332, stack(0x000000e411700000,0x000000e411800000) (1024K)]
  0x00000286b1b1df40 JavaThread "pool-38-thread-10"                 [_thread_blocked, id=12412, stack(0x000000e411800000,0x000000e411900000) (1024K)]
  0x00000286b1b1b7e0 JavaThread "pool-39-thread-1"                  [_thread_blocked, id=23112, stack(0x000000e411900000,0x000000e411a00000) (1024K)]
  0x00000286b1b20010 JavaThread "pool-38-thread-11"                 [_thread_blocked, id=16844, stack(0x000000e411a00000,0x000000e411b00000) (1024K)]
  0x00000286b1b20d30 JavaThread "pool-39-thread-2"                  [_thread_blocked, id=23892, stack(0x000000e411b00000,0x000000e411c00000) (1024K)]
  0x00000286b1b0d8c0 JavaThread "pool-38-thread-12"                 [_thread_blocked, id=26032, stack(0x000000e411c00000,0x000000e411d00000) (1024K)]
  0x00000286b1b0df50 JavaThread "pool-39-thread-3"                  [_thread_blocked, id=18700, stack(0x000000e411d00000,0x000000e411e00000) (1024K)]
  0x00000286b1b0f300 JavaThread "pool-39-thread-4"                  [_thread_blocked, id=27608, stack(0x000000e411e00000,0x000000e411f00000) (1024K)]
  0x00000286b1b0cba0 JavaThread "pool-38-thread-13"                 [_thread_blocked, id=20212, stack(0x000000e411f00000,0x000000e412000000) (1024K)]
  0x00000286b1b0ec70 JavaThread "pool-39-thread-5"                  [_thread_blocked, id=18556, stack(0x000000e412200000,0x000000e412300000) (1024K)]
  0x00000286b1b10020 JavaThread "pool-38-thread-14"                 [_thread_blocked, id=15080, stack(0x000000e412300000,0x000000e412400000) (1024K)]
  0x00000286b1b0f990 JavaThread "pool-39-thread-6"                  [_thread_blocked, id=15756, stack(0x000000e412400000,0x000000e412500000) (1024K)]
  0x00000286b1b106b0 JavaThread "pool-38-thread-15"                 [_thread_blocked, id=6900, stack(0x000000e412500000,0x000000e412600000) (1024K)]
  0x00000286b1b0d230 JavaThread "pool-39-thread-7"                  [_thread_blocked, id=15864, stack(0x000000e412600000,0x000000e412700000) (1024K)]
  0x00000286b1b12780 JavaThread "pool-38-thread-16"                 [_thread_blocked, id=25408, stack(0x000000e413700000,0x000000e413800000) (1024K)]
  0x00000286b1b141c0 JavaThread "pool-39-thread-8"                  [_thread_blocked, id=26656, stack(0x000000e413800000,0x000000e413900000) (1024K)]
  0x00000286b1b12e10 JavaThread "pool-39-thread-9"                  [_thread_blocked, id=23388, stack(0x000000e413900000,0x000000e413a00000) (1024K)]
  0x00000286b1b14850 JavaThread "pool-39-thread-10"                 [_thread_blocked, id=18964, stack(0x000000e413a00000,0x000000e413b00000) (1024K)]
  0x00000286b1b134a0 JavaThread "pool-39-thread-11"                 [_thread_blocked, id=19036, stack(0x000000e413b00000,0x000000e413c00000) (1024K)]
  0x00000286b1b11a60 JavaThread "pool-39-thread-12"                 [_thread_blocked, id=7216, stack(0x000000e413c00000,0x000000e413d00000) (1024K)]
  0x00000286b1b15570 JavaThread "pool-39-thread-13"                 [_thread_blocked, id=19100, stack(0x000000e413d00000,0x000000e413e00000) (1024K)]
  0x00000286b1b120f0 JavaThread "pool-39-thread-14"                 [_thread_blocked, id=30368, stack(0x000000e413e00000,0x000000e413f00000) (1024K)]
  0x00000286b1b18360 JavaThread "pool-39-thread-15"                 [_thread_blocked, id=19700, stack(0x000000e413f00000,0x000000e414000000) (1024K)]
  0x00000286b1b15c00 JavaThread "pool-39-thread-16"                 [_thread_blocked, id=10416, stack(0x000000e414000000,0x000000e414100000) (1024K)]
Total: 346

Other Threads:
=>0x000002865e0d8df0 VMThread "VM Thread"                           [id=29220, stack(0x000000e402b00000,0x000000e402c00000) (1024K)]
  0x000002865e0c7b90 WatcherThread "VM Periodic Task Thread"        [id=29328, stack(0x000000e402a00000,0x000000e402b00000) (1024K)]
  0x000002863c1f0a50 WorkerThread "GC Thread#0"                     [id=13128, stack(0x000000e402500000,0x000000e402600000) (1024K)]
  0x00000286a663d7c0 WorkerThread "GC Thread#1"                     [id=7504, stack(0x000000e403c00000,0x000000e403d00000) (1024K)]
  0x00000286a6ca66c0 WorkerThread "GC Thread#2"                     [id=18220, stack(0x000000e403d00000,0x000000e403e00000) (1024K)]
  0x00000286a6ca6a60 WorkerThread "GC Thread#3"                     [id=12844, stack(0x000000e403e00000,0x000000e403f00000) (1024K)]
  0x00000286a6db2e60 WorkerThread "GC Thread#4"                     [id=16588, stack(0x000000e403f00000,0x000000e404000000) (1024K)]
  0x00000286a9ee2620 WorkerThread "GC Thread#5"                     [id=23204, stack(0x000000e404c00000,0x000000e404d00000) (1024K)]
  0x00000286aaf8e820 WorkerThread "GC Thread#6"                     [id=17680, stack(0x000000e404d00000,0x000000e404e00000) (1024K)]
  0x00000286abaa5690 WorkerThread "GC Thread#7"                     [id=16048, stack(0x000000e404e00000,0x000000e404f00000) (1024K)]
  0x00000286abaa68b0 WorkerThread "GC Thread#8"                     [id=27792, stack(0x000000e404f00000,0x000000e405000000) (1024K)]
  0x00000286abaa5dd0 WorkerThread "GC Thread#9"                     [id=3680, stack(0x000000e405000000,0x000000e405100000) (1024K)]
  0x00000286abaa5a30 WorkerThread "GC Thread#10"                    [id=27148, stack(0x000000e405100000,0x000000e405200000) (1024K)]
  0x00000286abaa6170 WorkerThread "GC Thread#11"                    [id=7848, stack(0x000000e405200000,0x000000e405300000) (1024K)]
  0x00000286abaa6510 WorkerThread "GC Thread#12"                    [id=6316, stack(0x000000e405300000,0x000000e405400000) (1024K)]
  0x000002865df180a0 ConcurrentGCThread "G1 Main Marker"            [id=4900, stack(0x000000e402600000,0x000000e402700000) (1024K)]
  0x000002865df19250 WorkerThread "G1 Conc#0"                       [id=23356, stack(0x000000e402700000,0x000000e402800000) (1024K)]
  0x00000286abaa6c50 WorkerThread "G1 Conc#1"                       [id=19416, stack(0x000000e405400000,0x000000e405500000) (1024K)]
  0x00000286abaa6ff0 WorkerThread "G1 Conc#2"                       [id=24496, stack(0x000000e405500000,0x000000e405600000) (1024K)]
  0x000002865df991b0 ConcurrentGCThread "G1 Refine#0"               [id=17652, stack(0x000000e402800000,0x000000e402900000) (1024K)]
  0x00000286b7e99540 ConcurrentGCThread "G1 Refine#1"               [id=27384, stack(0x000000e403500000,0x000000e403600000) (1024K)]
  0x00000286b7e95040 ConcurrentGCThread "G1 Refine#2"               [id=22072, stack(0x000000e403600000,0x000000e403700000) (1024K)]
  0x00000286b7e96180 ConcurrentGCThread "G1 Refine#3"               [id=26600, stack(0x000000e403a00000,0x000000e403b00000) (1024K)]
  0x00000286b7e99990 ConcurrentGCThread "G1 Refine#4"               [id=17396, stack(0x000000e409100000,0x000000e409200000) (1024K)]
  0x000002865df99ad0 ConcurrentGCThread "G1 Service"                [id=25676, stack(0x000000e402900000,0x000000e402a00000) (1024K)]
Total: 25

Threads with active compile tasks:
C2 CompilerThread0    72040 22973       4       org.objectweb.asm.ClassReader::readMethod (1070 bytes)
C1 CompilerThread0    72040 23521       3       java.util.zip.DeflaterOutputStream::write (88 bytes)
C2 CompilerThread1    72040 23012 %     4       org.objectweb.asm.ClassReader::readCode @ 92 (5117 bytes)
C1 CompilerThread1    72040 23518   !   2       java.util.zip.DeflaterOutputStream::close (58 bytes)
C1 CompilerThread2    72040 23519       2       jdk.nio.zipfs.ZipFileSystem::getOutputStream (151 bytes)
Total: 5

VM state: at safepoint (normal execution)

VM Mutex/Monitor currently owned by a thread:  ([mutex/lock_event])
[0x00007ffe0222de98] Threads_lock - owner thread: 0x000002865e0d8df0
[0x00007ffe0222df98] Heap_lock - owner thread: 0x000002865df180a0

Heap address: 0x0000000600000000, size: 8192 MB, Compressed Oops mode: Zero based, Oop shift amount: 3

CDS archive(s) mapped at: [0x0000028661000000-0x0000028661c90000-0x0000028661c90000), size 13172736, SharedBaseAddress: 0x0000028661000000, ArchiveRelocationMode: 1.
Compressed class space mapped at: 0x0000028662000000-0x00000286a2000000, reserved size: 1073741824
Narrow klass base: 0x0000028661000000, Narrow klass shift: 0, Narrow klass range: 0x100000000

GC Precious Log:
 CardTable entry size: 512
 Card Set container configuration: InlinePtr #cards 4 size 8 Array Of Cards #cards 32 size 80 Howl #buckets 8 coarsen threshold 7372 Howl Bitmap #cards 1024 size 144 coarsen threshold 921 Card regions per heap region 1 cards per card region 8192
 CPUs: 16 total, 16 available
 Memory: 14004M
 Large Page Support: Disabled
 NUMA Support: Disabled
 Compressed Oops: Enabled (Zero based)
 Heap Region Size: 4M
 Heap Min Capacity: 8M
 Heap Initial Capacity: 220M
 Heap Max Capacity: 8G
 Pre-touch: Disabled
 Parallel Workers: 13
 Concurrent Workers: 3
 Concurrent Refinement Workers: 13
 Periodic GC: Disabled

Heap:
 garbage-first heap   total 6119424K, used 4571136K [0x0000000600000000, 0x0000000800000000)
  region size 4096K, 210 young (860160K), 39 survivors (159744K)
 Metaspace       used 97290K, committed 100224K, reserved 1179648K
  class space    used 13309K, committed 14784K, reserved 1048576K

Heap Regions: E=young(eden), S=young(survivor), O=old, HS=humongous(starts), HC=humongous(continues), CS=collection set, F=free, TAMS=top-at-mark-start, PB=parsable bottom
|   0|0x0000000600000000, 0x0000000600400000, 0x0000000600400000|100%|HS|  |TAMS 0x0000000600400000| PB 0x0000000600000000| Complete 
|   1|0x0000000600400000, 0x0000000600800000, 0x0000000600800000|100%| O|  |TAMS 0x0000000600800000| PB 0x0000000600800000| Untracked 
|   2|0x0000000600800000, 0x0000000600c00000, 0x0000000600c00000|100%| O|  |TAMS 0x0000000600c00000| PB 0x0000000600c00000| Untracked 
|   3|0x0000000600c00000, 0x0000000601000000, 0x0000000601000000|100%| O|  |TAMS 0x0000000601000000| PB 0x0000000601000000| Untracked 
|   4|0x0000000601000000, 0x0000000601400000, 0x0000000601400000|100%| O|  |TAMS 0x0000000601400000| PB 0x0000000601400000| Untracked 
|   5|0x0000000601400000, 0x0000000601800000, 0x0000000601800000|100%| O|  |TAMS 0x0000000601800000| PB 0x0000000601800000| Untracked 
|   6|0x0000000601800000, 0x0000000601c00000, 0x0000000601c00000|100%| O|  |TAMS 0x0000000601c00000| PB 0x0000000601c00000| Untracked 
|   7|0x0000000601c00000, 0x0000000602000000, 0x0000000602000000|100%| O|  |TAMS 0x0000000602000000| PB 0x0000000602000000| Untracked 
|   8|0x0000000602000000, 0x0000000602400000, 0x0000000602400000|100%| O|  |TAMS 0x0000000602400000| PB 0x0000000602400000| Untracked 
|   9|0x0000000602400000, 0x0000000602800000, 0x0000000602800000|100%| O|  |TAMS 0x0000000602800000| PB 0x0000000602800000| Untracked 
|  10|0x0000000602800000, 0x0000000602c00000, 0x0000000602c00000|100%| O|  |TAMS 0x0000000602c00000| PB 0x0000000602c00000| Untracked 
|  11|0x0000000602c00000, 0x0000000603000000, 0x0000000603000000|100%| O|  |TAMS 0x0000000603000000| PB 0x0000000603000000| Untracked 
|  12|0x0000000603000000, 0x0000000603400000, 0x0000000603400000|100%| O|  |TAMS 0x0000000603400000| PB 0x0000000603400000| Untracked 
|  13|0x0000000603400000, 0x0000000603800000, 0x0000000603800000|100%| O|  |TAMS 0x0000000603800000| PB 0x0000000603800000| Untracked 
|  14|0x0000000603800000, 0x0000000603c00000, 0x0000000603c00000|100%| O|  |TAMS 0x0000000603c00000| PB 0x0000000603c00000| Untracked 
|  15|0x0000000603c00000, 0x0000000604000000, 0x0000000604000000|100%| O|  |TAMS 0x0000000604000000| PB 0x0000000604000000| Untracked 
|  16|0x0000000604000000, 0x0000000604400000, 0x0000000604400000|100%| O|  |TAMS 0x0000000604400000| PB 0x0000000604400000| Untracked 
|  17|0x0000000604400000, 0x0000000604800000, 0x0000000604800000|100%| O|  |TAMS 0x0000000604800000| PB 0x0000000604800000| Untracked 
|  18|0x0000000604800000, 0x0000000604c00000, 0x0000000604c00000|100%| O|  |TAMS 0x0000000604c00000| PB 0x0000000604c00000| Untracked 
|  19|0x0000000604c00000, 0x0000000605000000, 0x0000000605000000|100%| O|  |TAMS 0x0000000605000000| PB 0x0000000605000000| Untracked 
|  20|0x0000000605000000, 0x0000000605400000, 0x0000000605400000|100%| O|  |TAMS 0x0000000605400000| PB 0x0000000605400000| Untracked 
|  21|0x0000000605400000, 0x0000000605800000, 0x0000000605800000|100%| O|  |TAMS 0x0000000605800000| PB 0x0000000605800000| Untracked 
|  22|0x0000000605800000, 0x0000000605c00000, 0x0000000605c00000|100%| O|  |TAMS 0x0000000605c00000| PB 0x0000000605c00000| Updating 
|  23|0x0000000605c00000, 0x0000000606000000, 0x0000000606000000|100%| O|  |TAMS 0x0000000606000000| PB 0x0000000606000000| Untracked 
|  24|0x0000000606000000, 0x0000000606400000, 0x0000000606400000|100%| O|  |TAMS 0x0000000606400000| PB 0x0000000606400000| Untracked 
|  25|0x0000000606400000, 0x0000000606800000, 0x0000000606800000|100%| O|  |TAMS 0x0000000606800000| PB 0x0000000606800000| Updating 
|  26|0x0000000606800000, 0x0000000606c00000, 0x0000000606c00000|100%| O|  |TAMS 0x0000000606c00000| PB 0x0000000606c00000| Untracked 
|  27|0x0000000606c00000, 0x0000000607000000, 0x0000000607000000|100%| O|  |TAMS 0x0000000607000000| PB 0x0000000607000000| Untracked 
|  28|0x0000000607000000, 0x0000000607400000, 0x0000000607400000|100%| O|  |TAMS 0x0000000607400000| PB 0x0000000607400000| Updating 
|  29|0x0000000607400000, 0x0000000607800000, 0x0000000607800000|100%| O|  |TAMS 0x0000000607800000| PB 0x0000000607800000| Untracked 
|  30|0x0000000607800000, 0x0000000607c00000, 0x0000000607c00000|100%| O|  |TAMS 0x0000000607c00000| PB 0x0000000607c00000| Untracked 
|  31|0x0000000607c00000, 0x0000000608000000, 0x0000000608000000|100%| O|  |TAMS 0x0000000608000000| PB 0x0000000608000000| Untracked 
|  32|0x0000000608000000, 0x0000000608400000, 0x0000000608400000|100%| O|  |TAMS 0x0000000608400000| PB 0x0000000608400000| Untracked 
|  33|0x0000000608400000, 0x0000000608800000, 0x0000000608800000|100%| O|  |TAMS 0x0000000608800000| PB 0x0000000608800000| Untracked 
|  34|0x0000000608800000, 0x0000000608c00000, 0x0000000608c00000|100%| O|  |TAMS 0x0000000608c00000| PB 0x0000000608c00000| Updating 
|  35|0x0000000608c00000, 0x0000000609000000, 0x0000000609000000|100%| O|  |TAMS 0x0000000609000000| PB 0x0000000609000000| Updating 
|  36|0x0000000609000000, 0x0000000609400000, 0x0000000609400000|100%| O|  |TAMS 0x0000000609400000| PB 0x0000000609400000| Updating 
|  37|0x0000000609400000, 0x0000000609800000, 0x0000000609800000|100%| O|  |TAMS 0x0000000609800000| PB 0x0000000609800000| Untracked 
|  38|0x0000000609800000, 0x0000000609c00000, 0x0000000609c00000|100%| O|  |TAMS 0x0000000609c00000| PB 0x0000000609c00000| Untracked 
|  39|0x0000000609c00000, 0x000000060a000000, 0x000000060a000000|100%| O|  |TAMS 0x000000060a000000| PB 0x000000060a000000| Updating 
|  40|0x000000060a000000, 0x000000060a400000, 0x000000060a400000|100%| O|  |TAMS 0x000000060a400000| PB 0x000000060a400000| Untracked 
|  41|0x000000060a400000, 0x000000060a800000, 0x000000060a800000|100%| O|  |TAMS 0x000000060a800000| PB 0x000000060a800000| Updating 
|  42|0x000000060a800000, 0x000000060ac00000, 0x000000060ac00000|100%| O|  |TAMS 0x000000060ac00000| PB 0x000000060ac00000| Untracked 
|  43|0x000000060ac00000, 0x000000060b000000, 0x000000060b000000|100%| O|  |TAMS 0x000000060b000000| PB 0x000000060b000000| Untracked 
|  44|0x000000060b000000, 0x000000060b400000, 0x000000060b400000|100%| O|  |TAMS 0x000000060b400000| PB 0x000000060b400000| Untracked 
|  45|0x000000060b400000, 0x000000060b800000, 0x000000060b800000|100%| O|  |TAMS 0x000000060b800000| PB 0x000000060b800000| Untracked 
|  46|0x000000060b800000, 0x000000060bc00000, 0x000000060bc00000|100%| O|  |TAMS 0x000000060bc00000| PB 0x000000060bc00000| Untracked 
|  47|0x000000060bc00000, 0x000000060c000000, 0x000000060c000000|100%| O|  |TAMS 0x000000060c000000| PB 0x000000060c000000| Updating 
|  48|0x000000060c000000, 0x000000060c400000, 0x000000060c400000|100%| O|  |TAMS 0x000000060c400000| PB 0x000000060c400000| Untracked 
|  49|0x000000060c400000, 0x000000060c800000, 0x000000060c800000|100%| O|  |TAMS 0x000000060c800000| PB 0x000000060c800000| Untracked 
|  50|0x000000060c800000, 0x000000060cc00000, 0x000000060cc00000|100%| O|  |TAMS 0x000000060cc00000| PB 0x000000060cc00000| Untracked 
|  51|0x000000060cc00000, 0x000000060d000000, 0x000000060d000000|100%| O|  |TAMS 0x000000060d000000| PB 0x000000060d000000| Untracked 
|  52|0x000000060d000000, 0x000000060d400000, 0x000000060d400000|100%| O|  |TAMS 0x000000060d400000| PB 0x000000060d400000| Untracked 
|  53|0x000000060d400000, 0x000000060d800000, 0x000000060d800000|100%| O|  |TAMS 0x000000060d800000| PB 0x000000060d800000| Untracked 
|  54|0x000000060d800000, 0x000000060dc00000, 0x000000060dc00000|100%| O|  |TAMS 0x000000060dc00000| PB 0x000000060dc00000| Untracked 
|  55|0x000000060dc00000, 0x000000060e000000, 0x000000060e000000|100%| O|  |TAMS 0x000000060e000000| PB 0x000000060e000000| Untracked 
|  56|0x000000060e000000, 0x000000060e400000, 0x000000060e400000|100%| O|  |TAMS 0x000000060e400000| PB 0x000000060e400000| Untracked 
|  57|0x000000060e400000, 0x000000060e800000, 0x000000060e800000|100%| O|  |TAMS 0x000000060e800000| PB 0x000000060e800000| Untracked 
|  58|0x000000060e800000, 0x000000060ec00000, 0x000000060ec00000|100%| O|  |TAMS 0x000000060ec00000| PB 0x000000060ec00000| Untracked 
|  59|0x000000060ec00000, 0x000000060f000000, 0x000000060f000000|100%| O|  |TAMS 0x000000060f000000| PB 0x000000060f000000| Untracked 
|  60|0x000000060f000000, 0x000000060f400000, 0x000000060f400000|100%| O|  |TAMS 0x000000060f400000| PB 0x000000060f400000| Untracked 
|  61|0x000000060f400000, 0x000000060f800000, 0x000000060f800000|100%| O|  |TAMS 0x000000060f800000| PB 0x000000060f800000| Untracked 
|  62|0x000000060f800000, 0x000000060fc00000, 0x000000060fc00000|100%| O|  |TAMS 0x000000060fc00000| PB 0x000000060fc00000| Untracked 
|  63|0x000000060fc00000, 0x0000000610000000, 0x0000000610000000|100%| O|  |TAMS 0x0000000610000000| PB 0x0000000610000000| Untracked 
|  64|0x0000000610000000, 0x0000000610400000, 0x0000000610400000|100%| O|  |TAMS 0x0000000610400000| PB 0x0000000610400000| Untracked 
|  65|0x0000000610400000, 0x0000000610800000, 0x0000000610800000|100%| O|  |TAMS 0x0000000610800000| PB 0x0000000610800000| Untracked 
|  66|0x0000000610800000, 0x0000000610c00000, 0x0000000610c00000|100%| O|  |TAMS 0x0000000610c00000| PB 0x0000000610c00000| Untracked 
|  67|0x0000000610c00000, 0x0000000611000000, 0x0000000611000000|100%| O|  |TAMS 0x0000000611000000| PB 0x0000000611000000| Untracked 
|  68|0x0000000611000000, 0x0000000611400000, 0x0000000611400000|100%| O|  |TAMS 0x0000000611400000| PB 0x0000000611400000| Untracked 
|  69|0x0000000611400000, 0x0000000611800000, 0x0000000611800000|100%| O|  |TAMS 0x0000000611800000| PB 0x0000000611800000| Untracked 
|  70|0x0000000611800000, 0x0000000611c00000, 0x0000000611c00000|100%| O|  |TAMS 0x0000000611c00000| PB 0x0000000611c00000| Updating 
|  71|0x0000000611c00000, 0x0000000612000000, 0x0000000612000000|100%| O|  |TAMS 0x0000000612000000| PB 0x0000000612000000| Updating 
|  72|0x0000000612000000, 0x0000000612400000, 0x0000000612400000|100%| O|  |TAMS 0x0000000612400000| PB 0x0000000612400000| Untracked 
|  73|0x0000000612400000, 0x0000000612800000, 0x0000000612800000|100%| O|  |TAMS 0x0000000612800000| PB 0x0000000612800000| Updating 
|  74|0x0000000612800000, 0x0000000612c00000, 0x0000000612c00000|100%| O|  |TAMS 0x0000000612c00000| PB 0x0000000612c00000| Untracked 
|  75|0x0000000612c00000, 0x0000000613000000, 0x0000000613000000|100%| O|  |TAMS 0x0000000613000000| PB 0x0000000613000000| Updating 
|  76|0x0000000613000000, 0x0000000613400000, 0x0000000613400000|100%| O|  |TAMS 0x0000000613400000| PB 0x0000000613400000| Untracked 
|  77|0x0000000613400000, 0x0000000613800000, 0x0000000613800000|100%| O|  |TAMS 0x0000000613800000| PB 0x0000000613800000| Untracked 
|  78|0x0000000613800000, 0x0000000613c00000, 0x0000000613c00000|100%| O|  |TAMS 0x0000000613c00000| PB 0x0000000613c00000| Updating 
|  79|0x0000000613c00000, 0x0000000614000000, 0x0000000614000000|100%| O|  |TAMS 0x0000000614000000| PB 0x0000000614000000| Updating 
|  80|0x0000000614000000, 0x0000000614400000, 0x0000000614400000|100%| O|  |TAMS 0x0000000614400000| PB 0x0000000614400000| Untracked 
|  81|0x0000000614400000, 0x0000000614800000, 0x0000000614800000|100%| O|  |TAMS 0x0000000614800000| PB 0x0000000614800000| Untracked 
|  82|0x0000000614800000, 0x0000000614c00000, 0x0000000614c00000|100%| O|  |TAMS 0x0000000614c00000| PB 0x0000000614c00000| Updating 
|  83|0x0000000614c00000, 0x0000000615000000, 0x0000000615000000|100%|HS|  |TAMS 0x0000000615000000| PB 0x0000000614c00000| Complete 
|  84|0x0000000615000000, 0x0000000615400000, 0x0000000615400000|100%|HS|  |TAMS 0x0000000615400000| PB 0x0000000615000000| Complete 
|  85|0x0000000615400000, 0x0000000615800000, 0x0000000615800000|100%| O|  |TAMS 0x0000000615800000| PB 0x0000000615800000| Untracked 
|  86|0x0000000615800000, 0x0000000615c00000, 0x0000000615c00000|100%| O|  |TAMS 0x0000000615c00000| PB 0x0000000615c00000| Untracked 
|  87|0x0000000615c00000, 0x0000000616000000, 0x0000000616000000|100%| O|  |TAMS 0x0000000616000000| PB 0x0000000616000000| Untracked 
|  88|0x0000000616000000, 0x0000000616400000, 0x0000000616400000|100%| O|  |TAMS 0x0000000616400000| PB 0x0000000616400000| Untracked 
|  89|0x0000000616400000, 0x0000000616800000, 0x0000000616800000|100%| O|  |TAMS 0x0000000616800000| PB 0x0000000616800000| Untracked 
|  90|0x0000000616800000, 0x0000000616c00000, 0x0000000616c00000|100%| O|  |TAMS 0x0000000616c00000| PB 0x0000000616c00000| Untracked 
|  91|0x0000000616c00000, 0x0000000617000000, 0x0000000617000000|100%| O|  |TAMS 0x0000000617000000| PB 0x0000000617000000| Untracked 
|  92|0x0000000617000000, 0x0000000617400000, 0x0000000617400000|100%| O|  |TAMS 0x0000000617400000| PB 0x0000000617400000| Untracked 
|  93|0x0000000617400000, 0x0000000617800000, 0x0000000617800000|100%| O|  |TAMS 0x0000000617800000| PB 0x0000000617800000| Untracked 
|  94|0x0000000617800000, 0x0000000617c00000, 0x0000000617c00000|100%| O|  |TAMS 0x0000000617c00000| PB 0x0000000617c00000| Untracked 
|  95|0x0000000617c00000, 0x0000000618000000, 0x0000000618000000|100%| O|  |TAMS 0x0000000618000000| PB 0x0000000618000000| Untracked 
|  96|0x0000000618000000, 0x0000000618400000, 0x0000000618400000|100%| O|  |TAMS 0x0000000618400000| PB 0x0000000618400000| Untracked 
|  97|0x0000000618400000, 0x0000000618800000, 0x0000000618800000|100%| O|  |TAMS 0x0000000618800000| PB 0x0000000618800000| Untracked 
|  98|0x0000000618800000, 0x0000000618c00000, 0x0000000618c00000|100%| O|  |TAMS 0x0000000618c00000| PB 0x0000000618c00000| Untracked 
|  99|0x0000000618c00000, 0x0000000619000000, 0x0000000619000000|100%| O|  |TAMS 0x0000000619000000| PB 0x0000000619000000| Untracked 
| 100|0x0000000619000000, 0x0000000619400000, 0x0000000619400000|100%| O|  |TAMS 0x0000000619400000| PB 0x0000000619400000| Untracked 
| 101|0x0000000619400000, 0x0000000619800000, 0x0000000619800000|100%| O|  |TAMS 0x0000000619800000| PB 0x0000000619800000| Untracked 
| 102|0x0000000619800000, 0x0000000619c00000, 0x0000000619c00000|100%| O|  |TAMS 0x0000000619c00000| PB 0x0000000619c00000| Untracked 
| 103|0x0000000619c00000, 0x000000061a000000, 0x000000061a000000|100%| O|  |TAMS 0x000000061a000000| PB 0x000000061a000000| Untracked 
| 104|0x000000061a000000, 0x000000061a400000, 0x000000061a400000|100%| O|  |TAMS 0x000000061a400000| PB 0x000000061a400000| Untracked 
| 105|0x000000061a400000, 0x000000061a800000, 0x000000061a800000|100%| O|  |TAMS 0x000000061a800000| PB 0x000000061a800000| Untracked 
| 106|0x000000061a800000, 0x000000061ac00000, 0x000000061ac00000|100%| O|  |TAMS 0x000000061ac00000| PB 0x000000061ac00000| Untracked 
| 107|0x000000061ac00000, 0x000000061b000000, 0x000000061b000000|100%| O|  |TAMS 0x000000061b000000| PB 0x000000061b000000| Untracked 
| 108|0x000000061b000000, 0x000000061b400000, 0x000000061b400000|100%| O|  |TAMS 0x000000061b400000| PB 0x000000061b400000| Untracked 
| 109|0x000000061b400000, 0x000000061b800000, 0x000000061b800000|100%| O|  |TAMS 0x000000061b800000| PB 0x000000061b800000| Untracked 
| 110|0x000000061b800000, 0x000000061bc00000, 0x000000061bc00000|100%| O|  |TAMS 0x000000061bc00000| PB 0x000000061bc00000| Untracked 
| 111|0x000000061bc00000, 0x000000061c000000, 0x000000061c000000|100%| O|  |TAMS 0x000000061c000000| PB 0x000000061c000000| Untracked 
| 112|0x000000061c000000, 0x000000061c400000, 0x000000061c400000|100%| O|  |TAMS 0x000000061c400000| PB 0x000000061c400000| Untracked 
| 113|0x000000061c400000, 0x000000061c800000, 0x000000061c800000|100%| O|  |TAMS 0x000000061c800000| PB 0x000000061c800000| Untracked 
| 114|0x000000061c800000, 0x000000061cc00000, 0x000000061cc00000|100%| O|  |TAMS 0x000000061cc00000| PB 0x000000061cc00000| Untracked 
| 115|0x000000061cc00000, 0x000000061d000000, 0x000000061d000000|100%| O|  |TAMS 0x000000061d000000| PB 0x000000061d000000| Untracked 
| 116|0x000000061d000000, 0x000000061d400000, 0x000000061d400000|100%| O|  |TAMS 0x000000061d400000| PB 0x000000061d400000| Untracked 
| 117|0x000000061d400000, 0x000000061d800000, 0x000000061d800000|100%| O|  |TAMS 0x000000061d800000| PB 0x000000061d800000| Untracked 
| 118|0x000000061d800000, 0x000000061dc00000, 0x000000061dc00000|100%| O|  |TAMS 0x000000061dc00000| PB 0x000000061dc00000| Untracked 
| 119|0x000000061dc00000, 0x000000061e000000, 0x000000061e000000|100%| O|  |TAMS 0x000000061e000000| PB 0x000000061e000000| Untracked 
| 120|0x000000061e000000, 0x000000061e400000, 0x000000061e400000|100%| O|  |TAMS 0x000000061e400000| PB 0x000000061e400000| Untracked 
| 121|0x000000061e400000, 0x000000061e800000, 0x000000061e800000|100%| O|  |TAMS 0x000000061e800000| PB 0x000000061e800000| Untracked 
| 122|0x000000061e800000, 0x000000061ec00000, 0x000000061ec00000|100%| O|  |TAMS 0x000000061ec00000| PB 0x000000061ec00000| Untracked 
| 123|0x000000061ec00000, 0x000000061f000000, 0x000000061f000000|100%| O|  |TAMS 0x000000061f000000| PB 0x000000061f000000| Untracked 
| 124|0x000000061f000000, 0x000000061f400000, 0x000000061f400000|100%| O|  |TAMS 0x000000061f400000| PB 0x000000061f400000| Untracked 
| 125|0x000000061f400000, 0x000000061f800000, 0x000000061f800000|100%| O|  |TAMS 0x000000061f800000| PB 0x000000061f800000| Untracked 
| 126|0x000000061f800000, 0x000000061fc00000, 0x000000061fc00000|100%| O|  |TAMS 0x000000061fc00000| PB 0x000000061fc00000| Untracked 
| 127|0x000000061fc00000, 0x0000000620000000, 0x0000000620000000|100%| O|  |TAMS 0x0000000620000000| PB 0x0000000620000000| Untracked 
| 128|0x0000000620000000, 0x0000000620400000, 0x0000000620400000|100%| O|  |TAMS 0x0000000620400000| PB 0x0000000620400000| Untracked 
| 129|0x0000000620400000, 0x0000000620800000, 0x0000000620800000|100%| O|  |TAMS 0x0000000620800000| PB 0x0000000620800000| Untracked 
| 130|0x0000000620800000, 0x0000000620c00000, 0x0000000620c00000|100%| O|  |TAMS 0x0000000620c00000| PB 0x0000000620c00000| Untracked 
| 131|0x0000000620c00000, 0x0000000621000000, 0x0000000621000000|100%| O|  |TAMS 0x0000000621000000| PB 0x0000000621000000| Untracked 
| 132|0x0000000621000000, 0x0000000621400000, 0x0000000621400000|100%| O|  |TAMS 0x0000000621400000| PB 0x0000000621400000| Untracked 
| 133|0x0000000621400000, 0x0000000621800000, 0x0000000621800000|100%| O|  |TAMS 0x0000000621800000| PB 0x0000000621800000| Untracked 
| 134|0x0000000621800000, 0x0000000621c00000, 0x0000000621c00000|100%| O|  |TAMS 0x0000000621c00000| PB 0x0000000621c00000| Updating 
| 135|0x0000000621c00000, 0x0000000622000000, 0x0000000622000000|100%| O|  |TAMS 0x0000000622000000| PB 0x0000000622000000| Untracked 
| 136|0x0000000622000000, 0x0000000622400000, 0x0000000622400000|100%| O|  |TAMS 0x0000000622400000| PB 0x0000000622400000| Updating 
| 137|0x0000000622400000, 0x0000000622800000, 0x0000000622800000|100%| O|  |TAMS 0x0000000622800000| PB 0x0000000622800000| Updating 
| 138|0x0000000622800000, 0x0000000622c00000, 0x0000000622c00000|100%| O|  |TAMS 0x0000000622c00000| PB 0x0000000622c00000| Updating 
| 139|0x0000000622c00000, 0x0000000623000000, 0x0000000623000000|100%| O|  |TAMS 0x0000000623000000| PB 0x0000000623000000| Updating 
| 140|0x0000000623000000, 0x0000000623400000, 0x0000000623400000|100%| O|  |TAMS 0x0000000623400000| PB 0x0000000623400000| Updating 
| 141|0x0000000623400000, 0x0000000623800000, 0x0000000623800000|100%| O|  |TAMS 0x0000000623800000| PB 0x0000000623800000| Untracked 
| 142|0x0000000623800000, 0x0000000623c00000, 0x0000000623c00000|100%| O|  |TAMS 0x0000000623c00000| PB 0x0000000623c00000| Untracked 
| 143|0x0000000623c00000, 0x0000000624000000, 0x0000000624000000|100%| O|  |TAMS 0x0000000624000000| PB 0x0000000624000000| Untracked 
| 144|0x0000000624000000, 0x0000000624400000, 0x0000000624400000|100%| O|  |TAMS 0x0000000624400000| PB 0x0000000624400000| Untracked 
| 145|0x0000000624400000, 0x0000000624800000, 0x0000000624800000|100%| O|  |TAMS 0x0000000624800000| PB 0x0000000624800000| Untracked 
| 146|0x0000000624800000, 0x0000000624c00000, 0x0000000624c00000|100%| O|  |TAMS 0x0000000624c00000| PB 0x0000000624c00000| Untracked 
| 147|0x0000000624c00000, 0x0000000625000000, 0x0000000625000000|100%| O|  |TAMS 0x0000000625000000| PB 0x0000000625000000| Untracked 
| 148|0x0000000625000000, 0x0000000625400000, 0x0000000625400000|100%| O|  |TAMS 0x0000000625400000| PB 0x0000000625400000| Updating 
| 149|0x0000000625400000, 0x0000000625800000, 0x0000000625800000|100%| O|  |TAMS 0x0000000625800000| PB 0x0000000625800000| Untracked 
| 150|0x0000000625800000, 0x0000000625c00000, 0x0000000625c00000|100%| O|  |TAMS 0x0000000625c00000| PB 0x0000000625c00000| Untracked 
| 151|0x0000000625c00000, 0x0000000626000000, 0x0000000626000000|100%| O|  |TAMS 0x0000000626000000| PB 0x0000000626000000| Updating 
| 152|0x0000000626000000, 0x0000000626400000, 0x0000000626400000|100%| O|  |TAMS 0x0000000626400000| PB 0x0000000626400000| Untracked 
| 153|0x0000000626400000, 0x0000000626800000, 0x0000000626800000|100%| O|  |TAMS 0x0000000626800000| PB 0x0000000626800000| Untracked 
| 154|0x0000000626800000, 0x0000000626c00000, 0x0000000626c00000|100%| O|  |TAMS 0x0000000626c00000| PB 0x0000000626c00000| Untracked 
| 155|0x0000000626c00000, 0x0000000627000000, 0x0000000627000000|100%| O|  |TAMS 0x0000000627000000| PB 0x0000000627000000| Untracked 
| 156|0x0000000627000000, 0x0000000627400000, 0x0000000627400000|100%| O|  |TAMS 0x0000000627400000| PB 0x0000000627400000| Untracked 
| 157|0x0000000627400000, 0x0000000627800000, 0x0000000627800000|100%| O|  |TAMS 0x0000000627800000| PB 0x0000000627800000| Untracked 
| 158|0x0000000627800000, 0x0000000627c00000, 0x0000000627c00000|100%| O|  |TAMS 0x0000000627c00000| PB 0x0000000627c00000| Untracked 
| 159|0x0000000627c00000, 0x0000000628000000, 0x0000000628000000|100%| O|  |TAMS 0x0000000628000000| PB 0x0000000628000000| Updating 
| 160|0x0000000628000000, 0x0000000628400000, 0x0000000628400000|100%| O|  |TAMS 0x0000000628400000| PB 0x0000000628400000| Updating 
| 161|0x0000000628400000, 0x0000000628800000, 0x0000000628800000|100%| O|  |TAMS 0x0000000628800000| PB 0x0000000628800000| Updating 
| 162|0x0000000628800000, 0x0000000628c00000, 0x0000000628c00000|100%| O|  |TAMS 0x0000000628c00000| PB 0x0000000628c00000| Untracked 
| 163|0x0000000628c00000, 0x0000000629000000, 0x0000000629000000|100%| O|  |TAMS 0x0000000629000000| PB 0x0000000629000000| Updating 
| 164|0x0000000629000000, 0x0000000629400000, 0x0000000629400000|100%| O|  |TAMS 0x0000000629400000| PB 0x0000000629400000| Untracked 
| 165|0x0000000629400000, 0x0000000629800000, 0x0000000629800000|100%| O|  |TAMS 0x0000000629800000| PB 0x0000000629800000| Untracked 
| 166|0x0000000629800000, 0x0000000629c00000, 0x0000000629c00000|100%| O|  |TAMS 0x0000000629c00000| PB 0x0000000629c00000| Untracked 
| 167|0x0000000629c00000, 0x000000062a000000, 0x000000062a000000|100%| O|  |TAMS 0x000000062a000000| PB 0x000000062a000000| Untracked 
| 168|0x000000062a000000, 0x000000062a400000, 0x000000062a400000|100%| O|  |TAMS 0x000000062a400000| PB 0x000000062a400000| Untracked 
| 169|0x000000062a400000, 0x000000062a800000, 0x000000062a800000|100%| O|  |TAMS 0x000000062a800000| PB 0x000000062a800000| Untracked 
| 170|0x000000062a800000, 0x000000062ac00000, 0x000000062ac00000|100%| O|  |TAMS 0x000000062ac00000| PB 0x000000062ac00000| Untracked 
| 171|0x000000062ac00000, 0x000000062b000000, 0x000000062b000000|100%| O|  |TAMS 0x000000062b000000| PB 0x000000062b000000| Untracked 
| 172|0x000000062b000000, 0x000000062b400000, 0x000000062b400000|100%| O|  |TAMS 0x000000062b400000| PB 0x000000062b400000| Untracked 
| 173|0x000000062b400000, 0x000000062b800000, 0x000000062b800000|100%| O|  |TAMS 0x000000062b800000| PB 0x000000062b800000| Untracked 
| 174|0x000000062b800000, 0x000000062bc00000, 0x000000062bc00000|100%| O|  |TAMS 0x000000062bc00000| PB 0x000000062bc00000| Untracked 
| 175|0x000000062bc00000, 0x000000062c000000, 0x000000062c000000|100%| O|  |TAMS 0x000000062c000000| PB 0x000000062c000000| Untracked 
| 176|0x000000062c000000, 0x000000062c400000, 0x000000062c400000|100%| O|  |TAMS 0x000000062c400000| PB 0x000000062c400000| Untracked 
| 177|0x000000062c400000, 0x000000062c800000, 0x000000062c800000|100%| O|  |TAMS 0x000000062c800000| PB 0x000000062c800000| Untracked 
| 178|0x000000062c800000, 0x000000062cc00000, 0x000000062cc00000|100%| O|  |TAMS 0x000000062cc00000| PB 0x000000062cc00000| Untracked 
| 179|0x000000062cc00000, 0x000000062d000000, 0x000000062d000000|100%| O|  |TAMS 0x000000062cc00000| PB 0x000000062cc00000| Untracked 
| 180|0x000000062d000000, 0x000000062d400000, 0x000000062d400000|100%| O|  |TAMS 0x000000062d400000| PB 0x000000062d400000| Updating 
| 181|0x000000062d400000, 0x000000062d800000, 0x000000062d800000|100%| O|  |TAMS 0x000000062d800000| PB 0x000000062d800000| Updating 
| 182|0x000000062d800000, 0x000000062dc00000, 0x000000062dc00000|100%| O|  |TAMS 0x000000062dc00000| PB 0x000000062dc00000| Untracked 
| 183|0x000000062dc00000, 0x000000062e000000, 0x000000062e000000|100%| O|  |TAMS 0x000000062e000000| PB 0x000000062e000000| Updating 
| 184|0x000000062e000000, 0x000000062e400000, 0x000000062e400000|100%| O|  |TAMS 0x000000062e400000| PB 0x000000062e400000| Untracked 
| 185|0x000000062e400000, 0x000000062e800000, 0x000000062e800000|100%| O|  |TAMS 0x000000062e800000| PB 0x000000062e800000| Untracked 
| 186|0x000000062e800000, 0x000000062ec00000, 0x000000062ec00000|100%| O|  |TAMS 0x000000062ec00000| PB 0x000000062ec00000| Updating 
| 187|0x000000062ec00000, 0x000000062f000000, 0x000000062f000000|100%| O|  |TAMS 0x000000062f000000| PB 0x000000062f000000| Updating 
| 188|0x000000062f000000, 0x000000062f400000, 0x000000062f400000|100%| O|  |TAMS 0x000000062f400000| PB 0x000000062f400000| Untracked 
| 189|0x000000062f400000, 0x000000062f800000, 0x000000062f800000|100%| O|  |TAMS 0x000000062f800000| PB 0x000000062f800000| Updating 
| 190|0x000000062f800000, 0x000000062fc00000, 0x000000062fc00000|100%|HS|  |TAMS 0x000000062fc00000| PB 0x000000062f800000| Complete 
| 191|0x000000062fc00000, 0x0000000630000000, 0x0000000630000000|100%| O|  |TAMS 0x0000000630000000| PB 0x0000000630000000| Untracked 
| 192|0x0000000630000000, 0x0000000630400000, 0x0000000630400000|100%| O|  |TAMS 0x0000000630400000| PB 0x0000000630400000| Untracked 
| 193|0x0000000630400000, 0x0000000630800000, 0x0000000630800000|100%| O|  |TAMS 0x0000000630800000| PB 0x0000000630800000| Untracked 
| 194|0x0000000630800000, 0x0000000630c00000, 0x0000000630c00000|100%| O|  |TAMS 0x0000000630c00000| PB 0x0000000630c00000| Untracked 
| 195|0x0000000630c00000, 0x0000000631000000, 0x0000000631000000|100%| O|  |TAMS 0x0000000631000000| PB 0x0000000631000000| Untracked 
| 196|0x0000000631000000, 0x0000000631400000, 0x0000000631400000|100%| O|  |TAMS 0x0000000631400000| PB 0x0000000631400000| Untracked 
| 197|0x0000000631400000, 0x0000000631800000, 0x0000000631800000|100%| O|  |TAMS 0x0000000631800000| PB 0x0000000631800000| Untracked 
| 198|0x0000000631800000, 0x0000000631c00000, 0x0000000631c00000|100%| O|  |TAMS 0x0000000631c00000| PB 0x0000000631c00000| Untracked 
| 199|0x0000000631c00000, 0x0000000632000000, 0x0000000632000000|100%| O|  |TAMS 0x0000000632000000| PB 0x0000000632000000| Untracked 
| 200|0x0000000632000000, 0x0000000632400000, 0x0000000632400000|100%| O|  |TAMS 0x0000000632400000| PB 0x0000000632400000| Untracked 
| 201|0x0000000632400000, 0x0000000632800000, 0x0000000632800000|100%| O|  |TAMS 0x0000000632800000| PB 0x0000000632800000| Untracked 
| 202|0x0000000632800000, 0x0000000632c00000, 0x0000000632c00000|100%| O|  |TAMS 0x0000000632c00000| PB 0x0000000632c00000| Untracked 
| 203|0x0000000632c00000, 0x0000000633000000, 0x0000000633000000|100%| O|  |TAMS 0x0000000633000000| PB 0x0000000633000000| Untracked 
| 204|0x0000000633000000, 0x0000000633400000, 0x0000000633400000|100%| O|  |TAMS 0x0000000633400000| PB 0x0000000633400000| Untracked 
| 205|0x0000000633400000, 0x0000000633800000, 0x0000000633800000|100%| O|  |TAMS 0x0000000633800000| PB 0x0000000633800000| Updating 
| 206|0x0000000633800000, 0x0000000633c00000, 0x0000000633c00000|100%| O|  |TAMS 0x0000000633800000| PB 0x0000000633800000| Untracked 
| 207|0x0000000633c00000, 0x0000000634000000, 0x0000000634000000|100%| O|  |TAMS 0x0000000634000000| PB 0x0000000634000000| Untracked 
| 208|0x0000000634000000, 0x0000000634400000, 0x0000000634400000|100%| O|  |TAMS 0x0000000634400000| PB 0x0000000634400000| Untracked 
| 209|0x0000000634400000, 0x0000000634800000, 0x0000000634800000|100%| O|  |TAMS 0x0000000634800000| PB 0x0000000634800000| Untracked 
| 210|0x0000000634800000, 0x0000000634c00000, 0x0000000634c00000|100%| O|  |TAMS 0x0000000634c00000| PB 0x0000000634c00000| Updating 
| 211|0x0000000634c00000, 0x0000000635000000, 0x0000000635000000|100%| O|  |TAMS 0x0000000635000000| PB 0x0000000635000000| Untracked 
| 212|0x0000000635000000, 0x0000000635400000, 0x0000000635400000|100%| O|  |TAMS 0x0000000635400000| PB 0x0000000635400000| Updating 
| 213|0x0000000635400000, 0x0000000635800000, 0x0000000635800000|100%| O|  |TAMS 0x0000000635800000| PB 0x0000000635800000| Untracked 
| 214|0x0000000635800000, 0x0000000635c00000, 0x0000000635c00000|100%| O|  |TAMS 0x0000000635c00000| PB 0x0000000635c00000| Updating 
| 215|0x0000000635c00000, 0x0000000636000000, 0x0000000636000000|100%| O|  |TAMS 0x0000000636000000| PB 0x0000000636000000| Untracked 
| 216|0x0000000636000000, 0x0000000636400000, 0x0000000636400000|100%| O|  |TAMS 0x0000000636400000| PB 0x0000000636400000| Untracked 
| 217|0x0000000636400000, 0x0000000636800000, 0x0000000636800000|100%| O|  |TAMS 0x0000000636800000| PB 0x0000000636800000| Untracked 
| 218|0x0000000636800000, 0x0000000636c00000, 0x0000000636c00000|100%| O|  |TAMS 0x0000000636c00000| PB 0x0000000636c00000| Untracked 
| 219|0x0000000636c00000, 0x0000000637000000, 0x0000000637000000|100%| O|  |TAMS 0x0000000637000000| PB 0x0000000637000000| Untracked 
| 220|0x0000000637000000, 0x0000000637400000, 0x0000000637400000|100%| O|  |TAMS 0x0000000637400000| PB 0x0000000637400000| Untracked 
| 221|0x0000000637400000, 0x0000000637800000, 0x0000000637800000|100%| O|  |TAMS 0x0000000637800000| PB 0x0000000637800000| Updating 
| 222|0x0000000637800000, 0x0000000637c00000, 0x0000000637c00000|100%| O|  |TAMS 0x0000000637c00000| PB 0x0000000637c00000| Untracked 
| 223|0x0000000637c00000, 0x0000000638000000, 0x0000000638000000|100%| O|  |TAMS 0x0000000638000000| PB 0x0000000638000000| Updating 
| 224|0x0000000638000000, 0x0000000638400000, 0x0000000638400000|100%|HS|  |TAMS 0x0000000638400000| PB 0x0000000638000000| Complete 
| 225|0x0000000638400000, 0x0000000638800000, 0x0000000638800000|100%|HS|  |TAMS 0x0000000638800000| PB 0x0000000638400000| Complete 
| 226|0x0000000638800000, 0x0000000638c00000, 0x0000000638c00000|100%|HS|  |TAMS 0x0000000638c00000| PB 0x0000000638800000| Complete 
| 227|0x0000000638c00000, 0x0000000639000000, 0x0000000639000000|100%|HS|  |TAMS 0x0000000639000000| PB 0x0000000638c00000| Complete 
| 228|0x0000000639000000, 0x0000000639400000, 0x0000000639400000|100%| O|  |TAMS 0x0000000639400000| PB 0x0000000639400000| Updating 
| 229|0x0000000639400000, 0x0000000639800000, 0x0000000639800000|100%| O|  |TAMS 0x0000000639800000| PB 0x0000000639800000| Untracked 
| 230|0x0000000639800000, 0x0000000639c00000, 0x0000000639c00000|100%| O|  |TAMS 0x0000000639c00000| PB 0x0000000639c00000| Untracked 
| 231|0x0000000639c00000, 0x000000063a000000, 0x000000063a000000|100%| O|  |TAMS 0x000000063a000000| PB 0x000000063a000000| Untracked 
| 232|0x000000063a000000, 0x000000063a400000, 0x000000063a400000|100%| O|  |TAMS 0x000000063a400000| PB 0x000000063a400000| Untracked 
| 233|0x000000063a400000, 0x000000063a800000, 0x000000063a800000|100%| O|  |TAMS 0x000000063a800000| PB 0x000000063a800000| Untracked 
| 234|0x000000063a800000, 0x000000063ac00000, 0x000000063ac00000|100%| O|  |TAMS 0x000000063ac00000| PB 0x000000063ac00000| Updating 
| 235|0x000000063ac00000, 0x000000063b000000, 0x000000063b000000|100%| O|  |TAMS 0x000000063b000000| PB 0x000000063b000000| Updating 
| 236|0x000000063b000000, 0x000000063b400000, 0x000000063b400000|100%| O|  |TAMS 0x000000063b400000| PB 0x000000063b400000| Untracked 
| 237|0x000000063b400000, 0x000000063b800000, 0x000000063b800000|100%|HS|  |TAMS 0x000000063b800000| PB 0x000000063b400000| Complete 
| 238|0x000000063b800000, 0x000000063bc00000, 0x000000063bc00000|100%| O|  |TAMS 0x000000063bc00000| PB 0x000000063bc00000| Untracked 
| 239|0x000000063bc00000, 0x000000063c000000, 0x000000063c000000|100%| O|  |TAMS 0x000000063c000000| PB 0x000000063c000000| Untracked 
| 240|0x000000063c000000, 0x000000063c400000, 0x000000063c400000|100%| O|  |TAMS 0x000000063c400000| PB 0x000000063c400000| Untracked 
| 241|0x000000063c400000, 0x000000063c800000, 0x000000063c800000|100%| O|  |TAMS 0x000000063c800000| PB 0x000000063c800000| Untracked 
| 242|0x000000063c800000, 0x000000063cc00000, 0x000000063cc00000|100%| O|  |TAMS 0x000000063cc00000| PB 0x000000063cc00000| Untracked 
| 243|0x000000063cc00000, 0x000000063d000000, 0x000000063d000000|100%| O|  |TAMS 0x000000063d000000| PB 0x000000063d000000| Untracked 
| 244|0x000000063d000000, 0x000000063d400000, 0x000000063d400000|100%| O|  |TAMS 0x000000063d400000| PB 0x000000063d400000| Untracked 
| 245|0x000000063d400000, 0x000000063d800000, 0x000000063d800000|100%| O|  |TAMS 0x000000063d800000| PB 0x000000063d800000| Untracked 
| 246|0x000000063d800000, 0x000000063dc00000, 0x000000063dc00000|100%| O|  |TAMS 0x000000063dc00000| PB 0x000000063dc00000| Untracked 
| 247|0x000000063dc00000, 0x000000063e000000, 0x000000063e000000|100%| O|  |TAMS 0x000000063e000000| PB 0x000000063e000000| Untracked 
| 248|0x000000063e000000, 0x000000063e400000, 0x000000063e400000|100%| O|  |TAMS 0x000000063e400000| PB 0x000000063e400000| Untracked 
| 249|0x000000063e400000, 0x000000063e800000, 0x000000063e800000|100%| O|  |TAMS 0x000000063e800000| PB 0x000000063e800000| Untracked 
| 250|0x000000063e800000, 0x000000063ec00000, 0x000000063ec00000|100%| O|  |TAMS 0x000000063ec00000| PB 0x000000063ec00000| Updating 
| 251|0x000000063ec00000, 0x000000063f000000, 0x000000063f000000|100%| O|  |TAMS 0x000000063f000000| PB 0x000000063f000000| Untracked 
| 252|0x000000063f000000, 0x000000063f400000, 0x000000063f400000|100%| O|  |TAMS 0x000000063f400000| PB 0x000000063f400000| Updating 
| 253|0x000000063f400000, 0x000000063f800000, 0x000000063f800000|100%| O|  |TAMS 0x000000063f800000| PB 0x000000063f800000| Updating 
| 254|0x000000063f800000, 0x000000063fc00000, 0x000000063fc00000|100%| O|  |TAMS 0x000000063fc00000| PB 0x000000063fc00000| Untracked 
| 255|0x000000063fc00000, 0x0000000640000000, 0x0000000640000000|100%| O|  |TAMS 0x0000000640000000| PB 0x0000000640000000| Untracked 
| 256|0x0000000640000000, 0x0000000640400000, 0x0000000640400000|100%| O|  |TAMS 0x0000000640400000| PB 0x0000000640400000| Untracked 
| 257|0x0000000640400000, 0x0000000640800000, 0x0000000640800000|100%| O|  |TAMS 0x0000000640800000| PB 0x0000000640800000| Updating 
| 258|0x0000000640800000, 0x0000000640c00000, 0x0000000640c00000|100%| O|  |TAMS 0x0000000640c00000| PB 0x0000000640c00000| Updating 
| 259|0x0000000640c00000, 0x0000000641000000, 0x0000000641000000|100%| O|  |TAMS 0x0000000641000000| PB 0x0000000641000000| Updating 
| 260|0x0000000641000000, 0x0000000641400000, 0x0000000641400000|100%| O|  |TAMS 0x0000000641400000| PB 0x0000000641400000| Updating 
| 261|0x0000000641400000, 0x0000000641800000, 0x0000000641800000|100%| O|  |TAMS 0x0000000641800000| PB 0x0000000641800000| Untracked 
| 262|0x0000000641800000, 0x0000000641c00000, 0x0000000641c00000|100%| O|  |TAMS 0x0000000641c00000| PB 0x0000000641c00000| Untracked 
| 263|0x0000000641c00000, 0x0000000642000000, 0x0000000642000000|100%| O|  |TAMS 0x0000000642000000| PB 0x0000000642000000| Updating 
| 264|0x0000000642000000, 0x0000000642400000, 0x0000000642400000|100%| O|  |TAMS 0x0000000642400000| PB 0x0000000642400000| Updating 
| 265|0x0000000642400000, 0x0000000642800000, 0x0000000642800000|100%| O|  |TAMS 0x0000000642800000| PB 0x0000000642800000| Updating 
| 266|0x0000000642800000, 0x0000000642c00000, 0x0000000642c00000|100%| O|  |TAMS 0x0000000642c00000| PB 0x0000000642c00000| Updating 
| 267|0x0000000642c00000, 0x0000000643000000, 0x0000000643000000|100%| O|  |TAMS 0x0000000643000000| PB 0x0000000643000000| Updating 
| 268|0x0000000643000000, 0x0000000643400000, 0x0000000643400000|100%| O|  |TAMS 0x0000000643400000| PB 0x0000000643400000| Updating 
| 269|0x0000000643400000, 0x0000000643800000, 0x0000000643800000|100%| O|  |TAMS 0x0000000643800000| PB 0x0000000643800000| Updating 
| 270|0x0000000643800000, 0x0000000643c00000, 0x0000000643c00000|100%| O|  |TAMS 0x0000000643c00000| PB 0x0000000643c00000| Updating 
| 271|0x0000000643c00000, 0x0000000644000000, 0x0000000644000000|100%| O|  |TAMS 0x0000000644000000| PB 0x0000000644000000| Untracked 
| 272|0x0000000644000000, 0x0000000644400000, 0x0000000644400000|100%| O|  |TAMS 0x0000000644400000| PB 0x0000000644400000| Untracked 
| 273|0x0000000644400000, 0x0000000644800000, 0x0000000644800000|100%| O|  |TAMS 0x0000000644800000| PB 0x0000000644800000| Untracked 
| 274|0x0000000644800000, 0x0000000644c00000, 0x0000000644c00000|100%| O|  |TAMS 0x0000000644c00000| PB 0x0000000644c00000| Untracked 
| 275|0x0000000644c00000, 0x0000000645000000, 0x0000000645000000|100%| O|  |TAMS 0x0000000645000000| PB 0x0000000645000000| Untracked 
| 276|0x0000000645000000, 0x0000000645400000, 0x0000000645400000|100%| O|  |TAMS 0x0000000645400000| PB 0x0000000645400000| Untracked 
| 277|0x0000000645400000, 0x0000000645800000, 0x0000000645800000|100%| O|  |TAMS 0x0000000645800000| PB 0x0000000645800000| Untracked 
| 278|0x0000000645800000, 0x0000000645c00000, 0x0000000645c00000|100%| O|  |TAMS 0x0000000645c00000| PB 0x0000000645c00000| Untracked 
| 279|0x0000000645c00000, 0x0000000646000000, 0x0000000646000000|100%| O|  |TAMS 0x0000000646000000| PB 0x0000000646000000| Untracked 
| 280|0x0000000646000000, 0x0000000646400000, 0x0000000646400000|100%| O|  |TAMS 0x0000000646400000| PB 0x0000000646400000| Untracked 
| 281|0x0000000646400000, 0x0000000646800000, 0x0000000646800000|100%| O|  |TAMS 0x0000000646800000| PB 0x0000000646800000| Untracked 
| 282|0x0000000646800000, 0x0000000646c00000, 0x0000000646c00000|100%| O|  |TAMS 0x0000000646c00000| PB 0x0000000646c00000| Untracked 
| 283|0x0000000646c00000, 0x0000000647000000, 0x0000000647000000|100%| O|  |TAMS 0x0000000647000000| PB 0x0000000647000000| Untracked 
| 284|0x0000000647000000, 0x0000000647400000, 0x0000000647400000|100%| O|  |TAMS 0x0000000647400000| PB 0x0000000647400000| Untracked 
| 285|0x0000000647400000, 0x0000000647800000, 0x0000000647800000|100%| O|  |TAMS 0x0000000647800000| PB 0x0000000647800000| Untracked 
| 286|0x0000000647800000, 0x0000000647c00000, 0x0000000647c00000|100%| O|  |TAMS 0x0000000647c00000| PB 0x0000000647c00000| Untracked 
| 287|0x0000000647c00000, 0x0000000648000000, 0x0000000648000000|100%| O|  |TAMS 0x0000000648000000| PB 0x0000000648000000| Untracked 
| 288|0x0000000648000000, 0x0000000648400000, 0x0000000648400000|100%| O|  |TAMS 0x0000000648400000| PB 0x0000000648400000| Untracked 
| 289|0x0000000648400000, 0x0000000648800000, 0x0000000648800000|100%| O|  |TAMS 0x0000000648800000| PB 0x0000000648800000| Untracked 
| 290|0x0000000648800000, 0x0000000648c00000, 0x0000000648c00000|100%| O|  |TAMS 0x0000000648c00000| PB 0x0000000648c00000| Untracked 
| 291|0x0000000648c00000, 0x0000000649000000, 0x0000000649000000|100%| O|  |TAMS 0x0000000649000000| PB 0x0000000649000000| Untracked 
| 292|0x0000000649000000, 0x0000000649400000, 0x0000000649400000|100%| O|  |TAMS 0x0000000649400000| PB 0x0000000649400000| Untracked 
| 293|0x0000000649400000, 0x0000000649800000, 0x0000000649800000|100%| O|  |TAMS 0x0000000649800000| PB 0x0000000649800000| Untracked 
| 294|0x0000000649800000, 0x0000000649c00000, 0x0000000649c00000|100%| O|  |TAMS 0x0000000649c00000| PB 0x0000000649c00000| Untracked 
| 295|0x0000000649c00000, 0x000000064a000000, 0x000000064a000000|100%| O|  |TAMS 0x000000064a000000| PB 0x000000064a000000| Untracked 
| 296|0x000000064a000000, 0x000000064a400000, 0x000000064a400000|100%| O|  |TAMS 0x000000064a400000| PB 0x000000064a400000| Untracked 
| 297|0x000000064a400000, 0x000000064a800000, 0x000000064a800000|100%| O|  |TAMS 0x000000064a800000| PB 0x000000064a800000| Untracked 
| 298|0x000000064a800000, 0x000000064ac00000, 0x000000064ac00000|100%| O|  |TAMS 0x000000064ac00000| PB 0x000000064ac00000| Untracked 
| 299|0x000000064ac00000, 0x000000064b000000, 0x000000064b000000|100%| O|  |TAMS 0x000000064b000000| PB 0x000000064b000000| Untracked 
| 300|0x000000064b000000, 0x000000064b400000, 0x000000064b400000|100%| O|  |TAMS 0x000000064b400000| PB 0x000000064b400000| Untracked 
| 301|0x000000064b400000, 0x000000064b800000, 0x000000064b800000|100%| O|  |TAMS 0x000000064b800000| PB 0x000000064b800000| Updating 
| 302|0x000000064b800000, 0x000000064bc00000, 0x000000064bc00000|100%| O|  |TAMS 0x000000064bc00000| PB 0x000000064bc00000| Updating 
| 303|0x000000064bc00000, 0x000000064c000000, 0x000000064c000000|100%| O|  |TAMS 0x000000064c000000| PB 0x000000064c000000| Updating 
| 304|0x000000064c000000, 0x000000064c400000, 0x000000064c400000|100%| O|  |TAMS 0x000000064c000000| PB 0x000000064c000000| Untracked 
| 305|0x000000064c400000, 0x000000064c800000, 0x000000064c800000|100%| O|  |TAMS 0x000000064c400000| PB 0x000000064c400000| Untracked 
| 306|0x000000064c800000, 0x000000064cc00000, 0x000000064cc00000|100%|HS|  |TAMS 0x000000064cc00000| PB 0x000000064c800000| Complete 
| 307|0x000000064cc00000, 0x000000064d000000, 0x000000064d000000|100%|HS|  |TAMS 0x000000064d000000| PB 0x000000064cc00000| Complete 
| 308|0x000000064d000000, 0x000000064d400000, 0x000000064d400000|100%|HS|  |TAMS 0x000000064d400000| PB 0x000000064d000000| Complete 
| 309|0x000000064d400000, 0x000000064d800000, 0x000000064d800000|100%|HS|  |TAMS 0x000000064d800000| PB 0x000000064d400000| Complete 
| 310|0x000000064d800000, 0x000000064dc00000, 0x000000064dc00000|100%| O|  |TAMS 0x000000064dc00000| PB 0x000000064dc00000| Untracked 
| 311|0x000000064dc00000, 0x000000064e000000, 0x000000064e000000|100%| O|  |TAMS 0x000000064e000000| PB 0x000000064e000000| Untracked 
| 312|0x000000064e000000, 0x000000064e400000, 0x000000064e400000|100%| O|  |TAMS 0x000000064e400000| PB 0x000000064e400000| Untracked 
| 313|0x000000064e400000, 0x000000064e800000, 0x000000064e800000|100%| O|  |TAMS 0x000000064e800000| PB 0x000000064e800000| Updating 
| 314|0x000000064e800000, 0x000000064ec00000, 0x000000064ec00000|100%| O|  |TAMS 0x000000064ec00000| PB 0x000000064ec00000| Updating 
| 315|0x000000064ec00000, 0x000000064f000000, 0x000000064f000000|100%| O|  |TAMS 0x000000064f000000| PB 0x000000064f000000| Updating 
| 316|0x000000064f000000, 0x000000064f400000, 0x000000064f400000|100%| O|  |TAMS 0x000000064f000000| PB 0x000000064f000000| Untracked 
| 317|0x000000064f400000, 0x000000064f800000, 0x000000064f800000|100%| O|  |TAMS 0x000000064f800000| PB 0x000000064f800000| Updating 
| 318|0x000000064f800000, 0x000000064fc00000, 0x000000064fc00000|100%|HS|  |TAMS 0x000000064fc00000| PB 0x000000064f800000| Complete 
| 319|0x000000064fc00000, 0x0000000650000000, 0x0000000650000000|100%|HS|  |TAMS 0x0000000650000000| PB 0x000000064fc00000| Complete 
| 320|0x0000000650000000, 0x0000000650400000, 0x0000000650400000|100%| O|  |TAMS 0x0000000650400000| PB 0x0000000650400000| Untracked 
| 321|0x0000000650400000, 0x0000000650800000, 0x0000000650800000|100%| O|  |TAMS 0x0000000650800000| PB 0x0000000650800000| Updating 
| 322|0x0000000650800000, 0x0000000650c00000, 0x0000000650c00000|100%| O|  |TAMS 0x0000000650c00000| PB 0x0000000650c00000| Untracked 
| 323|0x0000000650c00000, 0x0000000651000000, 0x0000000651000000|100%| O|  |TAMS 0x0000000651000000| PB 0x0000000651000000| Untracked 
| 324|0x0000000651000000, 0x0000000651400000, 0x0000000651400000|100%| O|  |TAMS 0x0000000651400000| PB 0x0000000651400000| Untracked 
| 325|0x0000000651400000, 0x0000000651800000, 0x0000000651800000|100%| O|  |TAMS 0x0000000651800000| PB 0x0000000651800000| Untracked 
| 326|0x0000000651800000, 0x0000000651c00000, 0x0000000651c00000|100%| O|  |TAMS 0x0000000651c00000| PB 0x0000000651c00000| Updating 
| 327|0x0000000651c00000, 0x0000000652000000, 0x0000000652000000|100%| O|  |TAMS 0x0000000652000000| PB 0x0000000652000000| Untracked 
| 328|0x0000000652000000, 0x0000000652400000, 0x0000000652400000|100%| O|  |TAMS 0x0000000652400000| PB 0x0000000652400000| Untracked 
| 329|0x0000000652400000, 0x0000000652800000, 0x0000000652800000|100%| O|  |TAMS 0x0000000652800000| PB 0x0000000652800000| Updating 
| 330|0x0000000652800000, 0x0000000652c00000, 0x0000000652c00000|100%| O|  |TAMS 0x0000000652c00000| PB 0x0000000652c00000| Updating 
| 331|0x0000000652c00000, 0x0000000653000000, 0x0000000653000000|100%| O|  |TAMS 0x0000000653000000| PB 0x0000000653000000| Untracked 
| 332|0x0000000653000000, 0x0000000653400000, 0x0000000653400000|100%| O|  |TAMS 0x0000000653400000| PB 0x0000000653400000| Updating 
| 333|0x0000000653400000, 0x0000000653800000, 0x0000000653800000|100%| O|  |TAMS 0x0000000653800000| PB 0x0000000653800000| Updating 
| 334|0x0000000653800000, 0x0000000653c00000, 0x0000000653c00000|100%| O|  |TAMS 0x0000000653c00000| PB 0x0000000653c00000| Untracked 
| 335|0x0000000653c00000, 0x0000000654000000, 0x0000000654000000|100%| O|  |TAMS 0x0000000654000000| PB 0x0000000654000000| Untracked 
| 336|0x0000000654000000, 0x0000000654400000, 0x0000000654400000|100%| O|  |TAMS 0x0000000654400000| PB 0x0000000654400000| Untracked 
| 337|0x0000000654400000, 0x0000000654800000, 0x0000000654800000|100%| O|  |TAMS 0x0000000654800000| PB 0x0000000654800000| Untracked 
| 338|0x0000000654800000, 0x0000000654c00000, 0x0000000654c00000|100%| O|  |TAMS 0x0000000654c00000| PB 0x0000000654c00000| Untracked 
| 339|0x0000000654c00000, 0x0000000655000000, 0x0000000655000000|100%| O|  |TAMS 0x0000000655000000| PB 0x0000000655000000| Untracked 
| 340|0x0000000655000000, 0x0000000655400000, 0x0000000655400000|100%| O|  |TAMS 0x0000000655400000| PB 0x0000000655400000| Updating 
| 341|0x0000000655400000, 0x0000000655800000, 0x0000000655800000|100%| O|  |TAMS 0x0000000655800000| PB 0x0000000655800000| Updating 
| 342|0x0000000655800000, 0x0000000655c00000, 0x0000000655c00000|100%| O|  |TAMS 0x0000000655c00000| PB 0x0000000655c00000| Updating 
| 343|0x0000000655c00000, 0x0000000656000000, 0x0000000656000000|100%| O|  |TAMS 0x0000000656000000| PB 0x0000000656000000| Updating 
| 344|0x0000000656000000, 0x0000000656400000, 0x0000000656400000|100%| O|  |TAMS 0x0000000656400000| PB 0x0000000656400000| Updating 
| 345|0x0000000656400000, 0x0000000656800000, 0x0000000656800000|100%| O|  |TAMS 0x0000000656800000| PB 0x0000000656800000| Untracked 
| 346|0x0000000656800000, 0x0000000656c00000, 0x0000000656c00000|100%| O|  |TAMS 0x0000000656c00000| PB 0x0000000656c00000| Untracked 
| 347|0x0000000656c00000, 0x0000000657000000, 0x0000000657000000|100%| O|  |TAMS 0x0000000657000000| PB 0x0000000657000000| Untracked 
| 348|0x0000000657000000, 0x0000000657400000, 0x0000000657400000|100%| O|  |TAMS 0x0000000657400000| PB 0x0000000657400000| Untracked 
| 349|0x0000000657400000, 0x0000000657800000, 0x0000000657800000|100%| O|  |TAMS 0x0000000657800000| PB 0x0000000657800000| Untracked 
| 350|0x0000000657800000, 0x0000000657c00000, 0x0000000657c00000|100%| O|  |TAMS 0x0000000657c00000| PB 0x0000000657c00000| Untracked 
| 351|0x0000000657c00000, 0x0000000658000000, 0x0000000658000000|100%| O|  |TAMS 0x0000000658000000| PB 0x0000000658000000| Untracked 
| 352|0x0000000658000000, 0x0000000658400000, 0x0000000658400000|100%| O|  |TAMS 0x0000000658400000| PB 0x0000000658400000| Untracked 
| 353|0x0000000658400000, 0x0000000658800000, 0x0000000658800000|100%| O|  |TAMS 0x0000000658800000| PB 0x0000000658800000| Untracked 
| 354|0x0000000658800000, 0x0000000658c00000, 0x0000000658c00000|100%| O|  |TAMS 0x0000000658c00000| PB 0x0000000658c00000| Untracked 
| 355|0x0000000658c00000, 0x0000000659000000, 0x0000000659000000|100%| O|  |TAMS 0x0000000659000000| PB 0x0000000659000000| Untracked 
| 356|0x0000000659000000, 0x0000000659400000, 0x0000000659400000|100%| O|  |TAMS 0x0000000659400000| PB 0x0000000659400000| Untracked 
| 357|0x0000000659400000, 0x0000000659800000, 0x0000000659800000|100%| O|  |TAMS 0x0000000659800000| PB 0x0000000659800000| Untracked 
| 358|0x0000000659800000, 0x0000000659c00000, 0x0000000659c00000|100%| O|  |TAMS 0x0000000659c00000| PB 0x0000000659c00000| Untracked 
| 359|0x0000000659c00000, 0x000000065a000000, 0x000000065a000000|100%| O|  |TAMS 0x000000065a000000| PB 0x000000065a000000| Untracked 
| 360|0x000000065a000000, 0x000000065a400000, 0x000000065a400000|100%| O|  |TAMS 0x000000065a400000| PB 0x000000065a400000| Updating 
| 361|0x000000065a400000, 0x000000065a800000, 0x000000065a800000|100%| O|  |TAMS 0x000000065a800000| PB 0x000000065a800000| Updating 
| 362|0x000000065a800000, 0x000000065ac00000, 0x000000065ac00000|100%| O|  |TAMS 0x000000065ac00000| PB 0x000000065ac00000| Untracked 
| 363|0x000000065ac00000, 0x000000065b000000, 0x000000065b000000|100%| O|  |TAMS 0x000000065b000000| PB 0x000000065b000000| Untracked 
| 364|0x000000065b000000, 0x000000065b400000, 0x000000065b400000|100%| O|  |TAMS 0x000000065b400000| PB 0x000000065b400000| Untracked 
| 365|0x000000065b400000, 0x000000065b800000, 0x000000065b800000|100%| O|  |TAMS 0x000000065b800000| PB 0x000000065b800000| Untracked 
| 366|0x000000065b800000, 0x000000065bc00000, 0x000000065bc00000|100%| O|  |TAMS 0x000000065bc00000| PB 0x000000065bc00000| Untracked 
| 367|0x000000065bc00000, 0x000000065c000000, 0x000000065c000000|100%| O|  |TAMS 0x000000065c000000| PB 0x000000065c000000| Untracked 
| 368|0x000000065c000000, 0x000000065c400000, 0x000000065c400000|100%| O|  |TAMS 0x000000065c400000| PB 0x000000065c400000| Updating 
| 369|0x000000065c400000, 0x000000065c800000, 0x000000065c800000|100%| O|  |TAMS 0x000000065c400000| PB 0x000000065c400000| Untracked 
| 370|0x000000065c800000, 0x000000065cc00000, 0x000000065cc00000|100%| O|  |TAMS 0x000000065c800000| PB 0x000000065c800000| Untracked 
| 371|0x000000065cc00000, 0x000000065d000000, 0x000000065d000000|100%| O|  |TAMS 0x000000065d000000| PB 0x000000065d000000| Untracked 
| 372|0x000000065d000000, 0x000000065d400000, 0x000000065d400000|100%| O|  |TAMS 0x000000065d400000| PB 0x000000065d400000| Untracked 
| 373|0x000000065d400000, 0x000000065d800000, 0x000000065d800000|100%| O|  |TAMS 0x000000065d800000| PB 0x000000065d800000| Untracked 
| 374|0x000000065d800000, 0x000000065dc00000, 0x000000065dc00000|100%| O|  |TAMS 0x000000065dc00000| PB 0x000000065dc00000| Untracked 
| 375|0x000000065dc00000, 0x000000065e000000, 0x000000065e000000|100%| O|  |TAMS 0x000000065e000000| PB 0x000000065e000000| Untracked 
| 376|0x000000065e000000, 0x000000065e400000, 0x000000065e400000|100%| O|  |TAMS 0x000000065e400000| PB 0x000000065e400000| Updating 
| 377|0x000000065e400000, 0x000000065e800000, 0x000000065e800000|100%| O|  |TAMS 0x000000065e800000| PB 0x000000065e800000| Untracked 
| 378|0x000000065e800000, 0x000000065ec00000, 0x000000065ec00000|100%| O|  |TAMS 0x000000065ec00000| PB 0x000000065ec00000| Updating 
| 379|0x000000065ec00000, 0x000000065f000000, 0x000000065f000000|100%| O|  |TAMS 0x000000065f000000| PB 0x000000065f000000| Untracked 
| 380|0x000000065f000000, 0x000000065f400000, 0x000000065f400000|100%| O|  |TAMS 0x000000065f400000| PB 0x000000065f400000| Untracked 
| 381|0x000000065f400000, 0x000000065f800000, 0x000000065f800000|100%| O|  |TAMS 0x000000065f800000| PB 0x000000065f800000| Untracked 
| 382|0x000000065f800000, 0x000000065fc00000, 0x000000065fc00000|100%| O|  |TAMS 0x000000065fc00000| PB 0x000000065fc00000| Untracked 
| 383|0x000000065fc00000, 0x0000000660000000, 0x0000000660000000|100%| O|  |TAMS 0x0000000660000000| PB 0x0000000660000000| Untracked 
| 384|0x0000000660000000, 0x0000000660400000, 0x0000000660400000|100%| O|  |TAMS 0x0000000660400000| PB 0x0000000660400000| Updating 
| 385|0x0000000660400000, 0x0000000660800000, 0x0000000660800000|100%| O|  |TAMS 0x0000000660800000| PB 0x0000000660800000| Untracked 
| 386|0x0000000660800000, 0x0000000660c00000, 0x0000000660c00000|100%| O|  |TAMS 0x0000000660c00000| PB 0x0000000660c00000| Untracked 
| 387|0x0000000660c00000, 0x0000000661000000, 0x0000000661000000|100%| O|  |TAMS 0x0000000661000000| PB 0x0000000661000000| Untracked 
| 388|0x0000000661000000, 0x0000000661400000, 0x0000000661400000|100%| O|  |TAMS 0x0000000661400000| PB 0x0000000661400000| Untracked 
| 389|0x0000000661400000, 0x0000000661800000, 0x0000000661800000|100%| O|  |TAMS 0x0000000661800000| PB 0x0000000661800000| Untracked 
| 390|0x0000000661800000, 0x0000000661c00000, 0x0000000661c00000|100%| O|  |TAMS 0x0000000661c00000| PB 0x0000000661c00000| Untracked 
| 391|0x0000000661c00000, 0x0000000662000000, 0x0000000662000000|100%| O|  |TAMS 0x0000000662000000| PB 0x0000000662000000| Untracked 
| 392|0x0000000662000000, 0x0000000662400000, 0x0000000662400000|100%| O|  |TAMS 0x0000000662400000| PB 0x0000000662400000| Untracked 
| 393|0x0000000662400000, 0x0000000662800000, 0x0000000662800000|100%| O|  |TAMS 0x0000000662800000| PB 0x0000000662800000| Updating 
| 394|0x0000000662800000, 0x0000000662c00000, 0x0000000662c00000|100%| O|  |TAMS 0x0000000662c00000| PB 0x0000000662c00000| Untracked 
| 395|0x0000000662c00000, 0x0000000663000000, 0x0000000663000000|100%| O|  |TAMS 0x0000000663000000| PB 0x0000000663000000| Untracked 
| 396|0x0000000663000000, 0x0000000663400000, 0x0000000663400000|100%| O|  |TAMS 0x0000000663400000| PB 0x0000000663400000| Updating 
| 397|0x0000000663400000, 0x0000000663800000, 0x0000000663800000|100%| O|  |TAMS 0x0000000663800000| PB 0x0000000663800000| Untracked 
| 398|0x0000000663800000, 0x0000000663c00000, 0x0000000663c00000|100%| O|  |TAMS 0x0000000663c00000| PB 0x0000000663c00000| Untracked 
| 399|0x0000000663c00000, 0x0000000664000000, 0x0000000664000000|100%| O|  |TAMS 0x0000000664000000| PB 0x0000000664000000| Untracked 
| 400|0x0000000664000000, 0x0000000664400000, 0x0000000664400000|100%| O|  |TAMS 0x0000000664400000| PB 0x0000000664400000| Updating 
| 401|0x0000000664400000, 0x0000000664800000, 0x0000000664800000|100%| O|  |TAMS 0x0000000664800000| PB 0x0000000664800000| Updating 
| 402|0x0000000664800000, 0x0000000664c00000, 0x0000000664c00000|100%| O|  |TAMS 0x0000000664c00000| PB 0x0000000664c00000| Untracked 
| 403|0x0000000664c00000, 0x0000000665000000, 0x0000000665000000|100%| O|  |TAMS 0x0000000665000000| PB 0x0000000665000000| Untracked 
| 404|0x0000000665000000, 0x0000000665400000, 0x0000000665400000|100%| O|  |TAMS 0x0000000665400000| PB 0x0000000665400000| Untracked 
| 405|0x0000000665400000, 0x0000000665800000, 0x0000000665800000|100%| O|  |TAMS 0x0000000665800000| PB 0x0000000665800000| Untracked 
| 406|0x0000000665800000, 0x0000000665c00000, 0x0000000665c00000|100%| O|  |TAMS 0x0000000665c00000| PB 0x0000000665c00000| Untracked 
| 407|0x0000000665c00000, 0x0000000666000000, 0x0000000666000000|100%| O|  |TAMS 0x0000000666000000| PB 0x0000000666000000| Untracked 
| 408|0x0000000666000000, 0x0000000666400000, 0x0000000666400000|100%| O|  |TAMS 0x0000000666400000| PB 0x0000000666400000| Untracked 
| 409|0x0000000666400000, 0x0000000666800000, 0x0000000666800000|100%| O|  |TAMS 0x0000000666800000| PB 0x0000000666800000| Untracked 
| 410|0x0000000666800000, 0x0000000666c00000, 0x0000000666c00000|100%| O|  |TAMS 0x0000000666c00000| PB 0x0000000666c00000| Untracked 
| 411|0x0000000666c00000, 0x0000000667000000, 0x0000000667000000|100%| O|  |TAMS 0x0000000667000000| PB 0x0000000667000000| Untracked 
| 412|0x0000000667000000, 0x0000000667400000, 0x0000000667400000|100%| O|  |TAMS 0x0000000667400000| PB 0x0000000667400000| Untracked 
| 413|0x0000000667400000, 0x0000000667800000, 0x0000000667800000|100%| O|  |TAMS 0x0000000667800000| PB 0x0000000667800000| Updating 
| 414|0x0000000667800000, 0x0000000667c00000, 0x0000000667c00000|100%| O|  |TAMS 0x0000000667c00000| PB 0x0000000667c00000| Updating 
| 415|0x0000000667c00000, 0x0000000668000000, 0x0000000668000000|100%| O|  |TAMS 0x0000000668000000| PB 0x0000000668000000| Untracked 
| 416|0x0000000668000000, 0x0000000668400000, 0x0000000668400000|100%| O|  |TAMS 0x0000000668400000| PB 0x0000000668400000| Updating 
| 417|0x0000000668400000, 0x0000000668800000, 0x0000000668800000|100%| O|  |TAMS 0x0000000668800000| PB 0x0000000668800000| Updating 
| 418|0x0000000668800000, 0x0000000668c00000, 0x0000000668c00000|100%| O|  |TAMS 0x0000000668800000| PB 0x0000000668800000| Untracked 
| 419|0x0000000668c00000, 0x0000000669000000, 0x0000000669000000|100%| O|  |TAMS 0x0000000668c00000| PB 0x0000000668c00000| Untracked 
| 420|0x0000000669000000, 0x0000000669400000, 0x0000000669400000|100%| O|  |TAMS 0x0000000669000000| PB 0x0000000669000000| Untracked 
| 421|0x0000000669400000, 0x0000000669800000, 0x0000000669800000|100%| O|  |TAMS 0x0000000669800000| PB 0x0000000669800000| Updating 
| 422|0x0000000669800000, 0x0000000669c00000, 0x0000000669c00000|100%| O|  |TAMS 0x0000000669c00000| PB 0x0000000669c00000| Untracked 
| 423|0x0000000669c00000, 0x000000066a000000, 0x000000066a000000|100%| O|  |TAMS 0x000000066a000000| PB 0x000000066a000000| Untracked 
| 424|0x000000066a000000, 0x000000066a400000, 0x000000066a400000|100%| O|  |TAMS 0x000000066a400000| PB 0x000000066a400000| Untracked 
| 425|0x000000066a400000, 0x000000066a800000, 0x000000066a800000|100%| O|  |TAMS 0x000000066a800000| PB 0x000000066a800000| Untracked 
| 426|0x000000066a800000, 0x000000066ac00000, 0x000000066ac00000|100%| O|  |TAMS 0x000000066ac00000| PB 0x000000066ac00000| Untracked 
| 427|0x000000066ac00000, 0x000000066b000000, 0x000000066b000000|100%| O|  |TAMS 0x000000066b000000| PB 0x000000066b000000| Untracked 
| 428|0x000000066b000000, 0x000000066b400000, 0x000000066b400000|100%| O|  |TAMS 0x000000066b400000| PB 0x000000066b400000| Untracked 
| 429|0x000000066b400000, 0x000000066b800000, 0x000000066b800000|100%| O|  |TAMS 0x000000066b800000| PB 0x000000066b800000| Untracked 
| 430|0x000000066b800000, 0x000000066bc00000, 0x000000066bc00000|100%| O|  |TAMS 0x000000066bc00000| PB 0x000000066bc00000| Untracked 
| 431|0x000000066bc00000, 0x000000066c000000, 0x000000066c000000|100%| O|  |TAMS 0x000000066c000000| PB 0x000000066c000000| Untracked 
| 432|0x000000066c000000, 0x000000066c400000, 0x000000066c400000|100%| O|  |TAMS 0x000000066c400000| PB 0x000000066c400000| Untracked 
| 433|0x000000066c400000, 0x000000066c800000, 0x000000066c800000|100%| O|  |TAMS 0x000000066c800000| PB 0x000000066c800000| Untracked 
| 434|0x000000066c800000, 0x000000066cc00000, 0x000000066cc00000|100%| O|  |TAMS 0x000000066cc00000| PB 0x000000066cc00000| Untracked 
| 435|0x000000066cc00000, 0x000000066d000000, 0x000000066d000000|100%| O|  |TAMS 0x000000066d000000| PB 0x000000066d000000| Untracked 
| 436|0x000000066d000000, 0x000000066d400000, 0x000000066d400000|100%| O|  |TAMS 0x000000066d400000| PB 0x000000066d400000| Untracked 
| 437|0x000000066d400000, 0x000000066d800000, 0x000000066d800000|100%| O|  |TAMS 0x000000066d800000| PB 0x000000066d800000| Untracked 
| 438|0x000000066d800000, 0x000000066dc00000, 0x000000066dc00000|100%| O|  |TAMS 0x000000066dc00000| PB 0x000000066dc00000| Untracked 
| 439|0x000000066dc00000, 0x000000066e000000, 0x000000066e000000|100%| O|  |TAMS 0x000000066e000000| PB 0x000000066e000000| Updating 
| 440|0x000000066e000000, 0x000000066e400000, 0x000000066e400000|100%| O|  |TAMS 0x000000066e400000| PB 0x000000066e400000| Untracked 
| 441|0x000000066e400000, 0x000000066e800000, 0x000000066e800000|100%| O|  |TAMS 0x000000066e800000| PB 0x000000066e800000| Untracked 
| 442|0x000000066e800000, 0x000000066ec00000, 0x000000066ec00000|100%| O|  |TAMS 0x000000066ec00000| PB 0x000000066ec00000| Untracked 
| 443|0x000000066ec00000, 0x000000066f000000, 0x000000066f000000|100%| O|  |TAMS 0x000000066f000000| PB 0x000000066f000000| Untracked 
| 444|0x000000066f000000, 0x000000066f400000, 0x000000066f400000|100%| O|  |TAMS 0x000000066f400000| PB 0x000000066f400000| Untracked 
| 445|0x000000066f400000, 0x000000066f800000, 0x000000066f800000|100%| O|  |TAMS 0x000000066f800000| PB 0x000000066f800000| Untracked 
| 446|0x000000066f800000, 0x000000066fc00000, 0x000000066fc00000|100%| O|  |TAMS 0x000000066fc00000| PB 0x000000066fc00000| Updating 
| 447|0x000000066fc00000, 0x0000000670000000, 0x0000000670000000|100%| O|  |TAMS 0x0000000670000000| PB 0x0000000670000000| Untracked 
| 448|0x0000000670000000, 0x0000000670400000, 0x0000000670400000|100%| O|  |TAMS 0x0000000670400000| PB 0x0000000670400000| Untracked 
| 449|0x0000000670400000, 0x0000000670800000, 0x0000000670800000|100%| O|  |TAMS 0x0000000670800000| PB 0x0000000670800000| Untracked 
| 450|0x0000000670800000, 0x0000000670c00000, 0x0000000670c00000|100%| O|  |TAMS 0x0000000670c00000| PB 0x0000000670c00000| Updating 
| 451|0x0000000670c00000, 0x0000000671000000, 0x0000000671000000|100%| O|  |TAMS 0x0000000671000000| PB 0x0000000671000000| Untracked 
| 452|0x0000000671000000, 0x0000000671400000, 0x0000000671400000|100%| O|  |TAMS 0x0000000671400000| PB 0x0000000671400000| Updating 
| 453|0x0000000671400000, 0x0000000671800000, 0x0000000671800000|100%| O|  |TAMS 0x0000000671800000| PB 0x0000000671800000| Updating 
| 454|0x0000000671800000, 0x0000000671c00000, 0x0000000671c00000|100%| O|  |TAMS 0x0000000671c00000| PB 0x0000000671c00000| Untracked 
| 455|0x0000000671c00000, 0x0000000672000000, 0x0000000672000000|100%| O|  |TAMS 0x0000000672000000| PB 0x0000000672000000| Updating 
| 456|0x0000000672000000, 0x0000000672400000, 0x0000000672400000|100%| O|  |TAMS 0x0000000672400000| PB 0x0000000672400000| Updating 
| 457|0x0000000672400000, 0x0000000672800000, 0x0000000672800000|100%| O|  |TAMS 0x0000000672800000| PB 0x0000000672800000| Untracked 
| 458|0x0000000672800000, 0x0000000672c00000, 0x0000000672c00000|100%| O|  |TAMS 0x0000000672c00000| PB 0x0000000672c00000| Untracked 
| 459|0x0000000672c00000, 0x0000000673000000, 0x0000000673000000|100%| O|  |TAMS 0x0000000673000000| PB 0x0000000673000000| Untracked 
| 460|0x0000000673000000, 0x0000000673400000, 0x0000000673400000|100%| O|  |TAMS 0x0000000673400000| PB 0x0000000673400000| Untracked 
| 461|0x0000000673400000, 0x0000000673800000, 0x0000000673800000|100%| O|  |TAMS 0x0000000673800000| PB 0x0000000673800000| Untracked 
| 462|0x0000000673800000, 0x0000000673c00000, 0x0000000673c00000|100%| O|  |TAMS 0x0000000673c00000| PB 0x0000000673c00000| Untracked 
| 463|0x0000000673c00000, 0x0000000674000000, 0x0000000674000000|100%| O|  |TAMS 0x0000000674000000| PB 0x0000000674000000| Untracked 
| 464|0x0000000674000000, 0x0000000674400000, 0x0000000674400000|100%| O|  |TAMS 0x0000000674400000| PB 0x0000000674400000| Untracked 
| 465|0x0000000674400000, 0x0000000674800000, 0x0000000674800000|100%| O|  |TAMS 0x0000000674800000| PB 0x0000000674800000| Untracked 
| 466|0x0000000674800000, 0x0000000674c00000, 0x0000000674c00000|100%| O|  |TAMS 0x0000000674c00000| PB 0x0000000674c00000| Untracked 
| 467|0x0000000674c00000, 0x0000000675000000, 0x0000000675000000|100%| O|  |TAMS 0x0000000675000000| PB 0x0000000675000000| Untracked 
| 468|0x0000000675000000, 0x0000000675400000, 0x0000000675400000|100%| O|  |TAMS 0x0000000675400000| PB 0x0000000675400000| Untracked 
| 469|0x0000000675400000, 0x0000000675800000, 0x0000000675800000|100%| O|  |TAMS 0x0000000675800000| PB 0x0000000675800000| Untracked 
| 470|0x0000000675800000, 0x0000000675c00000, 0x0000000675c00000|100%| O|  |TAMS 0x0000000675c00000| PB 0x0000000675c00000| Untracked 
| 471|0x0000000675c00000, 0x0000000676000000, 0x0000000676000000|100%| O|  |TAMS 0x0000000676000000| PB 0x0000000676000000| Untracked 
| 472|0x0000000676000000, 0x0000000676400000, 0x0000000676400000|100%| O|  |TAMS 0x0000000676400000| PB 0x0000000676400000| Untracked 
| 473|0x0000000676400000, 0x0000000676800000, 0x0000000676800000|100%| O|  |TAMS 0x0000000676800000| PB 0x0000000676800000| Untracked 
| 474|0x0000000676800000, 0x0000000676c00000, 0x0000000676c00000|100%| O|  |TAMS 0x0000000676c00000| PB 0x0000000676c00000| Untracked 
| 475|0x0000000676c00000, 0x0000000677000000, 0x0000000677000000|100%| O|  |TAMS 0x0000000677000000| PB 0x0000000677000000| Untracked 
| 476|0x0000000677000000, 0x0000000677400000, 0x0000000677400000|100%| O|  |TAMS 0x0000000677400000| PB 0x0000000677400000| Untracked 
| 477|0x0000000677400000, 0x0000000677800000, 0x0000000677800000|100%| O|  |TAMS 0x0000000677800000| PB 0x0000000677800000| Untracked 
| 478|0x0000000677800000, 0x0000000677c00000, 0x0000000677c00000|100%| O|  |TAMS 0x0000000677c00000| PB 0x0000000677c00000| Untracked 
| 479|0x0000000677c00000, 0x0000000678000000, 0x0000000678000000|100%| O|  |TAMS 0x0000000678000000| PB 0x0000000678000000| Updating 
| 480|0x0000000678000000, 0x0000000678400000, 0x0000000678400000|100%| O|  |TAMS 0x0000000678400000| PB 0x0000000678400000| Untracked 
| 481|0x0000000678400000, 0x0000000678800000, 0x0000000678800000|100%| O|  |TAMS 0x0000000678800000| PB 0x0000000678800000| Untracked 
| 482|0x0000000678800000, 0x0000000678c00000, 0x0000000678c00000|100%| O|  |TAMS 0x0000000678c00000| PB 0x0000000678c00000| Untracked 
| 483|0x0000000678c00000, 0x0000000679000000, 0x0000000679000000|100%| O|  |TAMS 0x0000000679000000| PB 0x0000000679000000| Untracked 
| 484|0x0000000679000000, 0x0000000679400000, 0x0000000679400000|100%| O|  |TAMS 0x0000000679400000| PB 0x0000000679400000| Untracked 
| 485|0x0000000679400000, 0x0000000679800000, 0x0000000679800000|100%| O|  |TAMS 0x0000000679800000| PB 0x0000000679800000| Untracked 
| 486|0x0000000679800000, 0x0000000679c00000, 0x0000000679c00000|100%| O|  |TAMS 0x0000000679c00000| PB 0x0000000679c00000| Untracked 
| 487|0x0000000679c00000, 0x000000067a000000, 0x000000067a000000|100%| O|  |TAMS 0x000000067a000000| PB 0x000000067a000000| Untracked 
| 488|0x000000067a000000, 0x000000067a400000, 0x000000067a400000|100%| O|  |TAMS 0x000000067a400000| PB 0x000000067a400000| Untracked 
| 489|0x000000067a400000, 0x000000067a800000, 0x000000067a800000|100%| O|  |TAMS 0x000000067a800000| PB 0x000000067a800000| Untracked 
| 490|0x000000067a800000, 0x000000067ac00000, 0x000000067ac00000|100%| O|  |TAMS 0x000000067ac00000| PB 0x000000067ac00000| Untracked 
| 491|0x000000067ac00000, 0x000000067b000000, 0x000000067b000000|100%| O|  |TAMS 0x000000067b000000| PB 0x000000067b000000| Untracked 
| 492|0x000000067b000000, 0x000000067b400000, 0x000000067b400000|100%| O|  |TAMS 0x000000067b400000| PB 0x000000067b400000| Untracked 
| 493|0x000000067b400000, 0x000000067b800000, 0x000000067b800000|100%| O|  |TAMS 0x000000067b800000| PB 0x000000067b800000| Untracked 
| 494|0x000000067b800000, 0x000000067bc00000, 0x000000067bc00000|100%| O|  |TAMS 0x000000067bc00000| PB 0x000000067bc00000| Untracked 
| 495|0x000000067bc00000, 0x000000067c000000, 0x000000067c000000|100%| O|  |TAMS 0x000000067c000000| PB 0x000000067c000000| Untracked 
| 496|0x000000067c000000, 0x000000067c400000, 0x000000067c400000|100%| O|  |TAMS 0x000000067c400000| PB 0x000000067c400000| Untracked 
| 497|0x000000067c400000, 0x000000067c800000, 0x000000067c800000|100%| O|  |TAMS 0x000000067c800000| PB 0x000000067c800000| Untracked 
| 498|0x000000067c800000, 0x000000067cc00000, 0x000000067cc00000|100%| O|  |TAMS 0x000000067cc00000| PB 0x000000067cc00000| Untracked 
| 499|0x000000067cc00000, 0x000000067d000000, 0x000000067d000000|100%| O|  |TAMS 0x000000067d000000| PB 0x000000067d000000| Untracked 
| 500|0x000000067d000000, 0x000000067d400000, 0x000000067d400000|100%| O|  |TAMS 0x000000067d400000| PB 0x000000067d400000| Untracked 
| 501|0x000000067d400000, 0x000000067d800000, 0x000000067d800000|100%| O|  |TAMS 0x000000067d800000| PB 0x000000067d800000| Untracked 
| 502|0x000000067d800000, 0x000000067dc00000, 0x000000067dc00000|100%| O|  |TAMS 0x000000067dc00000| PB 0x000000067dc00000| Untracked 
| 503|0x000000067dc00000, 0x000000067e000000, 0x000000067e000000|100%| O|  |TAMS 0x000000067e000000| PB 0x000000067e000000| Untracked 
| 504|0x000000067e000000, 0x000000067e400000, 0x000000067e400000|100%| O|  |TAMS 0x000000067e400000| PB 0x000000067e400000| Untracked 
| 505|0x000000067e400000, 0x000000067e800000, 0x000000067e800000|100%| O|  |TAMS 0x000000067e800000| PB 0x000000067e800000| Untracked 
| 506|0x000000067e800000, 0x000000067ec00000, 0x000000067ec00000|100%| O|  |TAMS 0x000000067ec00000| PB 0x000000067ec00000| Untracked 
| 507|0x000000067ec00000, 0x000000067f000000, 0x000000067f000000|100%| O|  |TAMS 0x000000067f000000| PB 0x000000067f000000| Untracked 
| 508|0x000000067f000000, 0x000000067f400000, 0x000000067f400000|100%| O|  |TAMS 0x000000067f400000| PB 0x000000067f400000| Untracked 
| 509|0x000000067f400000, 0x000000067f800000, 0x000000067f800000|100%| O|  |TAMS 0x000000067f800000| PB 0x000000067f800000| Untracked 
| 510|0x000000067f800000, 0x000000067fc00000, 0x000000067fc00000|100%| O|  |TAMS 0x000000067fc00000| PB 0x000000067fc00000| Untracked 
| 511|0x000000067fc00000, 0x0000000680000000, 0x0000000680000000|100%| O|  |TAMS 0x0000000680000000| PB 0x0000000680000000| Untracked 
| 512|0x0000000680000000, 0x0000000680400000, 0x0000000680400000|100%| O|  |TAMS 0x0000000680400000| PB 0x0000000680400000| Untracked 
| 513|0x0000000680400000, 0x0000000680800000, 0x0000000680800000|100%| O|  |TAMS 0x0000000680800000| PB 0x0000000680800000| Untracked 
| 514|0x0000000680800000, 0x0000000680c00000, 0x0000000680c00000|100%| O|  |TAMS 0x0000000680c00000| PB 0x0000000680c00000| Untracked 
| 515|0x0000000680c00000, 0x0000000681000000, 0x0000000681000000|100%| O|  |TAMS 0x0000000681000000| PB 0x0000000681000000| Untracked 
| 516|0x0000000681000000, 0x0000000681400000, 0x0000000681400000|100%| O|  |TAMS 0x0000000681400000| PB 0x0000000681400000| Untracked 
| 517|0x0000000681400000, 0x0000000681800000, 0x0000000681800000|100%| O|  |TAMS 0x0000000681800000| PB 0x0000000681800000| Untracked 
| 518|0x0000000681800000, 0x0000000681c00000, 0x0000000681c00000|100%| O|  |TAMS 0x0000000681c00000| PB 0x0000000681c00000| Untracked 
| 519|0x0000000681c00000, 0x0000000682000000, 0x0000000682000000|100%| O|  |TAMS 0x0000000682000000| PB 0x0000000682000000| Updating 
| 520|0x0000000682000000, 0x0000000682400000, 0x0000000682400000|100%| O|  |TAMS 0x0000000682400000| PB 0x0000000682400000| Untracked 
| 521|0x0000000682400000, 0x0000000682800000, 0x0000000682800000|100%| O|  |TAMS 0x0000000682800000| PB 0x0000000682800000| Untracked 
| 522|0x0000000682800000, 0x0000000682c00000, 0x0000000682c00000|100%| O|  |TAMS 0x0000000682c00000| PB 0x0000000682c00000| Updating 
| 523|0x0000000682c00000, 0x0000000683000000, 0x0000000683000000|100%| O|  |TAMS 0x0000000683000000| PB 0x0000000683000000| Updating 
| 524|0x0000000683000000, 0x0000000683400000, 0x0000000683400000|100%| O|  |TAMS 0x0000000683400000| PB 0x0000000683400000| Updating 
| 525|0x0000000683400000, 0x0000000683800000, 0x0000000683800000|100%| O|  |TAMS 0x0000000683800000| PB 0x0000000683800000| Updating 
| 526|0x0000000683800000, 0x0000000683c00000, 0x0000000683c00000|100%| O|  |TAMS 0x0000000683c00000| PB 0x0000000683c00000| Updating 
| 527|0x0000000683c00000, 0x0000000684000000, 0x0000000684000000|100%| O|  |TAMS 0x0000000684000000| PB 0x0000000684000000| Untracked 
| 528|0x0000000684000000, 0x0000000684400000, 0x0000000684400000|100%| O|  |TAMS 0x0000000684400000| PB 0x0000000684400000| Untracked 
| 529|0x0000000684400000, 0x0000000684800000, 0x0000000684800000|100%| O|  |TAMS 0x0000000684800000| PB 0x0000000684800000| Untracked 
| 530|0x0000000684800000, 0x0000000684c00000, 0x0000000684c00000|100%| O|  |TAMS 0x0000000684c00000| PB 0x0000000684c00000| Untracked 
| 531|0x0000000684c00000, 0x0000000685000000, 0x0000000685000000|100%| O|  |TAMS 0x0000000685000000| PB 0x0000000685000000| Untracked 
| 532|0x0000000685000000, 0x0000000685400000, 0x0000000685400000|100%| O|  |TAMS 0x0000000685400000| PB 0x0000000685400000| Untracked 
| 533|0x0000000685400000, 0x0000000685800000, 0x0000000685800000|100%| O|  |TAMS 0x0000000685800000| PB 0x0000000685800000| Untracked 
| 534|0x0000000685800000, 0x0000000685c00000, 0x0000000685c00000|100%| O|  |TAMS 0x0000000685c00000| PB 0x0000000685c00000| Untracked 
| 535|0x0000000685c00000, 0x0000000686000000, 0x0000000686000000|100%| O|  |TAMS 0x0000000686000000| PB 0x0000000686000000| Untracked 
| 536|0x0000000686000000, 0x0000000686400000, 0x0000000686400000|100%| O|  |TAMS 0x0000000686400000| PB 0x0000000686400000| Untracked 
| 537|0x0000000686400000, 0x0000000686800000, 0x0000000686800000|100%| O|  |TAMS 0x0000000686800000| PB 0x0000000686800000| Untracked 
| 538|0x0000000686800000, 0x0000000686c00000, 0x0000000686c00000|100%| O|  |TAMS 0x0000000686c00000| PB 0x0000000686c00000| Untracked 
| 539|0x0000000686c00000, 0x0000000687000000, 0x0000000687000000|100%| O|  |TAMS 0x0000000687000000| PB 0x0000000687000000| Untracked 
| 540|0x0000000687000000, 0x0000000687400000, 0x0000000687400000|100%| O|  |TAMS 0x0000000687400000| PB 0x0000000687400000| Untracked 
| 541|0x0000000687400000, 0x0000000687800000, 0x0000000687800000|100%| O|  |TAMS 0x0000000687800000| PB 0x0000000687800000| Untracked 
| 542|0x0000000687800000, 0x0000000687c00000, 0x0000000687c00000|100%| O|  |TAMS 0x0000000687c00000| PB 0x0000000687c00000| Untracked 
| 543|0x0000000687c00000, 0x0000000688000000, 0x0000000688000000|100%| O|  |TAMS 0x0000000688000000| PB 0x0000000688000000| Untracked 
| 544|0x0000000688000000, 0x0000000688400000, 0x0000000688400000|100%| O|  |TAMS 0x0000000688400000| PB 0x0000000688400000| Untracked 
| 545|0x0000000688400000, 0x0000000688800000, 0x0000000688800000|100%| O|  |TAMS 0x0000000688800000| PB 0x0000000688800000| Untracked 
| 546|0x0000000688800000, 0x0000000688c00000, 0x0000000688c00000|100%| O|  |TAMS 0x0000000688c00000| PB 0x0000000688c00000| Untracked 
| 547|0x0000000688c00000, 0x0000000689000000, 0x0000000689000000|100%| O|  |TAMS 0x0000000689000000| PB 0x0000000689000000| Untracked 
| 548|0x0000000689000000, 0x0000000689400000, 0x0000000689400000|100%| O|  |TAMS 0x0000000689400000| PB 0x0000000689400000| Untracked 
| 549|0x0000000689400000, 0x0000000689800000, 0x0000000689800000|100%| O|  |TAMS 0x0000000689800000| PB 0x0000000689800000| Untracked 
| 550|0x0000000689800000, 0x0000000689c00000, 0x0000000689c00000|100%| O|  |TAMS 0x0000000689c00000| PB 0x0000000689c00000| Untracked 
| 551|0x0000000689c00000, 0x000000068a000000, 0x000000068a000000|100%| O|  |TAMS 0x000000068a000000| PB 0x000000068a000000| Untracked 
| 552|0x000000068a000000, 0x000000068a400000, 0x000000068a400000|100%| O|  |TAMS 0x000000068a400000| PB 0x000000068a400000| Untracked 
| 553|0x000000068a400000, 0x000000068a800000, 0x000000068a800000|100%| O|  |TAMS 0x000000068a800000| PB 0x000000068a800000| Untracked 
| 554|0x000000068a800000, 0x000000068ac00000, 0x000000068ac00000|100%| O|  |TAMS 0x000000068ac00000| PB 0x000000068ac00000| Untracked 
| 555|0x000000068ac00000, 0x000000068b000000, 0x000000068b000000|100%| O|  |TAMS 0x000000068b000000| PB 0x000000068b000000| Untracked 
| 556|0x000000068b000000, 0x000000068b400000, 0x000000068b400000|100%| O|  |TAMS 0x000000068b400000| PB 0x000000068b400000| Untracked 
| 557|0x000000068b400000, 0x000000068b800000, 0x000000068b800000|100%| O|  |TAMS 0x000000068b800000| PB 0x000000068b800000| Untracked 
| 558|0x000000068b800000, 0x000000068bc00000, 0x000000068bc00000|100%| O|  |TAMS 0x000000068bc00000| PB 0x000000068bc00000| Untracked 
| 559|0x000000068bc00000, 0x000000068c000000, 0x000000068c000000|100%| O|  |TAMS 0x000000068c000000| PB 0x000000068c000000| Untracked 
| 560|0x000000068c000000, 0x000000068c400000, 0x000000068c400000|100%| O|  |TAMS 0x000000068c400000| PB 0x000000068c400000| Untracked 
| 561|0x000000068c400000, 0x000000068c800000, 0x000000068c800000|100%| O|  |TAMS 0x000000068c800000| PB 0x000000068c800000| Untracked 
| 562|0x000000068c800000, 0x000000068cc00000, 0x000000068cc00000|100%| O|  |TAMS 0x000000068cc00000| PB 0x000000068cc00000| Untracked 
| 563|0x000000068cc00000, 0x000000068d000000, 0x000000068d000000|100%| O|  |TAMS 0x000000068d000000| PB 0x000000068d000000| Untracked 
| 564|0x000000068d000000, 0x000000068d400000, 0x000000068d400000|100%| O|  |TAMS 0x000000068d400000| PB 0x000000068d400000| Untracked 
| 565|0x000000068d400000, 0x000000068d800000, 0x000000068d800000|100%| O|  |TAMS 0x000000068d800000| PB 0x000000068d800000| Untracked 
| 566|0x000000068d800000, 0x000000068dc00000, 0x000000068dc00000|100%| O|  |TAMS 0x000000068dc00000| PB 0x000000068dc00000| Untracked 
| 567|0x000000068dc00000, 0x000000068e000000, 0x000000068e000000|100%| O|  |TAMS 0x000000068e000000| PB 0x000000068e000000| Untracked 
| 568|0x000000068e000000, 0x000000068e400000, 0x000000068e400000|100%| O|  |TAMS 0x000000068e400000| PB 0x000000068e400000| Untracked 
| 569|0x000000068e400000, 0x000000068e800000, 0x000000068e800000|100%| O|  |TAMS 0x000000068e800000| PB 0x000000068e800000| Untracked 
| 570|0x000000068e800000, 0x000000068ec00000, 0x000000068ec00000|100%| O|  |TAMS 0x000000068ec00000| PB 0x000000068ec00000| Untracked 
| 571|0x000000068ec00000, 0x000000068f000000, 0x000000068f000000|100%| O|  |TAMS 0x000000068f000000| PB 0x000000068f000000| Untracked 
| 572|0x000000068f000000, 0x000000068f400000, 0x000000068f400000|100%| O|  |TAMS 0x000000068f400000| PB 0x000000068f400000| Untracked 
| 573|0x000000068f400000, 0x000000068f800000, 0x000000068f800000|100%| O|  |TAMS 0x000000068f800000| PB 0x000000068f800000| Untracked 
| 574|0x000000068f800000, 0x000000068fc00000, 0x000000068fc00000|100%| O|  |TAMS 0x000000068fc00000| PB 0x000000068fc00000| Untracked 
| 575|0x000000068fc00000, 0x0000000690000000, 0x0000000690000000|100%| O|  |TAMS 0x0000000690000000| PB 0x0000000690000000| Untracked 
| 576|0x0000000690000000, 0x0000000690400000, 0x0000000690400000|100%| O|  |TAMS 0x0000000690400000| PB 0x0000000690400000| Untracked 
| 577|0x0000000690400000, 0x0000000690800000, 0x0000000690800000|100%| O|  |TAMS 0x0000000690800000| PB 0x0000000690800000| Untracked 
| 578|0x0000000690800000, 0x0000000690c00000, 0x0000000690c00000|100%| O|  |TAMS 0x0000000690c00000| PB 0x0000000690c00000| Untracked 
| 579|0x0000000690c00000, 0x0000000691000000, 0x0000000691000000|100%| O|  |TAMS 0x0000000691000000| PB 0x0000000691000000| Untracked 
| 580|0x0000000691000000, 0x0000000691400000, 0x0000000691400000|100%| O|  |TAMS 0x0000000691400000| PB 0x0000000691400000| Untracked 
| 581|0x0000000691400000, 0x0000000691800000, 0x0000000691800000|100%| O|  |TAMS 0x0000000691800000| PB 0x0000000691800000| Untracked 
| 582|0x0000000691800000, 0x0000000691c00000, 0x0000000691c00000|100%| O|  |TAMS 0x0000000691c00000| PB 0x0000000691c00000| Untracked 
| 583|0x0000000691c00000, 0x0000000692000000, 0x0000000692000000|100%| O|  |TAMS 0x0000000692000000| PB 0x0000000692000000| Untracked 
| 584|0x0000000692000000, 0x0000000692400000, 0x0000000692400000|100%| O|  |TAMS 0x0000000692400000| PB 0x0000000692400000| Untracked 
| 585|0x0000000692400000, 0x0000000692800000, 0x0000000692800000|100%| O|  |TAMS 0x0000000692800000| PB 0x0000000692800000| Untracked 
| 586|0x0000000692800000, 0x0000000692c00000, 0x0000000692c00000|100%| O|  |TAMS 0x0000000692c00000| PB 0x0000000692c00000| Untracked 
| 587|0x0000000692c00000, 0x0000000693000000, 0x0000000693000000|100%| O|  |TAMS 0x0000000693000000| PB 0x0000000693000000| Untracked 
| 588|0x0000000693000000, 0x0000000693400000, 0x0000000693400000|100%| O|  |TAMS 0x0000000693400000| PB 0x0000000693400000| Untracked 
| 589|0x0000000693400000, 0x0000000693800000, 0x0000000693800000|100%| O|  |TAMS 0x0000000693800000| PB 0x0000000693800000| Untracked 
| 590|0x0000000693800000, 0x0000000693c00000, 0x0000000693c00000|100%| O|  |TAMS 0x0000000693c00000| PB 0x0000000693c00000| Untracked 
| 591|0x0000000693c00000, 0x0000000694000000, 0x0000000694000000|100%| O|  |TAMS 0x0000000694000000| PB 0x0000000694000000| Untracked 
| 592|0x0000000694000000, 0x0000000694400000, 0x0000000694400000|100%| O|  |TAMS 0x0000000694400000| PB 0x0000000694400000| Untracked 
| 593|0x0000000694400000, 0x0000000694800000, 0x0000000694800000|100%| O|  |TAMS 0x0000000694800000| PB 0x0000000694800000| Untracked 
| 594|0x0000000694800000, 0x0000000694c00000, 0x0000000694c00000|100%| O|  |TAMS 0x0000000694c00000| PB 0x0000000694c00000| Untracked 
| 595|0x0000000694c00000, 0x0000000695000000, 0x0000000695000000|100%| O|  |TAMS 0x0000000695000000| PB 0x0000000695000000| Untracked 
| 596|0x0000000695000000, 0x0000000695400000, 0x0000000695400000|100%| O|  |TAMS 0x0000000695400000| PB 0x0000000695400000| Untracked 
| 597|0x0000000695400000, 0x0000000695800000, 0x0000000695800000|100%| O|  |TAMS 0x0000000695800000| PB 0x0000000695800000| Updating 
| 598|0x0000000695800000, 0x0000000695c00000, 0x0000000695c00000|100%| O|  |TAMS 0x0000000695c00000| PB 0x0000000695c00000| Updating 
| 599|0x0000000695c00000, 0x0000000696000000, 0x0000000696000000|100%| O|  |TAMS 0x0000000696000000| PB 0x0000000696000000| Updating 
| 600|0x0000000696000000, 0x0000000696400000, 0x0000000696400000|100%| O|  |TAMS 0x0000000696400000| PB 0x0000000696400000| Updating 
| 601|0x0000000696400000, 0x0000000696800000, 0x0000000696800000|100%| O|  |TAMS 0x0000000696800000| PB 0x0000000696800000| Updating 
| 602|0x0000000696800000, 0x0000000696c00000, 0x0000000696c00000|100%| O|  |TAMS 0x0000000696c00000| PB 0x0000000696c00000| Updating 
| 603|0x0000000696c00000, 0x0000000697000000, 0x0000000697000000|100%| O|  |TAMS 0x0000000697000000| PB 0x0000000697000000| Untracked 
| 604|0x0000000697000000, 0x0000000697400000, 0x0000000697400000|100%| O|  |TAMS 0x0000000697400000| PB 0x0000000697400000| Untracked 
| 605|0x0000000697400000, 0x0000000697800000, 0x0000000697800000|100%| O|  |TAMS 0x0000000697800000| PB 0x0000000697800000| Untracked 
| 606|0x0000000697800000, 0x0000000697c00000, 0x0000000697c00000|100%| O|  |TAMS 0x0000000697c00000| PB 0x0000000697c00000| Untracked 
| 607|0x0000000697c00000, 0x0000000698000000, 0x0000000698000000|100%| O|  |TAMS 0x0000000698000000| PB 0x0000000698000000| Untracked 
| 608|0x0000000698000000, 0x0000000698400000, 0x0000000698400000|100%| O|  |TAMS 0x0000000698400000| PB 0x0000000698400000| Untracked 
| 609|0x0000000698400000, 0x0000000698800000, 0x0000000698800000|100%| O|  |TAMS 0x0000000698800000| PB 0x0000000698800000| Untracked 
| 610|0x0000000698800000, 0x0000000698c00000, 0x0000000698c00000|100%| O|  |TAMS 0x0000000698c00000| PB 0x0000000698c00000| Untracked 
| 611|0x0000000698c00000, 0x0000000699000000, 0x0000000699000000|100%| O|  |TAMS 0x0000000699000000| PB 0x0000000699000000| Untracked 
| 612|0x0000000699000000, 0x0000000699400000, 0x0000000699400000|100%| O|  |TAMS 0x0000000699400000| PB 0x0000000699400000| Untracked 
| 613|0x0000000699400000, 0x0000000699800000, 0x0000000699800000|100%| O|  |TAMS 0x0000000699800000| PB 0x0000000699800000| Untracked 
| 614|0x0000000699800000, 0x0000000699c00000, 0x0000000699c00000|100%| O|  |TAMS 0x0000000699c00000| PB 0x0000000699c00000| Untracked 
| 615|0x0000000699c00000, 0x000000069a000000, 0x000000069a000000|100%| O|  |TAMS 0x000000069a000000| PB 0x000000069a000000| Untracked 
| 616|0x000000069a000000, 0x000000069a400000, 0x000000069a400000|100%| O|  |TAMS 0x000000069a400000| PB 0x000000069a400000| Untracked 
| 617|0x000000069a400000, 0x000000069a800000, 0x000000069a800000|100%| O|  |TAMS 0x000000069a800000| PB 0x000000069a800000| Untracked 
| 618|0x000000069a800000, 0x000000069ac00000, 0x000000069ac00000|100%| O|  |TAMS 0x000000069ac00000| PB 0x000000069ac00000| Untracked 
| 619|0x000000069ac00000, 0x000000069b000000, 0x000000069b000000|100%| O|  |TAMS 0x000000069b000000| PB 0x000000069b000000| Untracked 
| 620|0x000000069b000000, 0x000000069b400000, 0x000000069b400000|100%| O|  |TAMS 0x000000069b400000| PB 0x000000069b400000| Untracked 
| 621|0x000000069b400000, 0x000000069b800000, 0x000000069b800000|100%| O|  |TAMS 0x000000069b800000| PB 0x000000069b800000| Untracked 
| 622|0x000000069b800000, 0x000000069bc00000, 0x000000069bc00000|100%| O|  |TAMS 0x000000069bc00000| PB 0x000000069bc00000| Untracked 
| 623|0x000000069bc00000, 0x000000069c000000, 0x000000069c000000|100%| O|  |TAMS 0x000000069c000000| PB 0x000000069c000000| Untracked 
| 624|0x000000069c000000, 0x000000069c400000, 0x000000069c400000|100%| O|  |TAMS 0x000000069c400000| PB 0x000000069c400000| Untracked 
| 625|0x000000069c400000, 0x000000069c800000, 0x000000069c800000|100%| O|  |TAMS 0x000000069c800000| PB 0x000000069c800000| Untracked 
| 626|0x000000069c800000, 0x000000069cc00000, 0x000000069cc00000|100%| O|  |TAMS 0x000000069cc00000| PB 0x000000069cc00000| Untracked 
| 627|0x000000069cc00000, 0x000000069d000000, 0x000000069d000000|100%| O|  |TAMS 0x000000069d000000| PB 0x000000069d000000| Untracked 
| 628|0x000000069d000000, 0x000000069d400000, 0x000000069d400000|100%| O|  |TAMS 0x000000069d400000| PB 0x000000069d400000| Untracked 
| 629|0x000000069d400000, 0x000000069d800000, 0x000000069d800000|100%| O|  |TAMS 0x000000069d800000| PB 0x000000069d800000| Untracked 
| 630|0x000000069d800000, 0x000000069dc00000, 0x000000069dc00000|100%| O|  |TAMS 0x000000069dc00000| PB 0x000000069dc00000| Untracked 
| 631|0x000000069dc00000, 0x000000069e000000, 0x000000069e000000|100%| O|  |TAMS 0x000000069e000000| PB 0x000000069e000000| Untracked 
| 632|0x000000069e000000, 0x000000069e400000, 0x000000069e400000|100%| O|  |TAMS 0x000000069e400000| PB 0x000000069e400000| Untracked 
| 633|0x000000069e400000, 0x000000069e800000, 0x000000069e800000|100%| O|  |TAMS 0x000000069e800000| PB 0x000000069e800000| Untracked 
| 634|0x000000069e800000, 0x000000069ec00000, 0x000000069ec00000|100%| O|  |TAMS 0x000000069ec00000| PB 0x000000069ec00000| Untracked 
| 635|0x000000069ec00000, 0x000000069f000000, 0x000000069f000000|100%| O|  |TAMS 0x000000069f000000| PB 0x000000069f000000| Untracked 
| 636|0x000000069f000000, 0x000000069f400000, 0x000000069f400000|100%| O|  |TAMS 0x000000069f400000| PB 0x000000069f400000| Untracked 
| 637|0x000000069f400000, 0x000000069f800000, 0x000000069f800000|100%| O|  |TAMS 0x000000069f800000| PB 0x000000069f800000| Untracked 
| 638|0x000000069f800000, 0x000000069fc00000, 0x000000069fc00000|100%| O|  |TAMS 0x000000069fc00000| PB 0x000000069fc00000| Untracked 
| 639|0x000000069fc00000, 0x00000006a0000000, 0x00000006a0000000|100%| O|  |TAMS 0x00000006a0000000| PB 0x00000006a0000000| Untracked 
| 640|0x00000006a0000000, 0x00000006a0400000, 0x00000006a0400000|100%| O|  |TAMS 0x00000006a0400000| PB 0x00000006a0400000| Untracked 
| 641|0x00000006a0400000, 0x00000006a0800000, 0x00000006a0800000|100%| O|  |TAMS 0x00000006a0800000| PB 0x00000006a0800000| Untracked 
| 642|0x00000006a0800000, 0x00000006a0c00000, 0x00000006a0c00000|100%| O|  |TAMS 0x00000006a0c00000| PB 0x00000006a0c00000| Untracked 
| 643|0x00000006a0c00000, 0x00000006a1000000, 0x00000006a1000000|100%| O|  |TAMS 0x00000006a1000000| PB 0x00000006a1000000| Untracked 
| 644|0x00000006a1000000, 0x00000006a1400000, 0x00000006a1400000|100%| O|  |TAMS 0x00000006a1400000| PB 0x00000006a1400000| Untracked 
| 645|0x00000006a1400000, 0x00000006a1800000, 0x00000006a1800000|100%| O|  |TAMS 0x00000006a1800000| PB 0x00000006a1800000| Untracked 
| 646|0x00000006a1800000, 0x00000006a1c00000, 0x00000006a1c00000|100%| O|  |TAMS 0x00000006a1c00000| PB 0x00000006a1c00000| Untracked 
| 647|0x00000006a1c00000, 0x00000006a2000000, 0x00000006a2000000|100%| O|  |TAMS 0x00000006a2000000| PB 0x00000006a2000000| Untracked 
| 648|0x00000006a2000000, 0x00000006a2400000, 0x00000006a2400000|100%| O|  |TAMS 0x00000006a2400000| PB 0x00000006a2400000| Untracked 
| 649|0x00000006a2400000, 0x00000006a2800000, 0x00000006a2800000|100%| O|  |TAMS 0x00000006a2800000| PB 0x00000006a2800000| Untracked 
| 650|0x00000006a2800000, 0x00000006a2c00000, 0x00000006a2c00000|100%| O|  |TAMS 0x00000006a2c00000| PB 0x00000006a2c00000| Untracked 
| 651|0x00000006a2c00000, 0x00000006a3000000, 0x00000006a3000000|100%| O|  |TAMS 0x00000006a3000000| PB 0x00000006a3000000| Untracked 
| 652|0x00000006a3000000, 0x00000006a3400000, 0x00000006a3400000|100%| O|  |TAMS 0x00000006a3400000| PB 0x00000006a3400000| Untracked 
| 653|0x00000006a3400000, 0x00000006a3800000, 0x00000006a3800000|100%| O|  |TAMS 0x00000006a3800000| PB 0x00000006a3800000| Untracked 
| 654|0x00000006a3800000, 0x00000006a3c00000, 0x00000006a3c00000|100%| O|  |TAMS 0x00000006a3c00000| PB 0x00000006a3c00000| Untracked 
| 655|0x00000006a3c00000, 0x00000006a4000000, 0x00000006a4000000|100%| O|  |TAMS 0x00000006a4000000| PB 0x00000006a4000000| Untracked 
| 656|0x00000006a4000000, 0x00000006a4400000, 0x00000006a4400000|100%| O|  |TAMS 0x00000006a4400000| PB 0x00000006a4400000| Untracked 
| 657|0x00000006a4400000, 0x00000006a4800000, 0x00000006a4800000|100%| O|  |TAMS 0x00000006a4800000| PB 0x00000006a4800000| Untracked 
| 658|0x00000006a4800000, 0x00000006a4c00000, 0x00000006a4c00000|100%| O|  |TAMS 0x00000006a4c00000| PB 0x00000006a4c00000| Untracked 
| 659|0x00000006a4c00000, 0x00000006a5000000, 0x00000006a5000000|100%| O|  |TAMS 0x00000006a5000000| PB 0x00000006a5000000| Updating 
| 660|0x00000006a5000000, 0x00000006a5400000, 0x00000006a5400000|100%| O|  |TAMS 0x00000006a5400000| PB 0x00000006a5400000| Untracked 
| 661|0x00000006a5400000, 0x00000006a5800000, 0x00000006a5800000|100%| O|  |TAMS 0x00000006a5800000| PB 0x00000006a5800000| Untracked 
| 662|0x00000006a5800000, 0x00000006a5c00000, 0x00000006a5c00000|100%| O|  |TAMS 0x00000006a5c00000| PB 0x00000006a5c00000| Untracked 
| 663|0x00000006a5c00000, 0x00000006a6000000, 0x00000006a6000000|100%| O|  |TAMS 0x00000006a6000000| PB 0x00000006a6000000| Updating 
| 664|0x00000006a6000000, 0x00000006a6400000, 0x00000006a6400000|100%| O|  |TAMS 0x00000006a6400000| PB 0x00000006a6400000| Updating 
| 665|0x00000006a6400000, 0x00000006a6800000, 0x00000006a6800000|100%| O|  |TAMS 0x00000006a6800000| PB 0x00000006a6800000| Updating 
| 666|0x00000006a6800000, 0x00000006a6c00000, 0x00000006a6c00000|100%| O|  |TAMS 0x00000006a6c00000| PB 0x00000006a6c00000| Updating 
| 667|0x00000006a6c00000, 0x00000006a7000000, 0x00000006a7000000|100%| O|  |TAMS 0x00000006a7000000| PB 0x00000006a7000000| Untracked 
| 668|0x00000006a7000000, 0x00000006a7400000, 0x00000006a7400000|100%| O|  |TAMS 0x00000006a7400000| PB 0x00000006a7400000| Untracked 
| 669|0x00000006a7400000, 0x00000006a7800000, 0x00000006a7800000|100%| O|  |TAMS 0x00000006a7800000| PB 0x00000006a7800000| Untracked 
| 670|0x00000006a7800000, 0x00000006a7c00000, 0x00000006a7c00000|100%| O|  |TAMS 0x00000006a7c00000| PB 0x00000006a7c00000| Untracked 
| 671|0x00000006a7c00000, 0x00000006a8000000, 0x00000006a8000000|100%| O|  |TAMS 0x00000006a8000000| PB 0x00000006a8000000| Untracked 
| 672|0x00000006a8000000, 0x00000006a8400000, 0x00000006a8400000|100%| O|  |TAMS 0x00000006a8400000| PB 0x00000006a8400000| Untracked 
| 673|0x00000006a8400000, 0x00000006a8800000, 0x00000006a8800000|100%| O|  |TAMS 0x00000006a8800000| PB 0x00000006a8800000| Untracked 
| 674|0x00000006a8800000, 0x00000006a8c00000, 0x00000006a8c00000|100%| O|  |TAMS 0x00000006a8c00000| PB 0x00000006a8c00000| Untracked 
| 675|0x00000006a8c00000, 0x00000006a9000000, 0x00000006a9000000|100%| O|  |TAMS 0x00000006a9000000| PB 0x00000006a9000000| Untracked 
| 676|0x00000006a9000000, 0x00000006a9400000, 0x00000006a9400000|100%| O|  |TAMS 0x00000006a9400000| PB 0x00000006a9400000| Untracked 
| 677|0x00000006a9400000, 0x00000006a9800000, 0x00000006a9800000|100%| O|  |TAMS 0x00000006a9800000| PB 0x00000006a9800000| Untracked 
| 678|0x00000006a9800000, 0x00000006a9c00000, 0x00000006a9c00000|100%| O|  |TAMS 0x00000006a9c00000| PB 0x00000006a9c00000| Untracked 
| 679|0x00000006a9c00000, 0x00000006aa000000, 0x00000006aa000000|100%| O|  |TAMS 0x00000006aa000000| PB 0x00000006aa000000| Untracked 
| 680|0x00000006aa000000, 0x00000006aa400000, 0x00000006aa400000|100%| O|  |TAMS 0x00000006aa400000| PB 0x00000006aa400000| Untracked 
| 681|0x00000006aa400000, 0x00000006aa800000, 0x00000006aa800000|100%| O|  |TAMS 0x00000006aa800000| PB 0x00000006aa800000| Untracked 
| 682|0x00000006aa800000, 0x00000006aac00000, 0x00000006aac00000|100%| O|  |TAMS 0x00000006aac00000| PB 0x00000006aac00000| Untracked 
| 683|0x00000006aac00000, 0x00000006ab000000, 0x00000006ab000000|100%| O|  |TAMS 0x00000006ab000000| PB 0x00000006ab000000| Untracked 
| 684|0x00000006ab000000, 0x00000006ab400000, 0x00000006ab400000|100%| O|  |TAMS 0x00000006ab400000| PB 0x00000006ab400000| Untracked 
| 685|0x00000006ab400000, 0x00000006ab800000, 0x00000006ab800000|100%| O|  |TAMS 0x00000006ab800000| PB 0x00000006ab800000| Untracked 
| 686|0x00000006ab800000, 0x00000006abc00000, 0x00000006abc00000|100%| O|  |TAMS 0x00000006abc00000| PB 0x00000006abc00000| Untracked 
| 687|0x00000006abc00000, 0x00000006ac000000, 0x00000006ac000000|100%| O|  |TAMS 0x00000006ac000000| PB 0x00000006ac000000| Untracked 
| 688|0x00000006ac000000, 0x00000006ac400000, 0x00000006ac400000|100%| O|  |TAMS 0x00000006ac400000| PB 0x00000006ac400000| Untracked 
| 689|0x00000006ac400000, 0x00000006ac800000, 0x00000006ac800000|100%| O|  |TAMS 0x00000006ac800000| PB 0x00000006ac800000| Untracked 
| 690|0x00000006ac800000, 0x00000006acc00000, 0x00000006acc00000|100%| O|  |TAMS 0x00000006acc00000| PB 0x00000006acc00000| Untracked 
| 691|0x00000006acc00000, 0x00000006ad000000, 0x00000006ad000000|100%| O|  |TAMS 0x00000006ad000000| PB 0x00000006ad000000| Untracked 
| 692|0x00000006ad000000, 0x00000006ad400000, 0x00000006ad400000|100%| O|  |TAMS 0x00000006ad400000| PB 0x00000006ad400000| Untracked 
| 693|0x00000006ad400000, 0x00000006ad800000, 0x00000006ad800000|100%| O|  |TAMS 0x00000006ad800000| PB 0x00000006ad800000| Untracked 
| 694|0x00000006ad800000, 0x00000006adc00000, 0x00000006adc00000|100%| O|  |TAMS 0x00000006adc00000| PB 0x00000006adc00000| Untracked 
| 695|0x00000006adc00000, 0x00000006ae000000, 0x00000006ae000000|100%| O|  |TAMS 0x00000006ae000000| PB 0x00000006ae000000| Untracked 
| 696|0x00000006ae000000, 0x00000006ae400000, 0x00000006ae400000|100%| O|  |TAMS 0x00000006ae400000| PB 0x00000006ae400000| Untracked 
| 697|0x00000006ae400000, 0x00000006ae800000, 0x00000006ae800000|100%| O|  |TAMS 0x00000006ae800000| PB 0x00000006ae800000| Untracked 
| 698|0x00000006ae800000, 0x00000006aec00000, 0x00000006aec00000|100%| O|  |TAMS 0x00000006aec00000| PB 0x00000006aec00000| Untracked 
| 699|0x00000006aec00000, 0x00000006af000000, 0x00000006af000000|100%| O|  |TAMS 0x00000006af000000| PB 0x00000006af000000| Untracked 
| 700|0x00000006af000000, 0x00000006af400000, 0x00000006af400000|100%| O|  |TAMS 0x00000006af400000| PB 0x00000006af400000| Untracked 
| 701|0x00000006af400000, 0x00000006af800000, 0x00000006af800000|100%| O|  |TAMS 0x00000006af800000| PB 0x00000006af800000| Untracked 
| 702|0x00000006af800000, 0x00000006afc00000, 0x00000006afc00000|100%| O|  |TAMS 0x00000006afc00000| PB 0x00000006afc00000| Updating 
| 703|0x00000006afc00000, 0x00000006b0000000, 0x00000006b0000000|100%| O|  |TAMS 0x00000006b0000000| PB 0x00000006b0000000| Untracked 
| 704|0x00000006b0000000, 0x00000006b0400000, 0x00000006b0400000|100%| O|  |TAMS 0x00000006b0400000| PB 0x00000006b0400000| Untracked 
| 705|0x00000006b0400000, 0x00000006b0800000, 0x00000006b0800000|100%| O|  |TAMS 0x00000006b0800000| PB 0x00000006b0800000| Untracked 
| 706|0x00000006b0800000, 0x00000006b0c00000, 0x00000006b0c00000|100%| O|  |TAMS 0x00000006b0c00000| PB 0x00000006b0c00000| Updating 
| 707|0x00000006b0c00000, 0x00000006b1000000, 0x00000006b1000000|100%| O|  |TAMS 0x00000006b1000000| PB 0x00000006b1000000| Updating 
| 708|0x00000006b1000000, 0x00000006b1400000, 0x00000006b1400000|100%| O|  |TAMS 0x00000006b1400000| PB 0x00000006b1400000| Updating 
| 709|0x00000006b1400000, 0x00000006b1800000, 0x00000006b1800000|100%| O|  |TAMS 0x00000006b1800000| PB 0x00000006b1800000| Updating 
| 710|0x00000006b1800000, 0x00000006b1c00000, 0x00000006b1c00000|100%| O|  |TAMS 0x00000006b1c00000| PB 0x00000006b1c00000| Updating 
| 711|0x00000006b1c00000, 0x00000006b2000000, 0x00000006b2000000|100%| O|  |TAMS 0x00000006b2000000| PB 0x00000006b2000000| Untracked 
| 712|0x00000006b2000000, 0x00000006b2400000, 0x00000006b2400000|100%| O|  |TAMS 0x00000006b2400000| PB 0x00000006b2400000| Untracked 
| 713|0x00000006b2400000, 0x00000006b2800000, 0x00000006b2800000|100%| O|  |TAMS 0x00000006b2800000| PB 0x00000006b2800000| Untracked 
| 714|0x00000006b2800000, 0x00000006b2c00000, 0x00000006b2c00000|100%| O|  |TAMS 0x00000006b2c00000| PB 0x00000006b2c00000| Untracked 
| 715|0x00000006b2c00000, 0x00000006b3000000, 0x00000006b3000000|100%| O|  |TAMS 0x00000006b3000000| PB 0x00000006b3000000| Untracked 
| 716|0x00000006b3000000, 0x00000006b3400000, 0x00000006b3400000|100%| O|  |TAMS 0x00000006b3400000| PB 0x00000006b3400000| Untracked 
| 717|0x00000006b3400000, 0x00000006b3800000, 0x00000006b3800000|100%| O|  |TAMS 0x00000006b3800000| PB 0x00000006b3800000| Untracked 
| 718|0x00000006b3800000, 0x00000006b3c00000, 0x00000006b3c00000|100%| O|  |TAMS 0x00000006b3c00000| PB 0x00000006b3c00000| Untracked 
| 719|0x00000006b3c00000, 0x00000006b4000000, 0x00000006b4000000|100%| O|  |TAMS 0x00000006b4000000| PB 0x00000006b4000000| Untracked 
| 720|0x00000006b4000000, 0x00000006b4400000, 0x00000006b4400000|100%| O|  |TAMS 0x00000006b4400000| PB 0x00000006b4400000| Untracked 
| 721|0x00000006b4400000, 0x00000006b4800000, 0x00000006b4800000|100%| O|  |TAMS 0x00000006b4800000| PB 0x00000006b4800000| Untracked 
| 722|0x00000006b4800000, 0x00000006b4c00000, 0x00000006b4c00000|100%| O|  |TAMS 0x00000006b4c00000| PB 0x00000006b4c00000| Untracked 
| 723|0x00000006b4c00000, 0x00000006b5000000, 0x00000006b5000000|100%| O|  |TAMS 0x00000006b5000000| PB 0x00000006b5000000| Untracked 
| 724|0x00000006b5000000, 0x00000006b5400000, 0x00000006b5400000|100%| O|  |TAMS 0x00000006b5400000| PB 0x00000006b5400000| Untracked 
| 725|0x00000006b5400000, 0x00000006b5800000, 0x00000006b5800000|100%| O|  |TAMS 0x00000006b5800000| PB 0x00000006b5800000| Untracked 
| 726|0x00000006b5800000, 0x00000006b5c00000, 0x00000006b5c00000|100%| O|  |TAMS 0x00000006b5c00000| PB 0x00000006b5c00000| Untracked 
| 727|0x00000006b5c00000, 0x00000006b6000000, 0x00000006b6000000|100%| O|  |TAMS 0x00000006b6000000| PB 0x00000006b6000000| Untracked 
| 728|0x00000006b6000000, 0x00000006b6400000, 0x00000006b6400000|100%| O|  |TAMS 0x00000006b6400000| PB 0x00000006b6400000| Untracked 
| 729|0x00000006b6400000, 0x00000006b6800000, 0x00000006b6800000|100%| O|  |TAMS 0x00000006b6800000| PB 0x00000006b6800000| Untracked 
| 730|0x00000006b6800000, 0x00000006b6c00000, 0x00000006b6c00000|100%| O|  |TAMS 0x00000006b6c00000| PB 0x00000006b6c00000| Untracked 
| 731|0x00000006b6c00000, 0x00000006b7000000, 0x00000006b7000000|100%| O|  |TAMS 0x00000006b7000000| PB 0x00000006b7000000| Untracked 
| 732|0x00000006b7000000, 0x00000006b7400000, 0x00000006b7400000|100%| O|  |TAMS 0x00000006b7400000| PB 0x00000006b7400000| Untracked 
| 733|0x00000006b7400000, 0x00000006b7800000, 0x00000006b7800000|100%| O|  |TAMS 0x00000006b7800000| PB 0x00000006b7800000| Untracked 
| 734|0x00000006b7800000, 0x00000006b7c00000, 0x00000006b7c00000|100%| O|  |TAMS 0x00000006b7c00000| PB 0x00000006b7c00000| Untracked 
| 735|0x00000006b7c00000, 0x00000006b8000000, 0x00000006b8000000|100%| O|  |TAMS 0x00000006b8000000| PB 0x00000006b8000000| Untracked 
| 736|0x00000006b8000000, 0x00000006b8400000, 0x00000006b8400000|100%| O|  |TAMS 0x00000006b8400000| PB 0x00000006b8400000| Untracked 
| 737|0x00000006b8400000, 0x00000006b8800000, 0x00000006b8800000|100%| O|  |TAMS 0x00000006b8800000| PB 0x00000006b8800000| Untracked 
| 738|0x00000006b8800000, 0x00000006b8c00000, 0x00000006b8c00000|100%| O|  |TAMS 0x00000006b8c00000| PB 0x00000006b8c00000| Untracked 
| 739|0x00000006b8c00000, 0x00000006b9000000, 0x00000006b9000000|100%| O|  |TAMS 0x00000006b9000000| PB 0x00000006b9000000| Untracked 
| 740|0x00000006b9000000, 0x00000006b9400000, 0x00000006b9400000|100%| O|  |TAMS 0x00000006b9400000| PB 0x00000006b9400000| Untracked 
| 741|0x00000006b9400000, 0x00000006b9800000, 0x00000006b9800000|100%| O|  |TAMS 0x00000006b9800000| PB 0x00000006b9800000| Untracked 
| 742|0x00000006b9800000, 0x00000006b9c00000, 0x00000006b9c00000|100%| O|  |TAMS 0x00000006b9c00000| PB 0x00000006b9c00000| Untracked 
| 743|0x00000006b9c00000, 0x00000006ba000000, 0x00000006ba000000|100%| O|  |TAMS 0x00000006ba000000| PB 0x00000006ba000000| Untracked 
| 744|0x00000006ba000000, 0x00000006ba400000, 0x00000006ba400000|100%| O|  |TAMS 0x00000006ba400000| PB 0x00000006ba400000| Untracked 
| 745|0x00000006ba400000, 0x00000006ba800000, 0x00000006ba800000|100%| O|  |TAMS 0x00000006ba800000| PB 0x00000006ba800000| Untracked 
| 746|0x00000006ba800000, 0x00000006bac00000, 0x00000006bac00000|100%| O|  |TAMS 0x00000006bac00000| PB 0x00000006bac00000| Untracked 
| 747|0x00000006bac00000, 0x00000006bb000000, 0x00000006bb000000|100%| O|  |TAMS 0x00000006bb000000| PB 0x00000006bb000000| Untracked 
| 748|0x00000006bb000000, 0x00000006bb400000, 0x00000006bb400000|100%| O|  |TAMS 0x00000006bb400000| PB 0x00000006bb400000| Untracked 
| 749|0x00000006bb400000, 0x00000006bb800000, 0x00000006bb800000|100%| O|  |TAMS 0x00000006bb800000| PB 0x00000006bb800000| Untracked 
| 750|0x00000006bb800000, 0x00000006bbc00000, 0x00000006bbc00000|100%| O|  |TAMS 0x00000006bbc00000| PB 0x00000006bbc00000| Untracked 
| 751|0x00000006bbc00000, 0x00000006bc000000, 0x00000006bc000000|100%| O|  |TAMS 0x00000006bc000000| PB 0x00000006bc000000| Untracked 
| 752|0x00000006bc000000, 0x00000006bc400000, 0x00000006bc400000|100%| O|  |TAMS 0x00000006bc400000| PB 0x00000006bc400000| Untracked 
| 753|0x00000006bc400000, 0x00000006bc800000, 0x00000006bc800000|100%| O|  |TAMS 0x00000006bc800000| PB 0x00000006bc800000| Untracked 
| 754|0x00000006bc800000, 0x00000006bcc00000, 0x00000006bcc00000|100%| O|  |TAMS 0x00000006bcc00000| PB 0x00000006bcc00000| Untracked 
| 755|0x00000006bcc00000, 0x00000006bd000000, 0x00000006bd000000|100%| O|  |TAMS 0x00000006bd000000| PB 0x00000006bd000000| Untracked 
| 756|0x00000006bd000000, 0x00000006bd400000, 0x00000006bd400000|100%| O|  |TAMS 0x00000006bd400000| PB 0x00000006bd400000| Untracked 
| 757|0x00000006bd400000, 0x00000006bd800000, 0x00000006bd800000|100%| O|  |TAMS 0x00000006bd800000| PB 0x00000006bd800000| Untracked 
| 758|0x00000006bd800000, 0x00000006bdc00000, 0x00000006bdc00000|100%| O|  |TAMS 0x00000006bdc00000| PB 0x00000006bdc00000| Untracked 
| 759|0x00000006bdc00000, 0x00000006be000000, 0x00000006be000000|100%| O|  |TAMS 0x00000006be000000| PB 0x00000006be000000| Untracked 
| 760|0x00000006be000000, 0x00000006be400000, 0x00000006be400000|100%| O|  |TAMS 0x00000006be400000| PB 0x00000006be400000| Untracked 
| 761|0x00000006be400000, 0x00000006be800000, 0x00000006be800000|100%| O|  |TAMS 0x00000006be800000| PB 0x00000006be800000| Untracked 
| 762|0x00000006be800000, 0x00000006bec00000, 0x00000006bec00000|100%| O|  |TAMS 0x00000006bec00000| PB 0x00000006bec00000| Untracked 
| 763|0x00000006bec00000, 0x00000006bf000000, 0x00000006bf000000|100%| O|  |TAMS 0x00000006bf000000| PB 0x00000006bf000000| Untracked 
| 764|0x00000006bf000000, 0x00000006bf400000, 0x00000006bf400000|100%| O|  |TAMS 0x00000006bf400000| PB 0x00000006bf400000| Untracked 
| 765|0x00000006bf400000, 0x00000006bf800000, 0x00000006bf800000|100%| O|  |TAMS 0x00000006bf800000| PB 0x00000006bf800000| Untracked 
| 766|0x00000006bf800000, 0x00000006bfc00000, 0x00000006bfc00000|100%| O|  |TAMS 0x00000006bfc00000| PB 0x00000006bfc00000| Untracked 
| 767|0x00000006bfc00000, 0x00000006c0000000, 0x00000006c0000000|100%| O|  |TAMS 0x00000006c0000000| PB 0x00000006c0000000| Untracked 
| 768|0x00000006c0000000, 0x00000006c0400000, 0x00000006c0400000|100%| O|  |TAMS 0x00000006c0400000| PB 0x00000006c0400000| Untracked 
| 769|0x00000006c0400000, 0x00000006c0800000, 0x00000006c0800000|100%| O|  |TAMS 0x00000006c0800000| PB 0x00000006c0800000| Updating 
| 770|0x00000006c0800000, 0x00000006c0c00000, 0x00000006c0c00000|100%| O|  |TAMS 0x00000006c0c00000| PB 0x00000006c0c00000| Updating 
| 771|0x00000006c0c00000, 0x00000006c1000000, 0x00000006c1000000|100%| O|  |TAMS 0x00000006c1000000| PB 0x00000006c1000000| Updating 
| 772|0x00000006c1000000, 0x00000006c1400000, 0x00000006c1400000|100%| O|  |TAMS 0x00000006c1400000| PB 0x00000006c1400000| Updating 
| 773|0x00000006c1400000, 0x00000006c1800000, 0x00000006c1800000|100%| O|  |TAMS 0x00000006c1800000| PB 0x00000006c1800000| Untracked 
| 774|0x00000006c1800000, 0x00000006c1c00000, 0x00000006c1c00000|100%| O|  |TAMS 0x00000006c1c00000| PB 0x00000006c1c00000| Untracked 
| 775|0x00000006c1c00000, 0x00000006c2000000, 0x00000006c2000000|100%| O|  |TAMS 0x00000006c2000000| PB 0x00000006c2000000| Untracked 
| 776|0x00000006c2000000, 0x00000006c2400000, 0x00000006c2400000|100%| O|  |TAMS 0x00000006c2400000| PB 0x00000006c2400000| Untracked 
| 777|0x00000006c2400000, 0x00000006c2800000, 0x00000006c2800000|100%| O|  |TAMS 0x00000006c2800000| PB 0x00000006c2800000| Untracked 
| 778|0x00000006c2800000, 0x00000006c2c00000, 0x00000006c2c00000|100%| O|  |TAMS 0x00000006c2c00000| PB 0x00000006c2c00000| Untracked 
| 779|0x00000006c2c00000, 0x00000006c3000000, 0x00000006c3000000|100%| O|  |TAMS 0x00000006c3000000| PB 0x00000006c3000000| Untracked 
| 780|0x00000006c3000000, 0x00000006c3400000, 0x00000006c3400000|100%| O|  |TAMS 0x00000006c3400000| PB 0x00000006c3400000| Untracked 
| 781|0x00000006c3400000, 0x00000006c3800000, 0x00000006c3800000|100%| O|  |TAMS 0x00000006c3800000| PB 0x00000006c3800000| Updating 
| 782|0x00000006c3800000, 0x00000006c3c00000, 0x00000006c3c00000|100%| O|  |TAMS 0x00000006c3c00000| PB 0x00000006c3c00000| Untracked 
| 783|0x00000006c3c00000, 0x00000006c4000000, 0x00000006c4000000|100%| O|  |TAMS 0x00000006c4000000| PB 0x00000006c4000000| Untracked 
| 784|0x00000006c4000000, 0x00000006c4400000, 0x00000006c4400000|100%| O|  |TAMS 0x00000006c4400000| PB 0x00000006c4400000| Untracked 
| 785|0x00000006c4400000, 0x00000006c4800000, 0x00000006c4800000|100%| O|  |TAMS 0x00000006c4800000| PB 0x00000006c4800000| Untracked 
| 786|0x00000006c4800000, 0x00000006c4c00000, 0x00000006c4c00000|100%| O|  |TAMS 0x00000006c4c00000| PB 0x00000006c4c00000| Untracked 
| 787|0x00000006c4c00000, 0x00000006c5000000, 0x00000006c5000000|100%| O|  |TAMS 0x00000006c5000000| PB 0x00000006c5000000| Untracked 
| 788|0x00000006c5000000, 0x00000006c5400000, 0x00000006c5400000|100%| O|  |TAMS 0x00000006c5400000| PB 0x00000006c5400000| Untracked 
| 789|0x00000006c5400000, 0x00000006c5800000, 0x00000006c5800000|100%| O|  |TAMS 0x00000006c5800000| PB 0x00000006c5800000| Untracked 
| 790|0x00000006c5800000, 0x00000006c5c00000, 0x00000006c5c00000|100%| O|  |TAMS 0x00000006c5c00000| PB 0x00000006c5c00000| Untracked 
| 791|0x00000006c5c00000, 0x00000006c6000000, 0x00000006c6000000|100%| O|  |TAMS 0x00000006c6000000| PB 0x00000006c6000000| Untracked 
| 792|0x00000006c6000000, 0x00000006c6400000, 0x00000006c6400000|100%| O|  |TAMS 0x00000006c6400000| PB 0x00000006c6400000| Untracked 
| 793|0x00000006c6400000, 0x00000006c6800000, 0x00000006c6800000|100%| O|  |TAMS 0x00000006c6800000| PB 0x00000006c6800000| Untracked 
| 794|0x00000006c6800000, 0x00000006c6c00000, 0x00000006c6c00000|100%| O|  |TAMS 0x00000006c6c00000| PB 0x00000006c6c00000| Untracked 
| 795|0x00000006c6c00000, 0x00000006c7000000, 0x00000006c7000000|100%| O|  |TAMS 0x00000006c7000000| PB 0x00000006c7000000| Untracked 
| 796|0x00000006c7000000, 0x00000006c7400000, 0x00000006c7400000|100%| O|  |TAMS 0x00000006c7400000| PB 0x00000006c7400000| Untracked 
| 797|0x00000006c7400000, 0x00000006c7800000, 0x00000006c7800000|100%| O|  |TAMS 0x00000006c7800000| PB 0x00000006c7800000| Untracked 
| 798|0x00000006c7800000, 0x00000006c7c00000, 0x00000006c7c00000|100%| O|  |TAMS 0x00000006c7c00000| PB 0x00000006c7c00000| Untracked 
| 799|0x00000006c7c00000, 0x00000006c8000000, 0x00000006c8000000|100%| O|  |TAMS 0x00000006c8000000| PB 0x00000006c8000000| Updating 
| 800|0x00000006c8000000, 0x00000006c8400000, 0x00000006c8400000|100%| O|  |TAMS 0x00000006c8400000| PB 0x00000006c8400000| Untracked 
| 801|0x00000006c8400000, 0x00000006c8800000, 0x00000006c8800000|100%| O|  |TAMS 0x00000006c8800000| PB 0x00000006c8800000| Untracked 
| 802|0x00000006c8800000, 0x00000006c8c00000, 0x00000006c8c00000|100%| O|  |TAMS 0x00000006c8c00000| PB 0x00000006c8c00000| Updating 
| 803|0x00000006c8c00000, 0x00000006c9000000, 0x00000006c9000000|100%| O|  |TAMS 0x00000006c9000000| PB 0x00000006c9000000| Updating 
| 804|0x00000006c9000000, 0x00000006c9400000, 0x00000006c9400000|100%| O|  |TAMS 0x00000006c9400000| PB 0x00000006c9400000| Untracked 
| 805|0x00000006c9400000, 0x00000006c9800000, 0x00000006c9800000|100%| O|  |TAMS 0x00000006c9800000| PB 0x00000006c9800000| Untracked 
| 806|0x00000006c9800000, 0x00000006c9c00000, 0x00000006c9c00000|100%| O|  |TAMS 0x00000006c9c00000| PB 0x00000006c9c00000| Updating 
| 807|0x00000006c9c00000, 0x00000006ca000000, 0x00000006ca000000|100%| O|  |TAMS 0x00000006ca000000| PB 0x00000006ca000000| Updating 
| 808|0x00000006ca000000, 0x00000006ca400000, 0x00000006ca400000|100%| O|  |TAMS 0x00000006ca400000| PB 0x00000006ca400000| Untracked 
| 809|0x00000006ca400000, 0x00000006ca800000, 0x00000006ca800000|100%| O|  |TAMS 0x00000006ca800000| PB 0x00000006ca800000| Updating 
| 810|0x00000006ca800000, 0x00000006cac00000, 0x00000006cac00000|100%| O|  |TAMS 0x00000006cac00000| PB 0x00000006cac00000| Updating 
| 811|0x00000006cac00000, 0x00000006cb000000, 0x00000006cb000000|100%| O|  |TAMS 0x00000006cae00000| PB 0x00000006cae00000| Updating 
| 812|0x00000006cb000000, 0x00000006cb400000, 0x00000006cb400000|100%| O|  |TAMS 0x00000006cb000000| PB 0x00000006cb000000| Untracked 
| 813|0x00000006cb400000, 0x00000006cb800000, 0x00000006cb800000|100%| O|  |TAMS 0x00000006cb400000| PB 0x00000006cb400000| Untracked 
| 814|0x00000006cb800000, 0x00000006cbc00000, 0x00000006cbc00000|100%| O|  |TAMS 0x00000006cb800000| PB 0x00000006cb800000| Untracked 
| 815|0x00000006cbc00000, 0x00000006cc000000, 0x00000006cc000000|100%| O|  |TAMS 0x00000006cbc00000| PB 0x00000006cbc00000| Untracked 
| 816|0x00000006cc000000, 0x00000006cc400000, 0x00000006cc400000|100%| O|  |TAMS 0x00000006cc000000| PB 0x00000006cc000000| Untracked 
| 817|0x00000006cc400000, 0x00000006cc800000, 0x00000006cc800000|100%| O|  |TAMS 0x00000006cc400000| PB 0x00000006cc400000| Untracked 
| 818|0x00000006cc800000, 0x00000006ccc00000, 0x00000006ccc00000|100%| O|  |TAMS 0x00000006cc800000| PB 0x00000006cc800000| Untracked 
| 819|0x00000006ccc00000, 0x00000006cd000000, 0x00000006cd000000|100%| O|  |TAMS 0x00000006ccc00000| PB 0x00000006ccc00000| Untracked 
| 820|0x00000006cd000000, 0x00000006cd400000, 0x00000006cd400000|100%| O|  |TAMS 0x00000006cd000000| PB 0x00000006cd000000| Untracked 
| 821|0x00000006cd400000, 0x00000006cd800000, 0x00000006cd800000|100%| O|  |TAMS 0x00000006cd400000| PB 0x00000006cd400000| Untracked 
| 822|0x00000006cd800000, 0x00000006cdc00000, 0x00000006cdc00000|100%| O|  |TAMS 0x00000006cd800000| PB 0x00000006cd800000| Untracked 
| 823|0x00000006cdc00000, 0x00000006ce000000, 0x00000006ce000000|100%| O|  |TAMS 0x00000006cdc00000| PB 0x00000006cdc00000| Untracked 
| 824|0x00000006ce000000, 0x00000006ce400000, 0x00000006ce400000|100%| O|  |TAMS 0x00000006ce000000| PB 0x00000006ce000000| Untracked 
| 825|0x00000006ce400000, 0x00000006ce800000, 0x00000006ce800000|100%| O|  |TAMS 0x00000006ce400000| PB 0x00000006ce400000| Untracked 
| 826|0x00000006ce800000, 0x00000006cec00000, 0x00000006cec00000|100%| O|  |TAMS 0x00000006ce800000| PB 0x00000006ce800000| Untracked 
| 827|0x00000006cec00000, 0x00000006cf000000, 0x00000006cf000000|100%| O|  |TAMS 0x00000006cec00000| PB 0x00000006cec00000| Untracked 
| 828|0x00000006cf000000, 0x00000006cf400000, 0x00000006cf400000|100%| O|  |TAMS 0x00000006cf000000| PB 0x00000006cf000000| Untracked 
| 829|0x00000006cf400000, 0x00000006cf800000, 0x00000006cf800000|100%| O|  |TAMS 0x00000006cf400000| PB 0x00000006cf400000| Untracked 
| 830|0x00000006cf800000, 0x00000006cfc00000, 0x00000006cfc00000|100%| O|  |TAMS 0x00000006cf800000| PB 0x00000006cf800000| Untracked 
| 831|0x00000006cfc00000, 0x00000006d0000000, 0x00000006d0000000|100%| O|  |TAMS 0x00000006cfc00000| PB 0x00000006cfc00000| Untracked 
| 832|0x00000006d0000000, 0x00000006d0400000, 0x00000006d0400000|100%| O|  |TAMS 0x00000006d0000000| PB 0x00000006d0000000| Untracked 
| 833|0x00000006d0400000, 0x00000006d0800000, 0x00000006d0800000|100%| O|  |TAMS 0x00000006d0400000| PB 0x00000006d0400000| Untracked 
| 834|0x00000006d0800000, 0x00000006d0c00000, 0x00000006d0c00000|100%| O|  |TAMS 0x00000006d0800000| PB 0x00000006d0800000| Untracked 
| 835|0x00000006d0c00000, 0x00000006d1000000, 0x00000006d1000000|100%| O|  |TAMS 0x00000006d0c00000| PB 0x00000006d0c00000| Untracked 
| 836|0x00000006d1000000, 0x00000006d1400000, 0x00000006d1400000|100%| O|  |TAMS 0x00000006d1000000| PB 0x00000006d1000000| Untracked 
| 837|0x00000006d1400000, 0x00000006d1800000, 0x00000006d1800000|100%| O|  |TAMS 0x00000006d1400000| PB 0x00000006d1400000| Untracked 
| 838|0x00000006d1800000, 0x00000006d1c00000, 0x00000006d1c00000|100%| O|  |TAMS 0x00000006d1800000| PB 0x00000006d1800000| Untracked 
| 839|0x00000006d1c00000, 0x00000006d2000000, 0x00000006d2000000|100%| O|  |TAMS 0x00000006d1c00000| PB 0x00000006d1c00000| Untracked 
| 840|0x00000006d2000000, 0x00000006d2400000, 0x00000006d2400000|100%| O|  |TAMS 0x00000006d2000000| PB 0x00000006d2000000| Untracked 
| 841|0x00000006d2400000, 0x00000006d2800000, 0x00000006d2800000|100%| O|  |TAMS 0x00000006d2400000| PB 0x00000006d2400000| Untracked 
| 842|0x00000006d2800000, 0x00000006d2c00000, 0x00000006d2c00000|100%| O|  |TAMS 0x00000006d2800000| PB 0x00000006d2800000| Untracked 
| 843|0x00000006d2c00000, 0x00000006d3000000, 0x00000006d3000000|100%| O|  |TAMS 0x00000006d2c00000| PB 0x00000006d2c00000| Untracked 
| 844|0x00000006d3000000, 0x00000006d3400000, 0x00000006d3400000|100%| O|  |TAMS 0x00000006d3000000| PB 0x00000006d3000000| Untracked 
| 845|0x00000006d3400000, 0x00000006d3800000, 0x00000006d3800000|100%| O|  |TAMS 0x00000006d3400000| PB 0x00000006d3400000| Untracked 
| 846|0x00000006d3800000, 0x00000006d3c00000, 0x00000006d3c00000|100%| O|  |TAMS 0x00000006d3800000| PB 0x00000006d3800000| Untracked 
| 847|0x00000006d3c00000, 0x00000006d4000000, 0x00000006d4000000|100%| O|  |TAMS 0x00000006d3c00000| PB 0x00000006d3c00000| Untracked 
| 848|0x00000006d4000000, 0x00000006d4400000, 0x00000006d4400000|100%| O|  |TAMS 0x00000006d4000000| PB 0x00000006d4000000| Untracked 
| 849|0x00000006d4400000, 0x00000006d4800000, 0x00000006d4800000|100%| O|  |TAMS 0x00000006d4400000| PB 0x00000006d4400000| Untracked 
| 850|0x00000006d4800000, 0x00000006d4c00000, 0x00000006d4c00000|100%| O|  |TAMS 0x00000006d4800000| PB 0x00000006d4800000| Untracked 
| 851|0x00000006d4c00000, 0x00000006d5000000, 0x00000006d5000000|100%|HS|  |TAMS 0x00000006d4c00000| PB 0x00000006d4c00000| Complete 
| 852|0x00000006d5000000, 0x00000006d5400000, 0x00000006d5400000|100%|HS|  |TAMS 0x00000006d5000000| PB 0x00000006d5000000| Complete 
| 853|0x00000006d5400000, 0x00000006d5800000, 0x00000006d5800000|100%| O|  |TAMS 0x00000006d5400000| PB 0x00000006d5400000| Untracked 
| 854|0x00000006d5800000, 0x00000006d5c00000, 0x00000006d5c00000|100%| O|  |TAMS 0x00000006d5800000| PB 0x00000006d5800000| Untracked 
| 855|0x00000006d5c00000, 0x00000006d6000000, 0x00000006d6000000|100%| O|  |TAMS 0x00000006d5c00000| PB 0x00000006d5c00000| Untracked 
| 856|0x00000006d6000000, 0x00000006d6400000, 0x00000006d6400000|100%| O|  |TAMS 0x00000006d6000000| PB 0x00000006d6000000| Untracked 
| 857|0x00000006d6400000, 0x00000006d6800000, 0x00000006d6800000|100%| O|  |TAMS 0x00000006d6400000| PB 0x00000006d6400000| Untracked 
| 858|0x00000006d6800000, 0x00000006d6c00000, 0x00000006d6c00000|100%| O|  |TAMS 0x00000006d6800000| PB 0x00000006d6800000| Untracked 
| 859|0x00000006d6c00000, 0x00000006d7000000, 0x00000006d7000000|100%| O|  |TAMS 0x00000006d6c00000| PB 0x00000006d6c00000| Untracked 
| 860|0x00000006d7000000, 0x00000006d7400000, 0x00000006d7400000|100%| O|  |TAMS 0x00000006d7000000| PB 0x00000006d7000000| Untracked 
| 861|0x00000006d7400000, 0x00000006d7800000, 0x00000006d7800000|100%| O|  |TAMS 0x00000006d7400000| PB 0x00000006d7400000| Untracked 
| 862|0x00000006d7800000, 0x00000006d7c00000, 0x00000006d7c00000|100%| O|  |TAMS 0x00000006d7800000| PB 0x00000006d7800000| Untracked 
| 863|0x00000006d7c00000, 0x00000006d8000000, 0x00000006d8000000|100%| O|  |TAMS 0x00000006d7c00000| PB 0x00000006d7c00000| Untracked 
| 864|0x00000006d8000000, 0x00000006d8400000, 0x00000006d8400000|100%| O|  |TAMS 0x00000006d8000000| PB 0x00000006d8000000| Untracked 
| 865|0x00000006d8400000, 0x00000006d8800000, 0x00000006d8800000|100%| O|  |TAMS 0x00000006d8400000| PB 0x00000006d8400000| Untracked 
| 866|0x00000006d8800000, 0x00000006d8c00000, 0x00000006d8c00000|100%| O|  |TAMS 0x00000006d8800000| PB 0x00000006d8800000| Untracked 
| 867|0x00000006d8c00000, 0x00000006d9000000, 0x00000006d9000000|100%| O|  |TAMS 0x00000006d8c00000| PB 0x00000006d8c00000| Untracked 
| 868|0x00000006d9000000, 0x00000006d9400000, 0x00000006d9400000|100%| O|  |TAMS 0x00000006d9000000| PB 0x00000006d9000000| Untracked 
| 869|0x00000006d9400000, 0x00000006d9800000, 0x00000006d9800000|100%| O|  |TAMS 0x00000006d9400000| PB 0x00000006d9400000| Untracked 
| 870|0x00000006d9800000, 0x00000006d9c00000, 0x00000006d9c00000|100%| O|  |TAMS 0x00000006d9800000| PB 0x00000006d9800000| Untracked 
| 871|0x00000006d9c00000, 0x00000006da000000, 0x00000006da000000|100%| O|  |TAMS 0x00000006d9c00000| PB 0x00000006d9c00000| Untracked 
| 872|0x00000006da000000, 0x00000006da400000, 0x00000006da400000|100%| O|  |TAMS 0x00000006da000000| PB 0x00000006da000000| Untracked 
| 873|0x00000006da400000, 0x00000006da800000, 0x00000006da800000|100%| O|  |TAMS 0x00000006da400000| PB 0x00000006da400000| Untracked 
| 874|0x00000006da800000, 0x00000006dac00000, 0x00000006dac00000|100%| O|  |TAMS 0x00000006da800000| PB 0x00000006da800000| Untracked 
| 875|0x00000006dac00000, 0x00000006db000000, 0x00000006db000000|100%| O|  |TAMS 0x00000006dac00000| PB 0x00000006dac00000| Untracked 
| 876|0x00000006db000000, 0x00000006db400000, 0x00000006db400000|100%| O|  |TAMS 0x00000006db000000| PB 0x00000006db000000| Untracked 
| 877|0x00000006db400000, 0x00000006db800000, 0x00000006db800000|100%| O|  |TAMS 0x00000006db400000| PB 0x00000006db400000| Untracked 
| 878|0x00000006db800000, 0x00000006dbc00000, 0x00000006dbc00000|100%| O|  |TAMS 0x00000006db800000| PB 0x00000006db800000| Untracked 
| 879|0x00000006dbc00000, 0x00000006dc000000, 0x00000006dc000000|100%| O|  |TAMS 0x00000006dbc00000| PB 0x00000006dbc00000| Untracked 
| 880|0x00000006dc000000, 0x00000006dc400000, 0x00000006dc400000|100%| O|  |TAMS 0x00000006dc000000| PB 0x00000006dc000000| Untracked 
| 881|0x00000006dc400000, 0x00000006dc800000, 0x00000006dc800000|100%| O|  |TAMS 0x00000006dc400000| PB 0x00000006dc400000| Untracked 
| 882|0x00000006dc800000, 0x00000006dcc00000, 0x00000006dcc00000|100%| O|  |TAMS 0x00000006dc800000| PB 0x00000006dc800000| Untracked 
| 883|0x00000006dcc00000, 0x00000006dd000000, 0x00000006dd000000|100%| O|  |TAMS 0x00000006dcc00000| PB 0x00000006dcc00000| Untracked 
| 884|0x00000006dd000000, 0x00000006dd400000, 0x00000006dd400000|100%| O|  |TAMS 0x00000006dd000000| PB 0x00000006dd000000| Untracked 
| 885|0x00000006dd400000, 0x00000006dd800000, 0x00000006dd800000|100%| O|  |TAMS 0x00000006dd400000| PB 0x00000006dd400000| Untracked 
| 886|0x00000006dd800000, 0x00000006ddc00000, 0x00000006ddc00000|100%| O|  |TAMS 0x00000006dd800000| PB 0x00000006dd800000| Untracked 
| 887|0x00000006ddc00000, 0x00000006ddc00000, 0x00000006de000000|  0%| F|  |TAMS 0x00000006ddc00000| PB 0x00000006ddc00000| Untracked 
| 888|0x00000006de000000, 0x00000006de000000, 0x00000006de400000|  0%| F|  |TAMS 0x00000006de000000| PB 0x00000006de000000| Untracked 
| 889|0x00000006de400000, 0x00000006de400000, 0x00000006de800000|  0%| F|  |TAMS 0x00000006de400000| PB 0x00000006de400000| Untracked 
| 890|0x00000006de800000, 0x00000006de800000, 0x00000006dec00000|  0%| F|  |TAMS 0x00000006de800000| PB 0x00000006de800000| Untracked 
| 891|0x00000006dec00000, 0x00000006dec00000, 0x00000006df000000|  0%| F|  |TAMS 0x00000006dec00000| PB 0x00000006dec00000| Untracked 
| 892|0x00000006df000000, 0x00000006df000000, 0x00000006df400000|  0%| F|  |TAMS 0x00000006df000000| PB 0x00000006df000000| Untracked 
| 893|0x00000006df400000, 0x00000006df400000, 0x00000006df800000|  0%| F|  |TAMS 0x00000006df400000| PB 0x00000006df400000| Untracked 
| 894|0x00000006df800000, 0x00000006df800000, 0x00000006dfc00000|  0%| F|  |TAMS 0x00000006df800000| PB 0x00000006df800000| Untracked 
| 895|0x00000006dfc00000, 0x00000006dfc00000, 0x00000006e0000000|  0%| F|  |TAMS 0x00000006dfc00000| PB 0x00000006dfc00000| Untracked 
| 896|0x00000006e0000000, 0x00000006e0000000, 0x00000006e0400000|  0%| F|  |TAMS 0x00000006e0000000| PB 0x00000006e0000000| Untracked 
| 897|0x00000006e0400000, 0x00000006e0400000, 0x00000006e0800000|  0%| F|  |TAMS 0x00000006e0400000| PB 0x00000006e0400000| Untracked 
| 898|0x00000006e0800000, 0x00000006e0800000, 0x00000006e0c00000|  0%| F|  |TAMS 0x00000006e0800000| PB 0x00000006e0800000| Untracked 
| 899|0x00000006e0c00000, 0x00000006e0c00000, 0x00000006e1000000|  0%| F|  |TAMS 0x00000006e0c00000| PB 0x00000006e0c00000| Untracked 
| 900|0x00000006e1000000, 0x00000006e1000000, 0x00000006e1400000|  0%| F|  |TAMS 0x00000006e1000000| PB 0x00000006e1000000| Untracked 
| 901|0x00000006e1400000, 0x00000006e1400000, 0x00000006e1800000|  0%| F|  |TAMS 0x00000006e1400000| PB 0x00000006e1400000| Untracked 
| 902|0x00000006e1800000, 0x00000006e1800000, 0x00000006e1c00000|  0%| F|  |TAMS 0x00000006e1800000| PB 0x00000006e1800000| Untracked 
| 903|0x00000006e1c00000, 0x00000006e1c00000, 0x00000006e2000000|  0%| F|  |TAMS 0x00000006e1c00000| PB 0x00000006e1c00000| Untracked 
| 904|0x00000006e2000000, 0x00000006e2000000, 0x00000006e2400000|  0%| F|  |TAMS 0x00000006e2000000| PB 0x00000006e2000000| Untracked 
| 905|0x00000006e2400000, 0x00000006e2400000, 0x00000006e2800000|  0%| F|  |TAMS 0x00000006e2400000| PB 0x00000006e2400000| Untracked 
| 906|0x00000006e2800000, 0x00000006e2800000, 0x00000006e2c00000|  0%| F|  |TAMS 0x00000006e2800000| PB 0x00000006e2800000| Untracked 
| 907|0x00000006e2c00000, 0x00000006e2c00000, 0x00000006e3000000|  0%| F|  |TAMS 0x00000006e2c00000| PB 0x00000006e2c00000| Untracked 
| 908|0x00000006e3000000, 0x00000006e3000000, 0x00000006e3400000|  0%| F|  |TAMS 0x00000006e3000000| PB 0x00000006e3000000| Untracked 
| 909|0x00000006e3400000, 0x00000006e3400000, 0x00000006e3800000|  0%| F|  |TAMS 0x00000006e3400000| PB 0x00000006e3400000| Untracked 
| 910|0x00000006e3800000, 0x00000006e3800000, 0x00000006e3c00000|  0%| F|  |TAMS 0x00000006e3800000| PB 0x00000006e3800000| Untracked 
| 911|0x00000006e3c00000, 0x00000006e3c00000, 0x00000006e4000000|  0%| F|  |TAMS 0x00000006e3c00000| PB 0x00000006e3c00000| Untracked 
| 912|0x00000006e4000000, 0x00000006e4000000, 0x00000006e4400000|  0%| F|  |TAMS 0x00000006e4000000| PB 0x00000006e4000000| Untracked 
| 913|0x00000006e4400000, 0x00000006e4400000, 0x00000006e4800000|  0%| F|  |TAMS 0x00000006e4400000| PB 0x00000006e4400000| Untracked 
| 914|0x00000006e4800000, 0x00000006e4800000, 0x00000006e4c00000|  0%| F|  |TAMS 0x00000006e4800000| PB 0x00000006e4800000| Untracked 
| 915|0x00000006e4c00000, 0x00000006e4c00000, 0x00000006e5000000|  0%| F|  |TAMS 0x00000006e4c00000| PB 0x00000006e4c00000| Untracked 
| 916|0x00000006e5000000, 0x00000006e5000000, 0x00000006e5400000|  0%| F|  |TAMS 0x00000006e5000000| PB 0x00000006e5000000| Untracked 
| 917|0x00000006e5400000, 0x00000006e5400000, 0x00000006e5800000|  0%| F|  |TAMS 0x00000006e5400000| PB 0x00000006e5400000| Untracked 
| 918|0x00000006e5800000, 0x00000006e5800000, 0x00000006e5c00000|  0%| F|  |TAMS 0x00000006e5800000| PB 0x00000006e5800000| Untracked 
| 919|0x00000006e5c00000, 0x00000006e5c00000, 0x00000006e6000000|  0%| F|  |TAMS 0x00000006e5c00000| PB 0x00000006e5c00000| Untracked 
| 920|0x00000006e6000000, 0x00000006e6000000, 0x00000006e6400000|  0%| F|  |TAMS 0x00000006e6000000| PB 0x00000006e6000000| Untracked 
| 921|0x00000006e6400000, 0x00000006e6400000, 0x00000006e6800000|  0%| F|  |TAMS 0x00000006e6400000| PB 0x00000006e6400000| Untracked 
| 922|0x00000006e6800000, 0x00000006e6800000, 0x00000006e6c00000|  0%| F|  |TAMS 0x00000006e6800000| PB 0x00000006e6800000| Untracked 
| 923|0x00000006e6c00000, 0x00000006e6c00000, 0x00000006e7000000|  0%| F|  |TAMS 0x00000006e6c00000| PB 0x00000006e6c00000| Untracked 
| 924|0x00000006e7000000, 0x00000006e7000000, 0x00000006e7400000|  0%| F|  |TAMS 0x00000006e7000000| PB 0x00000006e7000000| Untracked 
| 925|0x00000006e7400000, 0x00000006e7400000, 0x00000006e7800000|  0%| F|  |TAMS 0x00000006e7400000| PB 0x00000006e7400000| Untracked 
| 926|0x00000006e7800000, 0x00000006e7800000, 0x00000006e7c00000|  0%| F|  |TAMS 0x00000006e7800000| PB 0x00000006e7800000| Untracked 
| 927|0x00000006e7c00000, 0x00000006e7c00000, 0x00000006e8000000|  0%| F|  |TAMS 0x00000006e7c00000| PB 0x00000006e7c00000| Untracked 
| 928|0x00000006e8000000, 0x00000006e8000000, 0x00000006e8400000|  0%| F|  |TAMS 0x00000006e8000000| PB 0x00000006e8000000| Untracked 
| 929|0x00000006e8400000, 0x00000006e8400000, 0x00000006e8800000|  0%| F|  |TAMS 0x00000006e8400000| PB 0x00000006e8400000| Untracked 
| 930|0x00000006e8800000, 0x00000006e8800000, 0x00000006e8c00000|  0%| F|  |TAMS 0x00000006e8800000| PB 0x00000006e8800000| Untracked 
| 931|0x00000006e8c00000, 0x00000006e8c00000, 0x00000006e9000000|  0%| F|  |TAMS 0x00000006e8c00000| PB 0x00000006e8c00000| Untracked 
| 932|0x00000006e9000000, 0x00000006e9000000, 0x00000006e9400000|  0%| F|  |TAMS 0x00000006e9000000| PB 0x00000006e9000000| Untracked 
| 933|0x00000006e9400000, 0x00000006e9400000, 0x00000006e9800000|  0%| F|  |TAMS 0x00000006e9400000| PB 0x00000006e9400000| Untracked 
| 934|0x00000006e9800000, 0x00000006e9800000, 0x00000006e9c00000|  0%| F|  |TAMS 0x00000006e9800000| PB 0x00000006e9800000| Untracked 
| 935|0x00000006e9c00000, 0x00000006e9c00000, 0x00000006ea000000|  0%| F|  |TAMS 0x00000006e9c00000| PB 0x00000006e9c00000| Untracked 
| 936|0x00000006ea000000, 0x00000006ea000000, 0x00000006ea400000|  0%| F|  |TAMS 0x00000006ea000000| PB 0x00000006ea000000| Untracked 
| 937|0x00000006ea400000, 0x00000006ea400000, 0x00000006ea800000|  0%| F|  |TAMS 0x00000006ea400000| PB 0x00000006ea400000| Untracked 
| 938|0x00000006ea800000, 0x00000006ea800000, 0x00000006eac00000|  0%| F|  |TAMS 0x00000006ea800000| PB 0x00000006ea800000| Untracked 
| 939|0x00000006eac00000, 0x00000006eac00000, 0x00000006eb000000|  0%| F|  |TAMS 0x00000006eac00000| PB 0x00000006eac00000| Untracked 
| 940|0x00000006eb000000, 0x00000006eb000000, 0x00000006eb400000|  0%| F|  |TAMS 0x00000006eb000000| PB 0x00000006eb000000| Untracked 
| 941|0x00000006eb400000, 0x00000006eb400000, 0x00000006eb800000|  0%| F|  |TAMS 0x00000006eb400000| PB 0x00000006eb400000| Untracked 
| 942|0x00000006eb800000, 0x00000006eb800000, 0x00000006ebc00000|  0%| F|  |TAMS 0x00000006eb800000| PB 0x00000006eb800000| Untracked 
| 943|0x00000006ebc00000, 0x00000006ebc00000, 0x00000006ec000000|  0%| F|  |TAMS 0x00000006ebc00000| PB 0x00000006ebc00000| Untracked 
| 944|0x00000006ec000000, 0x00000006ec000000, 0x00000006ec400000|  0%| F|  |TAMS 0x00000006ec000000| PB 0x00000006ec000000| Untracked 
| 945|0x00000006ec400000, 0x00000006ec400000, 0x00000006ec800000|  0%| F|  |TAMS 0x00000006ec400000| PB 0x00000006ec400000| Untracked 
| 946|0x00000006ec800000, 0x00000006ec800000, 0x00000006ecc00000|  0%| F|  |TAMS 0x00000006ec800000| PB 0x00000006ec800000| Untracked 
| 947|0x00000006ecc00000, 0x00000006ecc00000, 0x00000006ed000000|  0%| F|  |TAMS 0x00000006ecc00000| PB 0x00000006ecc00000| Untracked 
| 948|0x00000006ed000000, 0x00000006ed000000, 0x00000006ed400000|  0%| F|  |TAMS 0x00000006ed000000| PB 0x00000006ed000000| Untracked 
| 949|0x00000006ed400000, 0x00000006ed400000, 0x00000006ed800000|  0%| F|  |TAMS 0x00000006ed400000| PB 0x00000006ed400000| Untracked 
| 950|0x00000006ed800000, 0x00000006ed800000, 0x00000006edc00000|  0%| F|  |TAMS 0x00000006ed800000| PB 0x00000006ed800000| Untracked 
| 951|0x00000006edc00000, 0x00000006edc00000, 0x00000006ee000000|  0%| F|  |TAMS 0x00000006edc00000| PB 0x00000006edc00000| Untracked 
| 952|0x00000006ee000000, 0x00000006ee000000, 0x00000006ee400000|  0%| F|  |TAMS 0x00000006ee000000| PB 0x00000006ee000000| Untracked 
| 953|0x00000006ee400000, 0x00000006ee400000, 0x00000006ee800000|  0%| F|  |TAMS 0x00000006ee400000| PB 0x00000006ee400000| Untracked 
| 954|0x00000006ee800000, 0x00000006ee800000, 0x00000006eec00000|  0%| F|  |TAMS 0x00000006ee800000| PB 0x00000006ee800000| Untracked 
| 955|0x00000006eec00000, 0x00000006eec00000, 0x00000006ef000000|  0%| F|  |TAMS 0x00000006eec00000| PB 0x00000006eec00000| Untracked 
| 956|0x00000006ef000000, 0x00000006ef000000, 0x00000006ef400000|  0%| F|  |TAMS 0x00000006ef000000| PB 0x00000006ef000000| Untracked 
| 957|0x00000006ef400000, 0x00000006ef400000, 0x00000006ef800000|  0%| F|  |TAMS 0x00000006ef400000| PB 0x00000006ef400000| Untracked 
| 958|0x00000006ef800000, 0x00000006ef800000, 0x00000006efc00000|  0%| F|  |TAMS 0x00000006ef800000| PB 0x00000006ef800000| Untracked 
| 959|0x00000006efc00000, 0x00000006efc00000, 0x00000006f0000000|  0%| F|  |TAMS 0x00000006efc00000| PB 0x00000006efc00000| Untracked 
| 960|0x00000006f0000000, 0x00000006f0000000, 0x00000006f0400000|  0%| F|  |TAMS 0x00000006f0000000| PB 0x00000006f0000000| Untracked 
| 961|0x00000006f0400000, 0x00000006f0400000, 0x00000006f0800000|  0%| F|  |TAMS 0x00000006f0400000| PB 0x00000006f0400000| Untracked 
| 962|0x00000006f0800000, 0x00000006f0800000, 0x00000006f0c00000|  0%| F|  |TAMS 0x00000006f0800000| PB 0x00000006f0800000| Untracked 
| 963|0x00000006f0c00000, 0x00000006f0c00000, 0x00000006f1000000|  0%| F|  |TAMS 0x00000006f0c00000| PB 0x00000006f0c00000| Untracked 
| 964|0x00000006f1000000, 0x00000006f1000000, 0x00000006f1400000|  0%| F|  |TAMS 0x00000006f1000000| PB 0x00000006f1000000| Untracked 
| 965|0x00000006f1400000, 0x00000006f1400000, 0x00000006f1800000|  0%| F|  |TAMS 0x00000006f1400000| PB 0x00000006f1400000| Untracked 
| 966|0x00000006f1800000, 0x00000006f1800000, 0x00000006f1c00000|  0%| F|  |TAMS 0x00000006f1800000| PB 0x00000006f1800000| Untracked 
| 967|0x00000006f1c00000, 0x00000006f1c00000, 0x00000006f2000000|  0%| F|  |TAMS 0x00000006f1c00000| PB 0x00000006f1c00000| Untracked 
| 968|0x00000006f2000000, 0x00000006f2000000, 0x00000006f2400000|  0%| F|  |TAMS 0x00000006f2000000| PB 0x00000006f2000000| Untracked 
| 969|0x00000006f2400000, 0x00000006f2400000, 0x00000006f2800000|  0%| F|  |TAMS 0x00000006f2400000| PB 0x00000006f2400000| Untracked 
| 970|0x00000006f2800000, 0x00000006f2800000, 0x00000006f2c00000|  0%| F|  |TAMS 0x00000006f2800000| PB 0x00000006f2800000| Untracked 
| 971|0x00000006f2c00000, 0x00000006f2c00000, 0x00000006f3000000|  0%| F|  |TAMS 0x00000006f2c00000| PB 0x00000006f2c00000| Untracked 
| 972|0x00000006f3000000, 0x00000006f3000000, 0x00000006f3400000|  0%| F|  |TAMS 0x00000006f3000000| PB 0x00000006f3000000| Untracked 
| 973|0x00000006f3400000, 0x00000006f3400000, 0x00000006f3800000|  0%| F|  |TAMS 0x00000006f3400000| PB 0x00000006f3400000| Untracked 
| 974|0x00000006f3800000, 0x00000006f3800000, 0x00000006f3c00000|  0%| F|  |TAMS 0x00000006f3800000| PB 0x00000006f3800000| Untracked 
| 975|0x00000006f3c00000, 0x00000006f3c00000, 0x00000006f4000000|  0%| F|  |TAMS 0x00000006f3c00000| PB 0x00000006f3c00000| Untracked 
| 976|0x00000006f4000000, 0x00000006f4000000, 0x00000006f4400000|  0%| F|  |TAMS 0x00000006f4000000| PB 0x00000006f4000000| Untracked 
| 977|0x00000006f4400000, 0x00000006f4400000, 0x00000006f4800000|  0%| F|  |TAMS 0x00000006f4400000| PB 0x00000006f4400000| Untracked 
| 978|0x00000006f4800000, 0x00000006f4800000, 0x00000006f4c00000|  0%| F|  |TAMS 0x00000006f4800000| PB 0x00000006f4800000| Untracked 
| 979|0x00000006f4c00000, 0x00000006f4c00000, 0x00000006f5000000|  0%| F|  |TAMS 0x00000006f4c00000| PB 0x00000006f4c00000| Untracked 
| 980|0x00000006f5000000, 0x00000006f5000000, 0x00000006f5400000|  0%| F|  |TAMS 0x00000006f5000000| PB 0x00000006f5000000| Untracked 
| 981|0x00000006f5400000, 0x00000006f5400000, 0x00000006f5800000|  0%| F|  |TAMS 0x00000006f5400000| PB 0x00000006f5400000| Untracked 
| 982|0x00000006f5800000, 0x00000006f5800000, 0x00000006f5c00000|  0%| F|  |TAMS 0x00000006f5800000| PB 0x00000006f5800000| Untracked 
| 983|0x00000006f5c00000, 0x00000006f5c00000, 0x00000006f6000000|  0%| F|  |TAMS 0x00000006f5c00000| PB 0x00000006f5c00000| Untracked 
| 984|0x00000006f6000000, 0x00000006f6000000, 0x00000006f6400000|  0%| F|  |TAMS 0x00000006f6000000| PB 0x00000006f6000000| Untracked 
| 985|0x00000006f6400000, 0x00000006f6400000, 0x00000006f6800000|  0%| F|  |TAMS 0x00000006f6400000| PB 0x00000006f6400000| Untracked 
| 986|0x00000006f6800000, 0x00000006f6800000, 0x00000006f6c00000|  0%| F|  |TAMS 0x00000006f6800000| PB 0x00000006f6800000| Untracked 
| 987|0x00000006f6c00000, 0x00000006f6c00000, 0x00000006f7000000|  0%| F|  |TAMS 0x00000006f6c00000| PB 0x00000006f6c00000| Untracked 
| 988|0x00000006f7000000, 0x00000006f7000000, 0x00000006f7400000|  0%| F|  |TAMS 0x00000006f7000000| PB 0x00000006f7000000| Untracked 
| 989|0x00000006f7400000, 0x00000006f7400000, 0x00000006f7800000|  0%| F|  |TAMS 0x00000006f7400000| PB 0x00000006f7400000| Untracked 
| 990|0x00000006f7800000, 0x00000006f7800000, 0x00000006f7c00000|  0%| F|  |TAMS 0x00000006f7800000| PB 0x00000006f7800000| Untracked 
| 991|0x00000006f7c00000, 0x00000006f7c00000, 0x00000006f8000000|  0%| F|  |TAMS 0x00000006f7c00000| PB 0x00000006f7c00000| Untracked 
| 992|0x00000006f8000000, 0x00000006f8000000, 0x00000006f8400000|  0%| F|  |TAMS 0x00000006f8000000| PB 0x00000006f8000000| Untracked 
| 993|0x00000006f8400000, 0x00000006f8400000, 0x00000006f8800000|  0%| F|  |TAMS 0x00000006f8400000| PB 0x00000006f8400000| Untracked 
| 994|0x00000006f8800000, 0x00000006f8800000, 0x00000006f8c00000|  0%| F|  |TAMS 0x00000006f8800000| PB 0x00000006f8800000| Untracked 
| 995|0x00000006f8c00000, 0x00000006f8c00000, 0x00000006f9000000|  0%| F|  |TAMS 0x00000006f8c00000| PB 0x00000006f8c00000| Untracked 
| 996|0x00000006f9000000, 0x00000006f9000000, 0x00000006f9400000|  0%| F|  |TAMS 0x00000006f9000000| PB 0x00000006f9000000| Untracked 
| 997|0x00000006f9400000, 0x00000006f9400000, 0x00000006f9800000|  0%| F|  |TAMS 0x00000006f9400000| PB 0x00000006f9400000| Untracked 
| 998|0x00000006f9800000, 0x00000006f9800000, 0x00000006f9c00000|  0%| F|  |TAMS 0x00000006f9800000| PB 0x00000006f9800000| Untracked 
| 999|0x00000006f9c00000, 0x00000006f9c00000, 0x00000006fa000000|  0%| F|  |TAMS 0x00000006f9c00000| PB 0x00000006f9c00000| Untracked 
|1000|0x00000006fa000000, 0x00000006fa000000, 0x00000006fa400000|  0%| F|  |TAMS 0x00000006fa000000| PB 0x00000006fa000000| Untracked 
|1001|0x00000006fa400000, 0x00000006fa400000, 0x00000006fa800000|  0%| F|  |TAMS 0x00000006fa400000| PB 0x00000006fa400000| Untracked 
|1002|0x00000006fa800000, 0x00000006fa800000, 0x00000006fac00000|  0%| F|  |TAMS 0x00000006fa800000| PB 0x00000006fa800000| Untracked 
|1003|0x00000006fac00000, 0x00000006fac00000, 0x00000006fb000000|  0%| F|  |TAMS 0x00000006fac00000| PB 0x00000006fac00000| Untracked 
|1004|0x00000006fb000000, 0x00000006fb000000, 0x00000006fb400000|  0%| F|  |TAMS 0x00000006fb000000| PB 0x00000006fb000000| Untracked 
|1005|0x00000006fb400000, 0x00000006fb400000, 0x00000006fb800000|  0%| F|  |TAMS 0x00000006fb400000| PB 0x00000006fb400000| Untracked 
|1006|0x00000006fb800000, 0x00000006fb800000, 0x00000006fbc00000|  0%| F|  |TAMS 0x00000006fb800000| PB 0x00000006fb800000| Untracked 
|1007|0x00000006fbc00000, 0x00000006fbc00000, 0x00000006fc000000|  0%| F|  |TAMS 0x00000006fbc00000| PB 0x00000006fbc00000| Untracked 
|1008|0x00000006fc000000, 0x00000006fc000000, 0x00000006fc400000|  0%| F|  |TAMS 0x00000006fc000000| PB 0x00000006fc000000| Untracked 
|1009|0x00000006fc400000, 0x00000006fc400000, 0x00000006fc800000|  0%| F|  |TAMS 0x00000006fc400000| PB 0x00000006fc400000| Untracked 
|1010|0x00000006fc800000, 0x00000006fc800000, 0x00000006fcc00000|  0%| F|  |TAMS 0x00000006fc800000| PB 0x00000006fc800000| Untracked 
|1011|0x00000006fcc00000, 0x00000006fcc00000, 0x00000006fd000000|  0%| F|  |TAMS 0x00000006fcc00000| PB 0x00000006fcc00000| Untracked 
|1012|0x00000006fd000000, 0x00000006fd000000, 0x00000006fd400000|  0%| F|  |TAMS 0x00000006fd000000| PB 0x00000006fd000000| Untracked 
|1013|0x00000006fd400000, 0x00000006fd400000, 0x00000006fd800000|  0%| F|  |TAMS 0x00000006fd400000| PB 0x00000006fd400000| Untracked 
|1014|0x00000006fd800000, 0x00000006fd800000, 0x00000006fdc00000|  0%| F|  |TAMS 0x00000006fd800000| PB 0x00000006fd800000| Untracked 
|1015|0x00000006fdc00000, 0x00000006fdc00000, 0x00000006fe000000|  0%| F|  |TAMS 0x00000006fdc00000| PB 0x00000006fdc00000| Untracked 
|1016|0x00000006fe000000, 0x00000006fe000000, 0x00000006fe400000|  0%| F|  |TAMS 0x00000006fe000000| PB 0x00000006fe000000| Untracked 
|1017|0x00000006fe400000, 0x00000006fe400000, 0x00000006fe800000|  0%| F|  |TAMS 0x00000006fe400000| PB 0x00000006fe400000| Untracked 
|1018|0x00000006fe800000, 0x00000006fe800000, 0x00000006fec00000|  0%| F|  |TAMS 0x00000006fe800000| PB 0x00000006fe800000| Untracked 
|1019|0x00000006fec00000, 0x00000006fec00000, 0x00000006ff000000|  0%| F|  |TAMS 0x00000006fec00000| PB 0x00000006fec00000| Untracked 
|1020|0x00000006ff000000, 0x00000006ff000000, 0x00000006ff400000|  0%| F|  |TAMS 0x00000006ff000000| PB 0x00000006ff000000| Untracked 
|1021|0x00000006ff400000, 0x00000006ff400000, 0x00000006ff800000|  0%| F|  |TAMS 0x00000006ff400000| PB 0x00000006ff400000| Untracked 
|1022|0x00000006ff800000, 0x00000006ff800000, 0x00000006ffc00000|  0%| F|  |TAMS 0x00000006ff800000| PB 0x00000006ff800000| Untracked 
|1023|0x00000006ffc00000, 0x00000006ffc00000, 0x0000000700000000|  0%| F|  |TAMS 0x00000006ffc00000| PB 0x00000006ffc00000| Untracked 
|1024|0x0000000700000000, 0x0000000700000000, 0x0000000700400000|  0%| F|  |TAMS 0x0000000700000000| PB 0x0000000700000000| Untracked 
|1025|0x0000000700400000, 0x0000000700400000, 0x0000000700800000|  0%| F|  |TAMS 0x0000000700400000| PB 0x0000000700400000| Untracked 
|1026|0x0000000700800000, 0x0000000700800000, 0x0000000700c00000|  0%| F|  |TAMS 0x0000000700800000| PB 0x0000000700800000| Untracked 
|1027|0x0000000700c00000, 0x0000000700c00000, 0x0000000701000000|  0%| F|  |TAMS 0x0000000700c00000| PB 0x0000000700c00000| Untracked 
|1028|0x0000000701000000, 0x0000000701000000, 0x0000000701400000|  0%| F|  |TAMS 0x0000000701000000| PB 0x0000000701000000| Untracked 
|1029|0x0000000701400000, 0x0000000701400000, 0x0000000701800000|  0%| F|  |TAMS 0x0000000701400000| PB 0x0000000701400000| Untracked 
|1030|0x0000000701800000, 0x0000000701800000, 0x0000000701c00000|  0%| F|  |TAMS 0x0000000701800000| PB 0x0000000701800000| Untracked 
|1031|0x0000000701c00000, 0x0000000701c00000, 0x0000000702000000|  0%| F|  |TAMS 0x0000000701c00000| PB 0x0000000701c00000| Untracked 
|1032|0x0000000702000000, 0x0000000702000000, 0x0000000702400000|  0%| F|  |TAMS 0x0000000702000000| PB 0x0000000702000000| Untracked 
|1033|0x0000000702400000, 0x0000000702400000, 0x0000000702800000|  0%| F|  |TAMS 0x0000000702400000| PB 0x0000000702400000| Untracked 
|1034|0x0000000702800000, 0x0000000702800000, 0x0000000702c00000|  0%| F|  |TAMS 0x0000000702800000| PB 0x0000000702800000| Untracked 
|1035|0x0000000702c00000, 0x0000000702c00000, 0x0000000703000000|  0%| F|  |TAMS 0x0000000702c00000| PB 0x0000000702c00000| Untracked 
|1036|0x0000000703000000, 0x0000000703000000, 0x0000000703400000|  0%| F|  |TAMS 0x0000000703000000| PB 0x0000000703000000| Untracked 
|1037|0x0000000703400000, 0x0000000703400000, 0x0000000703800000|  0%| F|  |TAMS 0x0000000703400000| PB 0x0000000703400000| Untracked 
|1038|0x0000000703800000, 0x0000000703800000, 0x0000000703c00000|  0%| F|  |TAMS 0x0000000703800000| PB 0x0000000703800000| Untracked 
|1039|0x0000000703c00000, 0x0000000703c00000, 0x0000000704000000|  0%| F|  |TAMS 0x0000000703c00000| PB 0x0000000703c00000| Untracked 
|1040|0x0000000704000000, 0x0000000704000000, 0x0000000704400000|  0%| F|  |TAMS 0x0000000704000000| PB 0x0000000704000000| Untracked 
|1041|0x0000000704400000, 0x0000000704400000, 0x0000000704800000|  0%| F|  |TAMS 0x0000000704400000| PB 0x0000000704400000| Untracked 
|1042|0x0000000704800000, 0x0000000704800000, 0x0000000704c00000|  0%| F|  |TAMS 0x0000000704800000| PB 0x0000000704800000| Untracked 
|1043|0x0000000704c00000, 0x0000000704c00000, 0x0000000705000000|  0%| F|  |TAMS 0x0000000704c00000| PB 0x0000000704c00000| Untracked 
|1044|0x0000000705000000, 0x0000000705000000, 0x0000000705400000|  0%| F|  |TAMS 0x0000000705000000| PB 0x0000000705000000| Untracked 
|1045|0x0000000705400000, 0x0000000705400000, 0x0000000705800000|  0%| F|  |TAMS 0x0000000705400000| PB 0x0000000705400000| Untracked 
|1046|0x0000000705800000, 0x0000000705800000, 0x0000000705c00000|  0%| F|  |TAMS 0x0000000705800000| PB 0x0000000705800000| Untracked 
|1047|0x0000000705c00000, 0x0000000705c00000, 0x0000000706000000|  0%| F|  |TAMS 0x0000000705c00000| PB 0x0000000705c00000| Untracked 
|1048|0x0000000706000000, 0x0000000706000000, 0x0000000706400000|  0%| F|  |TAMS 0x0000000706000000| PB 0x0000000706000000| Untracked 
|1049|0x0000000706400000, 0x0000000706400000, 0x0000000706800000|  0%| F|  |TAMS 0x0000000706400000| PB 0x0000000706400000| Untracked 
|1050|0x0000000706800000, 0x0000000706800000, 0x0000000706c00000|  0%| F|  |TAMS 0x0000000706800000| PB 0x0000000706800000| Untracked 
|1051|0x0000000706c00000, 0x0000000706c00000, 0x0000000707000000|  0%| F|  |TAMS 0x0000000706c00000| PB 0x0000000706c00000| Untracked 
|1052|0x0000000707000000, 0x0000000707000000, 0x0000000707400000|  0%| F|  |TAMS 0x0000000707000000| PB 0x0000000707000000| Untracked 
|1053|0x0000000707400000, 0x0000000707400000, 0x0000000707800000|  0%| F|  |TAMS 0x0000000707400000| PB 0x0000000707400000| Untracked 
|1054|0x0000000707800000, 0x0000000707800000, 0x0000000707c00000|  0%| F|  |TAMS 0x0000000707800000| PB 0x0000000707800000| Untracked 
|1055|0x0000000707c00000, 0x0000000707c00000, 0x0000000708000000|  0%| F|  |TAMS 0x0000000707c00000| PB 0x0000000707c00000| Untracked 
|1056|0x0000000708000000, 0x0000000708000000, 0x0000000708400000|  0%| F|  |TAMS 0x0000000708000000| PB 0x0000000708000000| Untracked 
|1057|0x0000000708400000, 0x0000000708400000, 0x0000000708800000|  0%| F|  |TAMS 0x0000000708400000| PB 0x0000000708400000| Untracked 
|1058|0x0000000708800000, 0x0000000708800000, 0x0000000708c00000|  0%| F|  |TAMS 0x0000000708800000| PB 0x0000000708800000| Untracked 
|1059|0x0000000708c00000, 0x0000000708c00000, 0x0000000709000000|  0%| F|  |TAMS 0x0000000708c00000| PB 0x0000000708c00000| Untracked 
|1060|0x0000000709000000, 0x0000000709000000, 0x0000000709400000|  0%| F|  |TAMS 0x0000000709000000| PB 0x0000000709000000| Untracked 
|1061|0x0000000709400000, 0x0000000709400000, 0x0000000709800000|  0%| F|  |TAMS 0x0000000709400000| PB 0x0000000709400000| Untracked 
|1062|0x0000000709800000, 0x0000000709800000, 0x0000000709c00000|  0%| F|  |TAMS 0x0000000709800000| PB 0x0000000709800000| Untracked 
|1063|0x0000000709c00000, 0x0000000709c00000, 0x000000070a000000|  0%| F|  |TAMS 0x0000000709c00000| PB 0x0000000709c00000| Untracked 
|1064|0x000000070a000000, 0x000000070a000000, 0x000000070a400000|  0%| F|  |TAMS 0x000000070a000000| PB 0x000000070a000000| Untracked 
|1065|0x000000070a400000, 0x000000070a400000, 0x000000070a800000|  0%| F|  |TAMS 0x000000070a400000| PB 0x000000070a400000| Untracked 
|1066|0x000000070a800000, 0x000000070a800000, 0x000000070ac00000|  0%| F|  |TAMS 0x000000070a800000| PB 0x000000070a800000| Untracked 
|1067|0x000000070ac00000, 0x000000070ac00000, 0x000000070b000000|  0%| F|  |TAMS 0x000000070ac00000| PB 0x000000070ac00000| Untracked 
|1068|0x000000070b000000, 0x000000070b000000, 0x000000070b400000|  0%| F|  |TAMS 0x000000070b000000| PB 0x000000070b000000| Untracked 
|1069|0x000000070b400000, 0x000000070b400000, 0x000000070b800000|  0%| F|  |TAMS 0x000000070b400000| PB 0x000000070b400000| Untracked 
|1070|0x000000070b800000, 0x000000070b800000, 0x000000070bc00000|  0%| F|  |TAMS 0x000000070b800000| PB 0x000000070b800000| Untracked 
|1071|0x000000070bc00000, 0x000000070bc00000, 0x000000070c000000|  0%| F|  |TAMS 0x000000070bc00000| PB 0x000000070bc00000| Untracked 
|1072|0x000000070c000000, 0x000000070c000000, 0x000000070c400000|  0%| F|  |TAMS 0x000000070c000000| PB 0x000000070c000000| Untracked 
|1073|0x000000070c400000, 0x000000070c400000, 0x000000070c800000|  0%| F|  |TAMS 0x000000070c400000| PB 0x000000070c400000| Untracked 
|1074|0x000000070c800000, 0x000000070c800000, 0x000000070cc00000|  0%| F|  |TAMS 0x000000070c800000| PB 0x000000070c800000| Untracked 
|1075|0x000000070cc00000, 0x000000070d000000, 0x000000070d000000|100%| S|CS|TAMS 0x000000070cc00000| PB 0x000000070cc00000| Complete 
|1076|0x000000070d000000, 0x000000070d400000, 0x000000070d400000|100%| S|CS|TAMS 0x000000070d000000| PB 0x000000070d000000| Complete 
|1077|0x000000070d400000, 0x000000070d800000, 0x000000070d800000|100%| S|CS|TAMS 0x000000070d400000| PB 0x000000070d400000| Complete 
|1078|0x000000070d800000, 0x000000070dc00000, 0x000000070dc00000|100%| S|CS|TAMS 0x000000070d800000| PB 0x000000070d800000| Complete 
|1079|0x000000070dc00000, 0x000000070e000000, 0x000000070e000000|100%| S|CS|TAMS 0x000000070dc00000| PB 0x000000070dc00000| Complete 
|1080|0x000000070e000000, 0x000000070e400000, 0x000000070e400000|100%| S|CS|TAMS 0x000000070e000000| PB 0x000000070e000000| Complete 
|1081|0x000000070e400000, 0x000000070e800000, 0x000000070e800000|100%| S|CS|TAMS 0x000000070e400000| PB 0x000000070e400000| Complete 
|1082|0x000000070e800000, 0x000000070ec00000, 0x000000070ec00000|100%| S|CS|TAMS 0x000000070e800000| PB 0x000000070e800000| Complete 
|1083|0x000000070ec00000, 0x000000070f000000, 0x000000070f000000|100%| S|CS|TAMS 0x000000070ec00000| PB 0x000000070ec00000| Complete 
|1084|0x000000070f000000, 0x000000070f400000, 0x000000070f400000|100%| S|CS|TAMS 0x000000070f000000| PB 0x000000070f000000| Complete 
|1085|0x000000070f400000, 0x000000070f800000, 0x000000070f800000|100%| S|CS|TAMS 0x000000070f400000| PB 0x000000070f400000| Complete 
|1086|0x000000070f800000, 0x000000070fc00000, 0x000000070fc00000|100%| S|CS|TAMS 0x000000070f800000| PB 0x000000070f800000| Complete 
|1087|0x000000070fc00000, 0x0000000710000000, 0x0000000710000000|100%| S|CS|TAMS 0x000000070fc00000| PB 0x000000070fc00000| Complete 
|1088|0x0000000710000000, 0x0000000710400000, 0x0000000710400000|100%| S|CS|TAMS 0x0000000710000000| PB 0x0000000710000000| Complete 
|1089|0x0000000710400000, 0x0000000710800000, 0x0000000710800000|100%| S|CS|TAMS 0x0000000710400000| PB 0x0000000710400000| Complete 
|1090|0x0000000710800000, 0x0000000710c00000, 0x0000000710c00000|100%| S|CS|TAMS 0x0000000710800000| PB 0x0000000710800000| Complete 
|1091|0x0000000710c00000, 0x0000000711000000, 0x0000000711000000|100%| S|CS|TAMS 0x0000000710c00000| PB 0x0000000710c00000| Complete 
|1092|0x0000000711000000, 0x0000000711400000, 0x0000000711400000|100%| S|CS|TAMS 0x0000000711000000| PB 0x0000000711000000| Complete 
|1093|0x0000000711400000, 0x0000000711800000, 0x0000000711800000|100%| S|CS|TAMS 0x0000000711400000| PB 0x0000000711400000| Complete 
|1094|0x0000000711800000, 0x0000000711c00000, 0x0000000711c00000|100%| S|CS|TAMS 0x0000000711800000| PB 0x0000000711800000| Complete 
|1095|0x0000000711c00000, 0x0000000712000000, 0x0000000712000000|100%| S|CS|TAMS 0x0000000711c00000| PB 0x0000000711c00000| Complete 
|1096|0x0000000712000000, 0x0000000712400000, 0x0000000712400000|100%| S|CS|TAMS 0x0000000712000000| PB 0x0000000712000000| Complete 
|1097|0x0000000712400000, 0x0000000712800000, 0x0000000712800000|100%| S|CS|TAMS 0x0000000712400000| PB 0x0000000712400000| Complete 
|1098|0x0000000712800000, 0x0000000712c00000, 0x0000000712c00000|100%| S|CS|TAMS 0x0000000712800000| PB 0x0000000712800000| Complete 
|1099|0x0000000712c00000, 0x0000000713000000, 0x0000000713000000|100%| S|CS|TAMS 0x0000000712c00000| PB 0x0000000712c00000| Complete 
|1100|0x0000000713000000, 0x0000000713400000, 0x0000000713400000|100%| S|CS|TAMS 0x0000000713000000| PB 0x0000000713000000| Complete 
|1101|0x0000000713400000, 0x0000000713800000, 0x0000000713800000|100%| S|CS|TAMS 0x0000000713400000| PB 0x0000000713400000| Complete 
|1102|0x0000000713800000, 0x0000000713c00000, 0x0000000713c00000|100%| S|CS|TAMS 0x0000000713800000| PB 0x0000000713800000| Complete 
|1103|0x0000000713c00000, 0x0000000714000000, 0x0000000714000000|100%| S|CS|TAMS 0x0000000713c00000| PB 0x0000000713c00000| Complete 
|1104|0x0000000714000000, 0x0000000714400000, 0x0000000714400000|100%| S|CS|TAMS 0x0000000714000000| PB 0x0000000714000000| Complete 
|1105|0x0000000714400000, 0x0000000714800000, 0x0000000714800000|100%| S|CS|TAMS 0x0000000714400000| PB 0x0000000714400000| Complete 
|1106|0x0000000714800000, 0x0000000714c00000, 0x0000000714c00000|100%| S|CS|TAMS 0x0000000714800000| PB 0x0000000714800000| Complete 
|1107|0x0000000714c00000, 0x0000000715000000, 0x0000000715000000|100%| S|CS|TAMS 0x0000000714c00000| PB 0x0000000714c00000| Complete 
|1108|0x0000000715000000, 0x0000000715400000, 0x0000000715400000|100%| S|CS|TAMS 0x0000000715000000| PB 0x0000000715000000| Complete 
|1109|0x0000000715400000, 0x0000000715800000, 0x0000000715800000|100%| S|CS|TAMS 0x0000000715400000| PB 0x0000000715400000| Complete 
|1110|0x0000000715800000, 0x0000000715c00000, 0x0000000715c00000|100%| S|CS|TAMS 0x0000000715800000| PB 0x0000000715800000| Complete 
|1111|0x0000000715c00000, 0x0000000716000000, 0x0000000716000000|100%| S|CS|TAMS 0x0000000715c00000| PB 0x0000000715c00000| Complete 
|1112|0x0000000716000000, 0x0000000716400000, 0x0000000716400000|100%| S|CS|TAMS 0x0000000716000000| PB 0x0000000716000000| Complete 
|1113|0x0000000716400000, 0x0000000716800000, 0x0000000716800000|100%| S|CS|TAMS 0x0000000716400000| PB 0x0000000716400000| Complete 
|1114|0x0000000716800000, 0x0000000716800000, 0x0000000716c00000|  0%| F|  |TAMS 0x0000000716800000| PB 0x0000000716800000| Untracked 
|1115|0x0000000716c00000, 0x0000000716c00000, 0x0000000717000000|  0%| F|  |TAMS 0x0000000716c00000| PB 0x0000000716c00000| Untracked 
|1116|0x0000000717000000, 0x0000000717000000, 0x0000000717400000|  0%| F|  |TAMS 0x0000000717000000| PB 0x0000000717000000| Untracked 
|1117|0x0000000717400000, 0x0000000717400000, 0x0000000717800000|  0%| F|  |TAMS 0x0000000717400000| PB 0x0000000717400000| Untracked 
|1118|0x0000000717800000, 0x0000000717800000, 0x0000000717c00000|  0%| F|  |TAMS 0x0000000717800000| PB 0x0000000717800000| Untracked 
|1119|0x0000000717c00000, 0x0000000717c00000, 0x0000000718000000|  0%| F|  |TAMS 0x0000000717c00000| PB 0x0000000717c00000| Untracked 
|1120|0x0000000718000000, 0x0000000718000000, 0x0000000718400000|  0%| F|  |TAMS 0x0000000718000000| PB 0x0000000718000000| Untracked 
|1121|0x0000000718400000, 0x0000000718400000, 0x0000000718800000|  0%| F|  |TAMS 0x0000000718400000| PB 0x0000000718400000| Untracked 
|1122|0x0000000718800000, 0x0000000718800000, 0x0000000718c00000|  0%| F|  |TAMS 0x0000000718800000| PB 0x0000000718800000| Untracked 
|1123|0x0000000718c00000, 0x0000000718c00000, 0x0000000719000000|  0%| F|  |TAMS 0x0000000718c00000| PB 0x0000000718c00000| Untracked 
|1124|0x0000000719000000, 0x0000000719000000, 0x0000000719400000|  0%| F|  |TAMS 0x0000000719000000| PB 0x0000000719000000| Untracked 
|1125|0x0000000719400000, 0x0000000719400000, 0x0000000719800000|  0%| F|  |TAMS 0x0000000719400000| PB 0x0000000719400000| Untracked 
|1126|0x0000000719800000, 0x0000000719800000, 0x0000000719c00000|  0%| F|  |TAMS 0x0000000719800000| PB 0x0000000719800000| Untracked 
|1127|0x0000000719c00000, 0x0000000719c00000, 0x000000071a000000|  0%| F|  |TAMS 0x0000000719c00000| PB 0x0000000719c00000| Untracked 
|1128|0x000000071a000000, 0x000000071a000000, 0x000000071a400000|  0%| F|  |TAMS 0x000000071a000000| PB 0x000000071a000000| Untracked 
|1129|0x000000071a400000, 0x000000071a400000, 0x000000071a800000|  0%| F|  |TAMS 0x000000071a400000| PB 0x000000071a400000| Untracked 
|1130|0x000000071a800000, 0x000000071a800000, 0x000000071ac00000|  0%| F|  |TAMS 0x000000071a800000| PB 0x000000071a800000| Untracked 
|1131|0x000000071ac00000, 0x000000071ac00000, 0x000000071b000000|  0%| F|  |TAMS 0x000000071ac00000| PB 0x000000071ac00000| Untracked 
|1132|0x000000071b000000, 0x000000071b000000, 0x000000071b400000|  0%| F|  |TAMS 0x000000071b000000| PB 0x000000071b000000| Untracked 
|1133|0x000000071b400000, 0x000000071b400000, 0x000000071b800000|  0%| F|  |TAMS 0x000000071b400000| PB 0x000000071b400000| Untracked 
|1134|0x000000071b800000, 0x000000071b800000, 0x000000071bc00000|  0%| F|  |TAMS 0x000000071b800000| PB 0x000000071b800000| Untracked 
|1135|0x000000071bc00000, 0x000000071bc00000, 0x000000071c000000|  0%| F|  |TAMS 0x000000071bc00000| PB 0x000000071bc00000| Untracked 
|1136|0x000000071c000000, 0x000000071c000000, 0x000000071c400000|  0%| F|  |TAMS 0x000000071c000000| PB 0x000000071c000000| Untracked 
|1137|0x000000071c400000, 0x000000071c400000, 0x000000071c800000|  0%| F|  |TAMS 0x000000071c400000| PB 0x000000071c400000| Untracked 
|1138|0x000000071c800000, 0x000000071c800000, 0x000000071cc00000|  0%| F|  |TAMS 0x000000071c800000| PB 0x000000071c800000| Untracked 
|1139|0x000000071cc00000, 0x000000071cc00000, 0x000000071d000000|  0%| F|  |TAMS 0x000000071cc00000| PB 0x000000071cc00000| Untracked 
|1140|0x000000071d000000, 0x000000071d000000, 0x000000071d400000|  0%| F|  |TAMS 0x000000071d000000| PB 0x000000071d000000| Untracked 
|1141|0x000000071d400000, 0x000000071d400000, 0x000000071d800000|  0%| F|  |TAMS 0x000000071d400000| PB 0x000000071d400000| Untracked 
|1142|0x000000071d800000, 0x000000071d800000, 0x000000071dc00000|  0%| F|  |TAMS 0x000000071d800000| PB 0x000000071d800000| Untracked 
|1143|0x000000071dc00000, 0x000000071dc00000, 0x000000071e000000|  0%| F|  |TAMS 0x000000071dc00000| PB 0x000000071dc00000| Untracked 
|1144|0x000000071e000000, 0x000000071e000000, 0x000000071e400000|  0%| F|  |TAMS 0x000000071e000000| PB 0x000000071e000000| Untracked 
|1145|0x000000071e400000, 0x000000071e400000, 0x000000071e800000|  0%| F|  |TAMS 0x000000071e400000| PB 0x000000071e400000| Untracked 
|1146|0x000000071e800000, 0x000000071e800000, 0x000000071ec00000|  0%| F|  |TAMS 0x000000071e800000| PB 0x000000071e800000| Untracked 
|1147|0x000000071ec00000, 0x000000071ec00000, 0x000000071f000000|  0%| F|  |TAMS 0x000000071ec00000| PB 0x000000071ec00000| Untracked 
|1148|0x000000071f000000, 0x000000071f000000, 0x000000071f400000|  0%| F|  |TAMS 0x000000071f000000| PB 0x000000071f000000| Untracked 
|1149|0x000000071f400000, 0x000000071f400000, 0x000000071f800000|  0%| F|  |TAMS 0x000000071f400000| PB 0x000000071f400000| Untracked 
|1150|0x000000071f800000, 0x000000071f800000, 0x000000071fc00000|  0%| F|  |TAMS 0x000000071f800000| PB 0x000000071f800000| Untracked 
|1151|0x000000071fc00000, 0x000000071fc00000, 0x0000000720000000|  0%| F|  |TAMS 0x000000071fc00000| PB 0x000000071fc00000| Untracked 
|1152|0x0000000720000000, 0x0000000720000000, 0x0000000720400000|  0%| F|  |TAMS 0x0000000720000000| PB 0x0000000720000000| Untracked 
|1153|0x0000000720400000, 0x0000000720400000, 0x0000000720800000|  0%| F|  |TAMS 0x0000000720400000| PB 0x0000000720400000| Untracked 
|1154|0x0000000720800000, 0x0000000720800000, 0x0000000720c00000|  0%| F|  |TAMS 0x0000000720800000| PB 0x0000000720800000| Untracked 
|1155|0x0000000720c00000, 0x0000000720c00000, 0x0000000721000000|  0%| F|  |TAMS 0x0000000720c00000| PB 0x0000000720c00000| Untracked 
|1156|0x0000000721000000, 0x0000000721000000, 0x0000000721400000|  0%| F|  |TAMS 0x0000000721000000| PB 0x0000000721000000| Untracked 
|1157|0x0000000721400000, 0x0000000721400000, 0x0000000721800000|  0%| F|  |TAMS 0x0000000721400000| PB 0x0000000721400000| Untracked 
|1158|0x0000000721800000, 0x0000000721800000, 0x0000000721c00000|  0%| F|  |TAMS 0x0000000721800000| PB 0x0000000721800000| Untracked 
|1159|0x0000000721c00000, 0x0000000721c00000, 0x0000000722000000|  0%| F|  |TAMS 0x0000000721c00000| PB 0x0000000721c00000| Untracked 
|1160|0x0000000722000000, 0x0000000722000000, 0x0000000722400000|  0%| F|  |TAMS 0x0000000722000000| PB 0x0000000722000000| Untracked 
|1161|0x0000000722400000, 0x0000000722400000, 0x0000000722800000|  0%| F|  |TAMS 0x0000000722400000| PB 0x0000000722400000| Untracked 
|1162|0x0000000722800000, 0x0000000722800000, 0x0000000722c00000|  0%| F|  |TAMS 0x0000000722800000| PB 0x0000000722800000| Untracked 
|1163|0x0000000722c00000, 0x0000000722c00000, 0x0000000723000000|  0%| F|  |TAMS 0x0000000722c00000| PB 0x0000000722c00000| Untracked 
|1164|0x0000000723000000, 0x0000000723000000, 0x0000000723400000|  0%| F|  |TAMS 0x0000000723000000| PB 0x0000000723000000| Untracked 
|1165|0x0000000723400000, 0x0000000723400000, 0x0000000723800000|  0%| F|  |TAMS 0x0000000723400000| PB 0x0000000723400000| Untracked 
|1166|0x0000000723800000, 0x0000000723800000, 0x0000000723c00000|  0%| F|  |TAMS 0x0000000723800000| PB 0x0000000723800000| Untracked 
|1167|0x0000000723c00000, 0x0000000723c00000, 0x0000000724000000|  0%| F|  |TAMS 0x0000000723c00000| PB 0x0000000723c00000| Untracked 
|1168|0x0000000724000000, 0x0000000724000000, 0x0000000724400000|  0%| F|  |TAMS 0x0000000724000000| PB 0x0000000724000000| Untracked 
|1169|0x0000000724400000, 0x0000000724400000, 0x0000000724800000|  0%| F|  |TAMS 0x0000000724400000| PB 0x0000000724400000| Untracked 
|1170|0x0000000724800000, 0x0000000724800000, 0x0000000724c00000|  0%| F|  |TAMS 0x0000000724800000| PB 0x0000000724800000| Untracked 
|1171|0x0000000724c00000, 0x0000000724c00000, 0x0000000725000000|  0%| F|  |TAMS 0x0000000724c00000| PB 0x0000000724c00000| Untracked 
|1172|0x0000000725000000, 0x0000000725000000, 0x0000000725400000|  0%| F|  |TAMS 0x0000000725000000| PB 0x0000000725000000| Untracked 
|1173|0x0000000725400000, 0x0000000725400000, 0x0000000725800000|  0%| F|  |TAMS 0x0000000725400000| PB 0x0000000725400000| Untracked 
|1174|0x0000000725800000, 0x0000000725800000, 0x0000000725c00000|  0%| F|  |TAMS 0x0000000725800000| PB 0x0000000725800000| Untracked 
|1175|0x0000000725c00000, 0x0000000725c00000, 0x0000000726000000|  0%| F|  |TAMS 0x0000000725c00000| PB 0x0000000725c00000| Untracked 
|1176|0x0000000726000000, 0x0000000726000000, 0x0000000726400000|  0%| F|  |TAMS 0x0000000726000000| PB 0x0000000726000000| Untracked 
|1177|0x0000000726400000, 0x0000000726400000, 0x0000000726800000|  0%| F|  |TAMS 0x0000000726400000| PB 0x0000000726400000| Untracked 
|1178|0x0000000726800000, 0x0000000726800000, 0x0000000726c00000|  0%| F|  |TAMS 0x0000000726800000| PB 0x0000000726800000| Untracked 
|1179|0x0000000726c00000, 0x0000000726c00000, 0x0000000727000000|  0%| F|  |TAMS 0x0000000726c00000| PB 0x0000000726c00000| Untracked 
|1180|0x0000000727000000, 0x0000000727000000, 0x0000000727400000|  0%| F|  |TAMS 0x0000000727000000| PB 0x0000000727000000| Untracked 
|1181|0x0000000727400000, 0x0000000727400000, 0x0000000727800000|  0%| F|  |TAMS 0x0000000727400000| PB 0x0000000727400000| Untracked 
|1182|0x0000000727800000, 0x0000000727800000, 0x0000000727c00000|  0%| F|  |TAMS 0x0000000727800000| PB 0x0000000727800000| Untracked 
|1183|0x0000000727c00000, 0x0000000727c00000, 0x0000000728000000|  0%| F|  |TAMS 0x0000000727c00000| PB 0x0000000727c00000| Untracked 
|1184|0x0000000728000000, 0x0000000728000000, 0x0000000728400000|  0%| F|  |TAMS 0x0000000728000000| PB 0x0000000728000000| Untracked 
|1185|0x0000000728400000, 0x0000000728400000, 0x0000000728800000|  0%| F|  |TAMS 0x0000000728400000| PB 0x0000000728400000| Untracked 
|1186|0x0000000728800000, 0x0000000728800000, 0x0000000728c00000|  0%| F|  |TAMS 0x0000000728800000| PB 0x0000000728800000| Untracked 
|1187|0x0000000728c00000, 0x0000000728c00000, 0x0000000729000000|  0%| F|  |TAMS 0x0000000728c00000| PB 0x0000000728c00000| Untracked 
|1188|0x0000000729000000, 0x0000000729000000, 0x0000000729400000|  0%| F|  |TAMS 0x0000000729000000| PB 0x0000000729000000| Untracked 
|1189|0x0000000729400000, 0x0000000729400000, 0x0000000729800000|  0%| F|  |TAMS 0x0000000729400000| PB 0x0000000729400000| Untracked 
|1190|0x0000000729800000, 0x0000000729800000, 0x0000000729c00000|  0%| F|  |TAMS 0x0000000729800000| PB 0x0000000729800000| Untracked 
|1191|0x0000000729c00000, 0x0000000729c00000, 0x000000072a000000|  0%| F|  |TAMS 0x0000000729c00000| PB 0x0000000729c00000| Untracked 
|1192|0x000000072a000000, 0x000000072a000000, 0x000000072a400000|  0%| F|  |TAMS 0x000000072a000000| PB 0x000000072a000000| Untracked 
|1193|0x000000072a400000, 0x000000072a400000, 0x000000072a800000|  0%| F|  |TAMS 0x000000072a400000| PB 0x000000072a400000| Untracked 
|1194|0x000000072a800000, 0x000000072a800000, 0x000000072ac00000|  0%| F|  |TAMS 0x000000072a800000| PB 0x000000072a800000| Untracked 
|1195|0x000000072ac00000, 0x000000072ac00000, 0x000000072b000000|  0%| F|  |TAMS 0x000000072ac00000| PB 0x000000072ac00000| Untracked 
|1196|0x000000072b000000, 0x000000072b000000, 0x000000072b400000|  0%| F|  |TAMS 0x000000072b000000| PB 0x000000072b000000| Untracked 
|1197|0x000000072b400000, 0x000000072b400000, 0x000000072b800000|  0%| F|  |TAMS 0x000000072b400000| PB 0x000000072b400000| Untracked 
|1198|0x000000072b800000, 0x000000072b800000, 0x000000072bc00000|  0%| F|  |TAMS 0x000000072b800000| PB 0x000000072b800000| Untracked 
|1199|0x000000072bc00000, 0x000000072bc00000, 0x000000072c000000|  0%| F|  |TAMS 0x000000072bc00000| PB 0x000000072bc00000| Untracked 
|1200|0x000000072c000000, 0x000000072c000000, 0x000000072c400000|  0%| F|  |TAMS 0x000000072c000000| PB 0x000000072c000000| Untracked 
|1201|0x000000072c400000, 0x000000072c400000, 0x000000072c800000|  0%| F|  |TAMS 0x000000072c400000| PB 0x000000072c400000| Untracked 
|1202|0x000000072c800000, 0x000000072c800000, 0x000000072cc00000|  0%| F|  |TAMS 0x000000072c800000| PB 0x000000072c800000| Untracked 
|1203|0x000000072cc00000, 0x000000072cc00000, 0x000000072d000000|  0%| F|  |TAMS 0x000000072cc00000| PB 0x000000072cc00000| Untracked 
|1204|0x000000072d000000, 0x000000072d000000, 0x000000072d400000|  0%| F|  |TAMS 0x000000072d000000| PB 0x000000072d000000| Untracked 
|1205|0x000000072d400000, 0x000000072d400000, 0x000000072d800000|  0%| F|  |TAMS 0x000000072d400000| PB 0x000000072d400000| Untracked 
|1206|0x000000072d800000, 0x000000072d800000, 0x000000072dc00000|  0%| F|  |TAMS 0x000000072d800000| PB 0x000000072d800000| Untracked 
|1207|0x000000072dc00000, 0x000000072dc00000, 0x000000072e000000|  0%| F|  |TAMS 0x000000072dc00000| PB 0x000000072dc00000| Untracked 
|1208|0x000000072e000000, 0x000000072e000000, 0x000000072e400000|  0%| F|  |TAMS 0x000000072e000000| PB 0x000000072e000000| Untracked 
|1209|0x000000072e400000, 0x000000072e400000, 0x000000072e800000|  0%| F|  |TAMS 0x000000072e400000| PB 0x000000072e400000| Untracked 
|1210|0x000000072e800000, 0x000000072e800000, 0x000000072ec00000|  0%| F|  |TAMS 0x000000072e800000| PB 0x000000072e800000| Untracked 
|1211|0x000000072ec00000, 0x000000072ec00000, 0x000000072f000000|  0%| F|  |TAMS 0x000000072ec00000| PB 0x000000072ec00000| Untracked 
|1212|0x000000072f000000, 0x000000072f000000, 0x000000072f400000|  0%| F|  |TAMS 0x000000072f000000| PB 0x000000072f000000| Untracked 
|1213|0x000000072f400000, 0x000000072f400000, 0x000000072f800000|  0%| F|  |TAMS 0x000000072f400000| PB 0x000000072f400000| Untracked 
|1214|0x000000072f800000, 0x000000072f800000, 0x000000072fc00000|  0%| F|  |TAMS 0x000000072f800000| PB 0x000000072f800000| Untracked 
|1215|0x000000072fc00000, 0x000000072fc00000, 0x0000000730000000|  0%| F|  |TAMS 0x000000072fc00000| PB 0x000000072fc00000| Untracked 
|1216|0x0000000730000000, 0x0000000730000000, 0x0000000730400000|  0%| F|  |TAMS 0x0000000730000000| PB 0x0000000730000000| Untracked 
|1217|0x0000000730400000, 0x0000000730400000, 0x0000000730800000|  0%| F|  |TAMS 0x0000000730400000| PB 0x0000000730400000| Untracked 
|1218|0x0000000730800000, 0x0000000730800000, 0x0000000730c00000|  0%| F|  |TAMS 0x0000000730800000| PB 0x0000000730800000| Untracked 
|1219|0x0000000730c00000, 0x0000000730c00000, 0x0000000731000000|  0%| F|  |TAMS 0x0000000730c00000| PB 0x0000000730c00000| Untracked 
|1220|0x0000000731000000, 0x0000000731000000, 0x0000000731400000|  0%| F|  |TAMS 0x0000000731000000| PB 0x0000000731000000| Untracked 
|1221|0x0000000731400000, 0x0000000731400000, 0x0000000731800000|  0%| F|  |TAMS 0x0000000731400000| PB 0x0000000731400000| Untracked 
|1222|0x0000000731800000, 0x0000000731800000, 0x0000000731c00000|  0%| F|  |TAMS 0x0000000731800000| PB 0x0000000731800000| Untracked 
|1223|0x0000000731c00000, 0x0000000731c00000, 0x0000000732000000|  0%| F|  |TAMS 0x0000000731c00000| PB 0x0000000731c00000| Untracked 
|1224|0x0000000732000000, 0x0000000732000000, 0x0000000732400000|  0%| F|  |TAMS 0x0000000732000000| PB 0x0000000732000000| Untracked 
|1225|0x0000000732400000, 0x0000000732400000, 0x0000000732800000|  0%| F|  |TAMS 0x0000000732400000| PB 0x0000000732400000| Untracked 
|1226|0x0000000732800000, 0x0000000732800000, 0x0000000732c00000|  0%| F|  |TAMS 0x0000000732800000| PB 0x0000000732800000| Untracked 
|1227|0x0000000732c00000, 0x0000000732c00000, 0x0000000733000000|  0%| F|  |TAMS 0x0000000732c00000| PB 0x0000000732c00000| Untracked 
|1228|0x0000000733000000, 0x0000000733000000, 0x0000000733400000|  0%| F|  |TAMS 0x0000000733000000| PB 0x0000000733000000| Untracked 
|1229|0x0000000733400000, 0x0000000733400000, 0x0000000733800000|  0%| F|  |TAMS 0x0000000733400000| PB 0x0000000733400000| Untracked 
|1230|0x0000000733800000, 0x0000000733800000, 0x0000000733c00000|  0%| F|  |TAMS 0x0000000733800000| PB 0x0000000733800000| Untracked 
|1231|0x0000000733c00000, 0x0000000733c00000, 0x0000000734000000|  0%| F|  |TAMS 0x0000000733c00000| PB 0x0000000733c00000| Untracked 
|1232|0x0000000734000000, 0x0000000734000000, 0x0000000734400000|  0%| F|  |TAMS 0x0000000734000000| PB 0x0000000734000000| Untracked 
|1233|0x0000000734400000, 0x0000000734400000, 0x0000000734800000|  0%| F|  |TAMS 0x0000000734400000| PB 0x0000000734400000| Untracked 
|1234|0x0000000734800000, 0x0000000734800000, 0x0000000734c00000|  0%| F|  |TAMS 0x0000000734800000| PB 0x0000000734800000| Untracked 
|1235|0x0000000734c00000, 0x0000000734c00000, 0x0000000735000000|  0%| F|  |TAMS 0x0000000734c00000| PB 0x0000000734c00000| Untracked 
|1236|0x0000000735000000, 0x0000000735000000, 0x0000000735400000|  0%| F|  |TAMS 0x0000000735000000| PB 0x0000000735000000| Untracked 
|1237|0x0000000735400000, 0x0000000735400000, 0x0000000735800000|  0%| F|  |TAMS 0x0000000735400000| PB 0x0000000735400000| Untracked 
|1238|0x0000000735800000, 0x0000000735800000, 0x0000000735c00000|  0%| F|  |TAMS 0x0000000735800000| PB 0x0000000735800000| Untracked 
|1239|0x0000000735c00000, 0x0000000735c00000, 0x0000000736000000|  0%| F|  |TAMS 0x0000000735c00000| PB 0x0000000735c00000| Untracked 
|1240|0x0000000736000000, 0x0000000736000000, 0x0000000736400000|  0%| F|  |TAMS 0x0000000736000000| PB 0x0000000736000000| Untracked 
|1241|0x0000000736400000, 0x0000000736400000, 0x0000000736800000|  0%| F|  |TAMS 0x0000000736400000| PB 0x0000000736400000| Untracked 
|1242|0x0000000736800000, 0x0000000736800000, 0x0000000736c00000|  0%| F|  |TAMS 0x0000000736800000| PB 0x0000000736800000| Untracked 
|1243|0x0000000736c00000, 0x0000000736c00000, 0x0000000737000000|  0%| F|  |TAMS 0x0000000736c00000| PB 0x0000000736c00000| Untracked 
|1244|0x0000000737000000, 0x0000000737000000, 0x0000000737400000|  0%| F|  |TAMS 0x0000000737000000| PB 0x0000000737000000| Untracked 
|1245|0x0000000737400000, 0x0000000737400000, 0x0000000737800000|  0%| F|  |TAMS 0x0000000737400000| PB 0x0000000737400000| Untracked 
|1246|0x0000000737800000, 0x0000000737800000, 0x0000000737c00000|  0%| F|  |TAMS 0x0000000737800000| PB 0x0000000737800000| Untracked 
|1247|0x0000000737c00000, 0x0000000737c00000, 0x0000000738000000|  0%| F|  |TAMS 0x0000000737c00000| PB 0x0000000737c00000| Untracked 
|1248|0x0000000738000000, 0x0000000738000000, 0x0000000738400000|  0%| F|  |TAMS 0x0000000738000000| PB 0x0000000738000000| Untracked 
|1249|0x0000000738400000, 0x0000000738400000, 0x0000000738800000|  0%| F|  |TAMS 0x0000000738400000| PB 0x0000000738400000| Untracked 
|1250|0x0000000738800000, 0x0000000738800000, 0x0000000738c00000|  0%| F|  |TAMS 0x0000000738800000| PB 0x0000000738800000| Untracked 
|1251|0x0000000738c00000, 0x0000000738c00000, 0x0000000739000000|  0%| F|  |TAMS 0x0000000738c00000| PB 0x0000000738c00000| Untracked 
|1252|0x0000000739000000, 0x0000000739000000, 0x0000000739400000|  0%| F|  |TAMS 0x0000000739000000| PB 0x0000000739000000| Untracked 
|1253|0x0000000739400000, 0x0000000739400000, 0x0000000739800000|  0%| F|  |TAMS 0x0000000739400000| PB 0x0000000739400000| Untracked 
|1254|0x0000000739800000, 0x0000000739800000, 0x0000000739c00000|  0%| F|  |TAMS 0x0000000739800000| PB 0x0000000739800000| Untracked 
|1255|0x0000000739c00000, 0x0000000739c00000, 0x000000073a000000|  0%| F|  |TAMS 0x0000000739c00000| PB 0x0000000739c00000| Untracked 
|1256|0x000000073a000000, 0x000000073a000000, 0x000000073a400000|  0%| F|  |TAMS 0x000000073a000000| PB 0x000000073a000000| Untracked 
|1257|0x000000073a400000, 0x000000073a400000, 0x000000073a800000|  0%| F|  |TAMS 0x000000073a400000| PB 0x000000073a400000| Untracked 
|1258|0x000000073a800000, 0x000000073a800000, 0x000000073ac00000|  0%| F|  |TAMS 0x000000073a800000| PB 0x000000073a800000| Untracked 
|1259|0x000000073ac00000, 0x000000073ac00000, 0x000000073b000000|  0%| F|  |TAMS 0x000000073ac00000| PB 0x000000073ac00000| Untracked 
|1260|0x000000073b000000, 0x000000073b000000, 0x000000073b400000|  0%| F|  |TAMS 0x000000073b000000| PB 0x000000073b000000| Untracked 
|1261|0x000000073b400000, 0x000000073b400000, 0x000000073b800000|  0%| F|  |TAMS 0x000000073b400000| PB 0x000000073b400000| Untracked 
|1262|0x000000073b800000, 0x000000073b800000, 0x000000073bc00000|  0%| F|  |TAMS 0x000000073b800000| PB 0x000000073b800000| Untracked 
|1263|0x000000073bc00000, 0x000000073bc00000, 0x000000073c000000|  0%| F|  |TAMS 0x000000073bc00000| PB 0x000000073bc00000| Untracked 
|1264|0x000000073c000000, 0x000000073c000000, 0x000000073c400000|  0%| F|  |TAMS 0x000000073c000000| PB 0x000000073c000000| Untracked 
|1265|0x000000073c400000, 0x000000073c400000, 0x000000073c800000|  0%| F|  |TAMS 0x000000073c400000| PB 0x000000073c400000| Untracked 
|1266|0x000000073c800000, 0x000000073c800000, 0x000000073cc00000|  0%| F|  |TAMS 0x000000073c800000| PB 0x000000073c800000| Untracked 
|1267|0x000000073cc00000, 0x000000073cc00000, 0x000000073d000000|  0%| F|  |TAMS 0x000000073cc00000| PB 0x000000073cc00000| Untracked 
|1268|0x000000073d000000, 0x000000073d000000, 0x000000073d400000|  0%| F|  |TAMS 0x000000073d000000| PB 0x000000073d000000| Untracked 
|1269|0x000000073d400000, 0x000000073d400000, 0x000000073d800000|  0%| F|  |TAMS 0x000000073d400000| PB 0x000000073d400000| Untracked 
|1270|0x000000073d800000, 0x000000073d800000, 0x000000073dc00000|  0%| F|  |TAMS 0x000000073d800000| PB 0x000000073d800000| Untracked 
|1271|0x000000073dc00000, 0x000000073dc00000, 0x000000073e000000|  0%| F|  |TAMS 0x000000073dc00000| PB 0x000000073dc00000| Untracked 
|1272|0x000000073e000000, 0x000000073e000000, 0x000000073e400000|  0%| F|  |TAMS 0x000000073e000000| PB 0x000000073e000000| Untracked 
|1273|0x000000073e400000, 0x000000073e400000, 0x000000073e800000|  0%| F|  |TAMS 0x000000073e400000| PB 0x000000073e400000| Untracked 
|1274|0x000000073e800000, 0x000000073e800000, 0x000000073ec00000|  0%| F|  |TAMS 0x000000073e800000| PB 0x000000073e800000| Untracked 
|1275|0x000000073ec00000, 0x000000073ec00000, 0x000000073f000000|  0%| F|  |TAMS 0x000000073ec00000| PB 0x000000073ec00000| Untracked 
|1276|0x000000073f000000, 0x000000073f000000, 0x000000073f400000|  0%| F|  |TAMS 0x000000073f000000| PB 0x000000073f000000| Untracked 
|1277|0x000000073f400000, 0x000000073f400000, 0x000000073f800000|  0%| F|  |TAMS 0x000000073f400000| PB 0x000000073f400000| Untracked 
|1278|0x000000073f800000, 0x000000073f800000, 0x000000073fc00000|  0%| F|  |TAMS 0x000000073f800000| PB 0x000000073f800000| Untracked 
|1279|0x000000073fc00000, 0x000000073fc00000, 0x0000000740000000|  0%| F|  |TAMS 0x000000073fc00000| PB 0x000000073fc00000| Untracked 
|1280|0x0000000740000000, 0x0000000740000000, 0x0000000740400000|  0%| F|  |TAMS 0x0000000740000000| PB 0x0000000740000000| Untracked 
|1281|0x0000000740400000, 0x0000000740400000, 0x0000000740800000|  0%| F|  |TAMS 0x0000000740400000| PB 0x0000000740400000| Untracked 
|1282|0x0000000740800000, 0x0000000740800000, 0x0000000740c00000|  0%| F|  |TAMS 0x0000000740800000| PB 0x0000000740800000| Untracked 
|1283|0x0000000740c00000, 0x0000000740c00000, 0x0000000741000000|  0%| F|  |TAMS 0x0000000740c00000| PB 0x0000000740c00000| Untracked 
|1284|0x0000000741000000, 0x0000000741000000, 0x0000000741400000|  0%| F|  |TAMS 0x0000000741000000| PB 0x0000000741000000| Untracked 
|1285|0x0000000741400000, 0x0000000741400000, 0x0000000741800000|  0%| F|  |TAMS 0x0000000741400000| PB 0x0000000741400000| Untracked 
|1286|0x0000000741800000, 0x0000000741800000, 0x0000000741c00000|  0%| F|  |TAMS 0x0000000741800000| PB 0x0000000741800000| Untracked 
|1287|0x0000000741c00000, 0x0000000741c00000, 0x0000000742000000|  0%| F|  |TAMS 0x0000000741c00000| PB 0x0000000741c00000| Untracked 
|1288|0x0000000742000000, 0x0000000742000000, 0x0000000742400000|  0%| F|  |TAMS 0x0000000742000000| PB 0x0000000742000000| Untracked 
|1289|0x0000000742400000, 0x0000000742400000, 0x0000000742800000|  0%| F|  |TAMS 0x0000000742400000| PB 0x0000000742400000| Untracked 
|1290|0x0000000742800000, 0x0000000742800000, 0x0000000742c00000|  0%| F|  |TAMS 0x0000000742800000| PB 0x0000000742800000| Untracked 
|1291|0x0000000742c00000, 0x0000000742c00000, 0x0000000743000000|  0%| F|  |TAMS 0x0000000742c00000| PB 0x0000000742c00000| Untracked 
|1292|0x0000000743000000, 0x0000000743000000, 0x0000000743400000|  0%| F|  |TAMS 0x0000000743000000| PB 0x0000000743000000| Untracked 
|1293|0x0000000743400000, 0x0000000743400000, 0x0000000743800000|  0%| F|  |TAMS 0x0000000743400000| PB 0x0000000743400000| Untracked 
|1294|0x0000000743800000, 0x0000000743800000, 0x0000000743c00000|  0%| F|  |TAMS 0x0000000743800000| PB 0x0000000743800000| Untracked 
|1295|0x0000000743c00000, 0x0000000743c00000, 0x0000000744000000|  0%| F|  |TAMS 0x0000000743c00000| PB 0x0000000743c00000| Untracked 
|1296|0x0000000744000000, 0x0000000744000000, 0x0000000744400000|  0%| F|  |TAMS 0x0000000744000000| PB 0x0000000744000000| Untracked 
|1297|0x0000000744400000, 0x0000000744400000, 0x0000000744800000|  0%| F|  |TAMS 0x0000000744400000| PB 0x0000000744400000| Untracked 
|1298|0x0000000744800000, 0x0000000744800000, 0x0000000744c00000|  0%| F|  |TAMS 0x0000000744800000| PB 0x0000000744800000| Untracked 
|1299|0x0000000744c00000, 0x0000000744c00000, 0x0000000745000000|  0%| F|  |TAMS 0x0000000744c00000| PB 0x0000000744c00000| Untracked 
|1300|0x0000000745000000, 0x0000000745000000, 0x0000000745400000|  0%| F|  |TAMS 0x0000000745000000| PB 0x0000000745000000| Untracked 
|1301|0x0000000745400000, 0x0000000745400000, 0x0000000745800000|  0%| F|  |TAMS 0x0000000745400000| PB 0x0000000745400000| Untracked 
|1302|0x0000000745800000, 0x0000000745800000, 0x0000000745c00000|  0%| F|  |TAMS 0x0000000745800000| PB 0x0000000745800000| Untracked 
|1303|0x0000000745c00000, 0x0000000745dec370, 0x0000000746000000| 48%| E|  |TAMS 0x0000000745c00000| PB 0x0000000745c00000| Complete 
|1304|0x0000000746000000, 0x0000000746400000, 0x0000000746400000|100%| E|CS|TAMS 0x0000000746000000| PB 0x0000000746000000| Complete 
|1305|0x0000000746400000, 0x0000000746800000, 0x0000000746800000|100%| E|CS|TAMS 0x0000000746400000| PB 0x0000000746400000| Complete 
|1306|0x0000000746800000, 0x0000000746c00000, 0x0000000746c00000|100%| E|CS|TAMS 0x0000000746800000| PB 0x0000000746800000| Complete 
|1307|0x0000000746c00000, 0x0000000747000000, 0x0000000747000000|100%| E|CS|TAMS 0x0000000746c00000| PB 0x0000000746c00000| Complete 
|1308|0x0000000747000000, 0x0000000747400000, 0x0000000747400000|100%| E|CS|TAMS 0x0000000747000000| PB 0x0000000747000000| Complete 
|1309|0x0000000747400000, 0x0000000747800000, 0x0000000747800000|100%| E|CS|TAMS 0x0000000747400000| PB 0x0000000747400000| Complete 
|1310|0x0000000747800000, 0x0000000747c00000, 0x0000000747c00000|100%| E|CS|TAMS 0x0000000747800000| PB 0x0000000747800000| Complete 
|1311|0x0000000747c00000, 0x0000000748000000, 0x0000000748000000|100%| E|CS|TAMS 0x0000000747c00000| PB 0x0000000747c00000| Complete 
|1312|0x0000000748000000, 0x0000000748400000, 0x0000000748400000|100%| E|CS|TAMS 0x0000000748000000| PB 0x0000000748000000| Complete 
|1313|0x0000000748400000, 0x0000000748800000, 0x0000000748800000|100%| E|CS|TAMS 0x0000000748400000| PB 0x0000000748400000| Complete 
|1314|0x0000000748800000, 0x0000000748c00000, 0x0000000748c00000|100%| E|CS|TAMS 0x0000000748800000| PB 0x0000000748800000| Complete 
|1315|0x0000000748c00000, 0x0000000749000000, 0x0000000749000000|100%| E|CS|TAMS 0x0000000748c00000| PB 0x0000000748c00000| Complete 
|1316|0x0000000749000000, 0x0000000749400000, 0x0000000749400000|100%| E|CS|TAMS 0x0000000749000000| PB 0x0000000749000000| Complete 
|1317|0x0000000749400000, 0x0000000749800000, 0x0000000749800000|100%| E|CS|TAMS 0x0000000749400000| PB 0x0000000749400000| Complete 
|1318|0x0000000749800000, 0x0000000749c00000, 0x0000000749c00000|100%| E|CS|TAMS 0x0000000749800000| PB 0x0000000749800000| Complete 
|1319|0x0000000749c00000, 0x000000074a000000, 0x000000074a000000|100%| E|CS|TAMS 0x0000000749c00000| PB 0x0000000749c00000| Complete 
|1320|0x000000074a000000, 0x000000074a400000, 0x000000074a400000|100%| E|CS|TAMS 0x000000074a000000| PB 0x000000074a000000| Complete 
|1321|0x000000074a400000, 0x000000074a800000, 0x000000074a800000|100%| E|CS|TAMS 0x000000074a400000| PB 0x000000074a400000| Complete 
|1322|0x000000074a800000, 0x000000074ac00000, 0x000000074ac00000|100%| E|CS|TAMS 0x000000074a800000| PB 0x000000074a800000| Complete 
|1323|0x000000074ac00000, 0x000000074b000000, 0x000000074b000000|100%| E|CS|TAMS 0x000000074ac00000| PB 0x000000074ac00000| Complete 
|1324|0x000000074b000000, 0x000000074b400000, 0x000000074b400000|100%| E|CS|TAMS 0x000000074b000000| PB 0x000000074b000000| Complete 
|1325|0x000000074b400000, 0x000000074b800000, 0x000000074b800000|100%| E|CS|TAMS 0x000000074b400000| PB 0x000000074b400000| Complete 
|1326|0x000000074b800000, 0x000000074bc00000, 0x000000074bc00000|100%| E|CS|TAMS 0x000000074b800000| PB 0x000000074b800000| Complete 
|1327|0x000000074bc00000, 0x000000074c000000, 0x000000074c000000|100%| E|CS|TAMS 0x000000074bc00000| PB 0x000000074bc00000| Complete 
|1328|0x000000074c000000, 0x000000074c400000, 0x000000074c400000|100%| E|CS|TAMS 0x000000074c000000| PB 0x000000074c000000| Complete 
|1329|0x000000074c400000, 0x000000074c800000, 0x000000074c800000|100%| E|CS|TAMS 0x000000074c400000| PB 0x000000074c400000| Complete 
|1330|0x000000074c800000, 0x000000074cc00000, 0x000000074cc00000|100%| E|CS|TAMS 0x000000074c800000| PB 0x000000074c800000| Complete 
|1331|0x000000074cc00000, 0x000000074d000000, 0x000000074d000000|100%| E|CS|TAMS 0x000000074cc00000| PB 0x000000074cc00000| Complete 
|1332|0x000000074d000000, 0x000000074d400000, 0x000000074d400000|100%| E|CS|TAMS 0x000000074d000000| PB 0x000000074d000000| Complete 
|1333|0x000000074d400000, 0x000000074d800000, 0x000000074d800000|100%| E|CS|TAMS 0x000000074d400000| PB 0x000000074d400000| Complete 
|1334|0x000000074d800000, 0x000000074dc00000, 0x000000074dc00000|100%| E|CS|TAMS 0x000000074d800000| PB 0x000000074d800000| Complete 
|1335|0x000000074dc00000, 0x000000074e000000, 0x000000074e000000|100%| E|CS|TAMS 0x000000074dc00000| PB 0x000000074dc00000| Complete 
|1336|0x000000074e000000, 0x000000074e400000, 0x000000074e400000|100%| E|CS|TAMS 0x000000074e000000| PB 0x000000074e000000| Complete 
|1337|0x000000074e400000, 0x000000074e800000, 0x000000074e800000|100%| E|CS|TAMS 0x000000074e400000| PB 0x000000074e400000| Complete 
|1338|0x000000074e800000, 0x000000074ec00000, 0x000000074ec00000|100%| E|CS|TAMS 0x000000074e800000| PB 0x000000074e800000| Complete 
|1339|0x000000074ec00000, 0x000000074f000000, 0x000000074f000000|100%| E|CS|TAMS 0x000000074ec00000| PB 0x000000074ec00000| Complete 
|1340|0x000000074f000000, 0x000000074f400000, 0x000000074f400000|100%| E|CS|TAMS 0x000000074f000000| PB 0x000000074f000000| Complete 
|1341|0x000000074f400000, 0x000000074f800000, 0x000000074f800000|100%| E|CS|TAMS 0x000000074f400000| PB 0x000000074f400000| Complete 
|1342|0x000000074f800000, 0x000000074fc00000, 0x000000074fc00000|100%| E|CS|TAMS 0x000000074f800000| PB 0x000000074f800000| Complete 
|1343|0x000000074fc00000, 0x0000000750000000, 0x0000000750000000|100%| E|CS|TAMS 0x000000074fc00000| PB 0x000000074fc00000| Complete 
|1344|0x0000000750000000, 0x0000000750400000, 0x0000000750400000|100%| E|CS|TAMS 0x0000000750000000| PB 0x0000000750000000| Complete 
|1345|0x0000000750400000, 0x0000000750800000, 0x0000000750800000|100%| E|CS|TAMS 0x0000000750400000| PB 0x0000000750400000| Complete 
|1346|0x0000000750800000, 0x0000000750c00000, 0x0000000750c00000|100%| E|CS|TAMS 0x0000000750800000| PB 0x0000000750800000| Complete 
|1347|0x0000000750c00000, 0x0000000751000000, 0x0000000751000000|100%| E|CS|TAMS 0x0000000750c00000| PB 0x0000000750c00000| Complete 
|1348|0x0000000751000000, 0x0000000751400000, 0x0000000751400000|100%| E|CS|TAMS 0x0000000751000000| PB 0x0000000751000000| Complete 
|1349|0x0000000751400000, 0x0000000751800000, 0x0000000751800000|100%| E|CS|TAMS 0x0000000751400000| PB 0x0000000751400000| Complete 
|1350|0x0000000751800000, 0x0000000751c00000, 0x0000000751c00000|100%| E|CS|TAMS 0x0000000751800000| PB 0x0000000751800000| Complete 
|1351|0x0000000751c00000, 0x0000000752000000, 0x0000000752000000|100%| E|CS|TAMS 0x0000000751c00000| PB 0x0000000751c00000| Complete 
|1352|0x0000000752000000, 0x0000000752400000, 0x0000000752400000|100%| E|CS|TAMS 0x0000000752000000| PB 0x0000000752000000| Complete 
|1353|0x0000000752400000, 0x0000000752800000, 0x0000000752800000|100%| E|CS|TAMS 0x0000000752400000| PB 0x0000000752400000| Complete 
|1354|0x0000000752800000, 0x0000000752c00000, 0x0000000752c00000|100%| E|CS|TAMS 0x0000000752800000| PB 0x0000000752800000| Complete 
|1355|0x0000000752c00000, 0x0000000753000000, 0x0000000753000000|100%| E|CS|TAMS 0x0000000752c00000| PB 0x0000000752c00000| Complete 
|1356|0x0000000753000000, 0x0000000753400000, 0x0000000753400000|100%| E|CS|TAMS 0x0000000753000000| PB 0x0000000753000000| Complete 
|1357|0x0000000753400000, 0x0000000753800000, 0x0000000753800000|100%| E|CS|TAMS 0x0000000753400000| PB 0x0000000753400000| Complete 
|1358|0x0000000753800000, 0x0000000753c00000, 0x0000000753c00000|100%| E|CS|TAMS 0x0000000753800000| PB 0x0000000753800000| Complete 
|1359|0x0000000753c00000, 0x0000000754000000, 0x0000000754000000|100%| E|CS|TAMS 0x0000000753c00000| PB 0x0000000753c00000| Complete 
|1360|0x0000000754000000, 0x0000000754400000, 0x0000000754400000|100%| E|CS|TAMS 0x0000000754000000| PB 0x0000000754000000| Complete 
|1361|0x0000000754400000, 0x0000000754800000, 0x0000000754800000|100%| E|CS|TAMS 0x0000000754400000| PB 0x0000000754400000| Complete 
|1362|0x0000000754800000, 0x0000000754c00000, 0x0000000754c00000|100%| E|CS|TAMS 0x0000000754800000| PB 0x0000000754800000| Complete 
|1363|0x0000000754c00000, 0x0000000755000000, 0x0000000755000000|100%| E|CS|TAMS 0x0000000754c00000| PB 0x0000000754c00000| Complete 
|1364|0x0000000755000000, 0x0000000755400000, 0x0000000755400000|100%| E|CS|TAMS 0x0000000755000000| PB 0x0000000755000000| Complete 
|1365|0x0000000755400000, 0x0000000755800000, 0x0000000755800000|100%| E|CS|TAMS 0x0000000755400000| PB 0x0000000755400000| Complete 
|1366|0x0000000755800000, 0x0000000755c00000, 0x0000000755c00000|100%| E|CS|TAMS 0x0000000755800000| PB 0x0000000755800000| Complete 
|1367|0x0000000755c00000, 0x0000000756000000, 0x0000000756000000|100%| E|CS|TAMS 0x0000000755c00000| PB 0x0000000755c00000| Complete 
|1368|0x0000000756000000, 0x0000000756400000, 0x0000000756400000|100%| E|CS|TAMS 0x0000000756000000| PB 0x0000000756000000| Complete 
|1369|0x0000000756400000, 0x0000000756800000, 0x0000000756800000|100%| E|CS|TAMS 0x0000000756400000| PB 0x0000000756400000| Complete 
|1370|0x0000000756800000, 0x0000000756c00000, 0x0000000756c00000|100%| E|CS|TAMS 0x0000000756800000| PB 0x0000000756800000| Complete 
|1371|0x0000000756c00000, 0x0000000757000000, 0x0000000757000000|100%| E|CS|TAMS 0x0000000756c00000| PB 0x0000000756c00000| Complete 
|1372|0x0000000757000000, 0x0000000757400000, 0x0000000757400000|100%| E|CS|TAMS 0x0000000757000000| PB 0x0000000757000000| Complete 
|1373|0x0000000757400000, 0x0000000757800000, 0x0000000757800000|100%| E|CS|TAMS 0x0000000757400000| PB 0x0000000757400000| Complete 
|1374|0x0000000757800000, 0x0000000757c00000, 0x0000000757c00000|100%| E|CS|TAMS 0x0000000757800000| PB 0x0000000757800000| Complete 
|1375|0x0000000757c00000, 0x0000000758000000, 0x0000000758000000|100%| E|CS|TAMS 0x0000000757c00000| PB 0x0000000757c00000| Complete 
|1376|0x0000000758000000, 0x0000000758400000, 0x0000000758400000|100%| E|CS|TAMS 0x0000000758000000| PB 0x0000000758000000| Complete 
|1377|0x0000000758400000, 0x0000000758800000, 0x0000000758800000|100%| E|CS|TAMS 0x0000000758400000| PB 0x0000000758400000| Complete 
|1378|0x0000000758800000, 0x0000000758c00000, 0x0000000758c00000|100%| E|CS|TAMS 0x0000000758800000| PB 0x0000000758800000| Complete 
|1379|0x0000000758c00000, 0x0000000759000000, 0x0000000759000000|100%| E|CS|TAMS 0x0000000758c00000| PB 0x0000000758c00000| Complete 
|1380|0x0000000759000000, 0x0000000759400000, 0x0000000759400000|100%| E|CS|TAMS 0x0000000759000000| PB 0x0000000759000000| Complete 
|1381|0x0000000759400000, 0x0000000759800000, 0x0000000759800000|100%| E|CS|TAMS 0x0000000759400000| PB 0x0000000759400000| Complete 
|1382|0x0000000759800000, 0x0000000759c00000, 0x0000000759c00000|100%| E|CS|TAMS 0x0000000759800000| PB 0x0000000759800000| Complete 
|1383|0x0000000759c00000, 0x000000075a000000, 0x000000075a000000|100%| E|CS|TAMS 0x0000000759c00000| PB 0x0000000759c00000| Complete 
|1384|0x000000075a000000, 0x000000075a400000, 0x000000075a400000|100%| E|CS|TAMS 0x000000075a000000| PB 0x000000075a000000| Complete 
|1385|0x000000075a400000, 0x000000075a800000, 0x000000075a800000|100%| E|CS|TAMS 0x000000075a400000| PB 0x000000075a400000| Complete 
|1386|0x000000075a800000, 0x000000075ac00000, 0x000000075ac00000|100%| E|CS|TAMS 0x000000075a800000| PB 0x000000075a800000| Complete 
|1387|0x000000075ac00000, 0x000000075b000000, 0x000000075b000000|100%| E|CS|TAMS 0x000000075ac00000| PB 0x000000075ac00000| Complete 
|1388|0x000000075b000000, 0x000000075b400000, 0x000000075b400000|100%| E|CS|TAMS 0x000000075b000000| PB 0x000000075b000000| Complete 
|1389|0x000000075b400000, 0x000000075b800000, 0x000000075b800000|100%| E|CS|TAMS 0x000000075b400000| PB 0x000000075b400000| Complete 
|1390|0x000000075b800000, 0x000000075bc00000, 0x000000075bc00000|100%| E|CS|TAMS 0x000000075b800000| PB 0x000000075b800000| Complete 
|1391|0x000000075bc00000, 0x000000075c000000, 0x000000075c000000|100%| E|CS|TAMS 0x000000075bc00000| PB 0x000000075bc00000| Complete 
|1392|0x000000075c000000, 0x000000075c400000, 0x000000075c400000|100%| E|CS|TAMS 0x000000075c000000| PB 0x000000075c000000| Complete 
|1393|0x000000075c400000, 0x000000075c800000, 0x000000075c800000|100%| E|CS|TAMS 0x000000075c400000| PB 0x000000075c400000| Complete 
|1394|0x000000075c800000, 0x000000075cc00000, 0x000000075cc00000|100%| E|CS|TAMS 0x000000075c800000| PB 0x000000075c800000| Complete 
|1395|0x000000075cc00000, 0x000000075d000000, 0x000000075d000000|100%| E|CS|TAMS 0x000000075cc00000| PB 0x000000075cc00000| Complete 
|1396|0x000000075d000000, 0x000000075d400000, 0x000000075d400000|100%| E|CS|TAMS 0x000000075d000000| PB 0x000000075d000000| Complete 
|1397|0x000000075d400000, 0x000000075d800000, 0x000000075d800000|100%| E|CS|TAMS 0x000000075d400000| PB 0x000000075d400000| Complete 
|1398|0x000000075d800000, 0x000000075dc00000, 0x000000075dc00000|100%| E|CS|TAMS 0x000000075d800000| PB 0x000000075d800000| Complete 
|1399|0x000000075dc00000, 0x000000075e000000, 0x000000075e000000|100%| E|CS|TAMS 0x000000075dc00000| PB 0x000000075dc00000| Complete 
|1400|0x000000075e000000, 0x000000075e400000, 0x000000075e400000|100%| E|CS|TAMS 0x000000075e000000| PB 0x000000075e000000| Complete 
|1401|0x000000075e400000, 0x000000075e800000, 0x000000075e800000|100%| E|CS|TAMS 0x000000075e400000| PB 0x000000075e400000| Complete 
|1402|0x000000075e800000, 0x000000075ec00000, 0x000000075ec00000|100%| E|CS|TAMS 0x000000075e800000| PB 0x000000075e800000| Complete 
|1403|0x000000075ec00000, 0x000000075f000000, 0x000000075f000000|100%| E|CS|TAMS 0x000000075ec00000| PB 0x000000075ec00000| Complete 
|1404|0x000000075f000000, 0x000000075f400000, 0x000000075f400000|100%| E|CS|TAMS 0x000000075f000000| PB 0x000000075f000000| Complete 
|1405|0x000000075f400000, 0x000000075f800000, 0x000000075f800000|100%| E|CS|TAMS 0x000000075f400000| PB 0x000000075f400000| Complete 
|1406|0x000000075f800000, 0x000000075fc00000, 0x000000075fc00000|100%| E|CS|TAMS 0x000000075f800000| PB 0x000000075f800000| Complete 
|1407|0x000000075fc00000, 0x0000000760000000, 0x0000000760000000|100%| E|CS|TAMS 0x000000075fc00000| PB 0x000000075fc00000| Complete 
|1408|0x0000000760000000, 0x0000000760400000, 0x0000000760400000|100%| E|CS|TAMS 0x0000000760000000| PB 0x0000000760000000| Complete 
|1409|0x0000000760400000, 0x0000000760800000, 0x0000000760800000|100%| E|CS|TAMS 0x0000000760400000| PB 0x0000000760400000| Complete 
|1410|0x0000000760800000, 0x0000000760c00000, 0x0000000760c00000|100%| E|CS|TAMS 0x0000000760800000| PB 0x0000000760800000| Complete 
|1411|0x0000000760c00000, 0x0000000761000000, 0x0000000761000000|100%| E|CS|TAMS 0x0000000760c00000| PB 0x0000000760c00000| Complete 
|1412|0x0000000761000000, 0x0000000761400000, 0x0000000761400000|100%| E|CS|TAMS 0x0000000761000000| PB 0x0000000761000000| Complete 
|1413|0x0000000761400000, 0x0000000761800000, 0x0000000761800000|100%| E|CS|TAMS 0x0000000761400000| PB 0x0000000761400000| Complete 
|1414|0x0000000761800000, 0x0000000761c00000, 0x0000000761c00000|100%| E|CS|TAMS 0x0000000761800000| PB 0x0000000761800000| Complete 
|1415|0x0000000761c00000, 0x0000000762000000, 0x0000000762000000|100%| E|CS|TAMS 0x0000000761c00000| PB 0x0000000761c00000| Complete 
|1416|0x0000000762000000, 0x0000000762400000, 0x0000000762400000|100%| E|CS|TAMS 0x0000000762000000| PB 0x0000000762000000| Complete 
|1417|0x0000000762400000, 0x0000000762800000, 0x0000000762800000|100%| E|CS|TAMS 0x0000000762400000| PB 0x0000000762400000| Complete 
|1418|0x0000000762800000, 0x0000000762c00000, 0x0000000762c00000|100%| E|CS|TAMS 0x0000000762800000| PB 0x0000000762800000| Complete 
|1419|0x0000000762c00000, 0x0000000763000000, 0x0000000763000000|100%| E|CS|TAMS 0x0000000762c00000| PB 0x0000000762c00000| Complete 
|1420|0x0000000763000000, 0x0000000763400000, 0x0000000763400000|100%| E|CS|TAMS 0x0000000763000000| PB 0x0000000763000000| Complete 
|1421|0x0000000763400000, 0x0000000763800000, 0x0000000763800000|100%| E|CS|TAMS 0x0000000763400000| PB 0x0000000763400000| Complete 
|1422|0x0000000763800000, 0x0000000763c00000, 0x0000000763c00000|100%| E|CS|TAMS 0x0000000763800000| PB 0x0000000763800000| Complete 
|1423|0x0000000763c00000, 0x0000000764000000, 0x0000000764000000|100%| E|CS|TAMS 0x0000000763c00000| PB 0x0000000763c00000| Complete 
|1424|0x0000000764000000, 0x0000000764400000, 0x0000000764400000|100%| E|CS|TAMS 0x0000000764000000| PB 0x0000000764000000| Complete 
|1425|0x0000000764400000, 0x0000000764800000, 0x0000000764800000|100%| E|CS|TAMS 0x0000000764400000| PB 0x0000000764400000| Complete 
|1426|0x0000000764800000, 0x0000000764c00000, 0x0000000764c00000|100%| E|CS|TAMS 0x0000000764800000| PB 0x0000000764800000| Complete 
|1427|0x0000000764c00000, 0x0000000765000000, 0x0000000765000000|100%| E|CS|TAMS 0x0000000764c00000| PB 0x0000000764c00000| Complete 
|1428|0x0000000765000000, 0x0000000765400000, 0x0000000765400000|100%| E|CS|TAMS 0x0000000765000000| PB 0x0000000765000000| Complete 
|1429|0x0000000765400000, 0x0000000765800000, 0x0000000765800000|100%| E|CS|TAMS 0x0000000765400000| PB 0x0000000765400000| Complete 
|1430|0x0000000765800000, 0x0000000765c00000, 0x0000000765c00000|100%| E|CS|TAMS 0x0000000765800000| PB 0x0000000765800000| Complete 
|1431|0x0000000765c00000, 0x0000000766000000, 0x0000000766000000|100%| E|CS|TAMS 0x0000000765c00000| PB 0x0000000765c00000| Complete 
|1432|0x0000000766000000, 0x0000000766400000, 0x0000000766400000|100%| E|CS|TAMS 0x0000000766000000| PB 0x0000000766000000| Complete 
|1433|0x0000000766400000, 0x0000000766800000, 0x0000000766800000|100%| E|CS|TAMS 0x0000000766400000| PB 0x0000000766400000| Complete 
|1434|0x0000000766800000, 0x0000000766c00000, 0x0000000766c00000|100%| E|CS|TAMS 0x0000000766800000| PB 0x0000000766800000| Complete 
|1435|0x0000000766c00000, 0x0000000767000000, 0x0000000767000000|100%| E|CS|TAMS 0x0000000766c00000| PB 0x0000000766c00000| Complete 
|1436|0x0000000767000000, 0x0000000767400000, 0x0000000767400000|100%| E|CS|TAMS 0x0000000767000000| PB 0x0000000767000000| Complete 
|1437|0x0000000767400000, 0x0000000767800000, 0x0000000767800000|100%| E|CS|TAMS 0x0000000767400000| PB 0x0000000767400000| Complete 
|1438|0x0000000767800000, 0x0000000767c00000, 0x0000000767c00000|100%| E|CS|TAMS 0x0000000767800000| PB 0x0000000767800000| Complete 
|1439|0x0000000767c00000, 0x0000000768000000, 0x0000000768000000|100%| E|CS|TAMS 0x0000000767c00000| PB 0x0000000767c00000| Complete 
|1440|0x0000000768000000, 0x0000000768400000, 0x0000000768400000|100%| E|CS|TAMS 0x0000000768000000| PB 0x0000000768000000| Complete 
|1441|0x0000000768400000, 0x0000000768800000, 0x0000000768800000|100%| E|CS|TAMS 0x0000000768400000| PB 0x0000000768400000| Complete 
|1442|0x0000000768800000, 0x0000000768c00000, 0x0000000768c00000|100%| E|CS|TAMS 0x0000000768800000| PB 0x0000000768800000| Complete 
|1443|0x0000000768c00000, 0x0000000769000000, 0x0000000769000000|100%| E|CS|TAMS 0x0000000768c00000| PB 0x0000000768c00000| Complete 
|1444|0x0000000769000000, 0x0000000769400000, 0x0000000769400000|100%| E|CS|TAMS 0x0000000769000000| PB 0x0000000769000000| Complete 
|1445|0x0000000769400000, 0x0000000769800000, 0x0000000769800000|100%| E|CS|TAMS 0x0000000769400000| PB 0x0000000769400000| Complete 
|1446|0x0000000769800000, 0x0000000769c00000, 0x0000000769c00000|100%| E|CS|TAMS 0x0000000769800000| PB 0x0000000769800000| Complete 
|1447|0x0000000769c00000, 0x000000076a000000, 0x000000076a000000|100%| E|CS|TAMS 0x0000000769c00000| PB 0x0000000769c00000| Complete 
|1448|0x000000076a000000, 0x000000076a400000, 0x000000076a400000|100%| E|CS|TAMS 0x000000076a000000| PB 0x000000076a000000| Complete 
|1449|0x000000076a400000, 0x000000076a800000, 0x000000076a800000|100%| E|CS|TAMS 0x000000076a400000| PB 0x000000076a400000| Complete 
|1450|0x000000076a800000, 0x000000076ac00000, 0x000000076ac00000|100%| E|CS|TAMS 0x000000076a800000| PB 0x000000076a800000| Complete 
|1451|0x000000076ac00000, 0x000000076b000000, 0x000000076b000000|100%| E|CS|TAMS 0x000000076ac00000| PB 0x000000076ac00000| Complete 
|1452|0x000000076b000000, 0x000000076b400000, 0x000000076b400000|100%| E|CS|TAMS 0x000000076b000000| PB 0x000000076b000000| Complete 
|1453|0x000000076b400000, 0x000000076b800000, 0x000000076b800000|100%| E|CS|TAMS 0x000000076b400000| PB 0x000000076b400000| Complete 
|1454|0x000000076b800000, 0x000000076bc00000, 0x000000076bc00000|100%| E|CS|TAMS 0x000000076b800000| PB 0x000000076b800000| Complete 
|1455|0x000000076bc00000, 0x000000076c000000, 0x000000076c000000|100%| E|CS|TAMS 0x000000076bc00000| PB 0x000000076bc00000| Complete 
|1456|0x000000076c000000, 0x000000076c400000, 0x000000076c400000|100%| E|CS|TAMS 0x000000076c000000| PB 0x000000076c000000| Complete 
|1457|0x000000076c400000, 0x000000076c800000, 0x000000076c800000|100%| E|CS|TAMS 0x000000076c400000| PB 0x000000076c400000| Complete 
|1458|0x000000076c800000, 0x000000076cc00000, 0x000000076cc00000|100%| E|CS|TAMS 0x000000076c800000| PB 0x000000076c800000| Complete 
|1459|0x000000076cc00000, 0x000000076d000000, 0x000000076d000000|100%| E|CS|TAMS 0x000000076cc00000| PB 0x000000076cc00000| Complete 
|1460|0x000000076d000000, 0x000000076d400000, 0x000000076d400000|100%| E|CS|TAMS 0x000000076d000000| PB 0x000000076d000000| Complete 
|1461|0x000000076d400000, 0x000000076d800000, 0x000000076d800000|100%| E|CS|TAMS 0x000000076d400000| PB 0x000000076d400000| Complete 
|1462|0x000000076d800000, 0x000000076dc00000, 0x000000076dc00000|100%| E|CS|TAMS 0x000000076d800000| PB 0x000000076d800000| Complete 
|1463|0x000000076dc00000, 0x000000076e000000, 0x000000076e000000|100%| E|CS|TAMS 0x000000076dc00000| PB 0x000000076dc00000| Complete 
|1464|0x000000076e000000, 0x000000076e400000, 0x000000076e400000|100%| E|CS|TAMS 0x000000076e000000| PB 0x000000076e000000| Complete 
|1465|0x000000076e400000, 0x000000076e800000, 0x000000076e800000|100%| E|CS|TAMS 0x000000076e400000| PB 0x000000076e400000| Complete 
|1466|0x000000076e800000, 0x000000076ec00000, 0x000000076ec00000|100%| E|CS|TAMS 0x000000076e800000| PB 0x000000076e800000| Complete 
|1467|0x000000076ec00000, 0x000000076f000000, 0x000000076f000000|100%| E|CS|TAMS 0x000000076ec00000| PB 0x000000076ec00000| Complete 
|1468|0x000000076f000000, 0x000000076f400000, 0x000000076f400000|100%| E|CS|TAMS 0x000000076f000000| PB 0x000000076f000000| Complete 
|1469|0x000000076f400000, 0x000000076f800000, 0x000000076f800000|100%| E|CS|TAMS 0x000000076f400000| PB 0x000000076f400000| Complete 
|1470|0x000000076f800000, 0x000000076fc00000, 0x000000076fc00000|100%| E|CS|TAMS 0x000000076f800000| PB 0x000000076f800000| Complete 
|2025|0x00000007fa400000, 0x00000007fa800000, 0x00000007fa800000|100%| E|CS|TAMS 0x00000007fa400000| PB 0x00000007fa400000| Complete 
|2026|0x00000007fa800000, 0x00000007fac00000, 0x00000007fac00000|100%| O|  |TAMS 0x00000007fac00000| PB 0x00000007fac00000| Updating 
|2027|0x00000007fac00000, 0x00000007fb000000, 0x00000007fb000000|100%| O|  |TAMS 0x00000007fb000000| PB 0x00000007fb000000| Updating 
|2028|0x00000007fb000000, 0x00000007fb400000, 0x00000007fb400000|100%| O|  |TAMS 0x00000007fb400000| PB 0x00000007fb400000| Untracked 
|2029|0x00000007fb400000, 0x00000007fb800000, 0x00000007fb800000|100%| O|  |TAMS 0x00000007fb800000| PB 0x00000007fb800000| Untracked 
|2030|0x00000007fb800000, 0x00000007fbc00000, 0x00000007fbc00000|100%| O|  |TAMS 0x00000007fbc00000| PB 0x00000007fbc00000| Untracked 
|2031|0x00000007fbc00000, 0x00000007fc000000, 0x00000007fc000000|100%| O|  |TAMS 0x00000007fc000000| PB 0x00000007fc000000| Untracked 
|2032|0x00000007fc000000, 0x00000007fc400000, 0x00000007fc400000|100%| O|  |TAMS 0x00000007fc400000| PB 0x00000007fc400000| Untracked 
|2033|0x00000007fc400000, 0x00000007fc800000, 0x00000007fc800000|100%| O|  |TAMS 0x00000007fc800000| PB 0x00000007fc800000| Untracked 
|2034|0x00000007fc800000, 0x00000007fcc00000, 0x00000007fcc00000|100%| O|  |TAMS 0x00000007fcc00000| PB 0x00000007fcc00000| Updating 
|2035|0x00000007fcc00000, 0x00000007fd000000, 0x00000007fd000000|100%| E|CS|TAMS 0x00000007fcc00000| PB 0x00000007fcc00000| Complete 
|2036|0x00000007fd000000, 0x00000007fd400000, 0x00000007fd400000|100%| O|  |TAMS 0x00000007fd400000| PB 0x00000007fd400000| Untracked 
|2037|0x00000007fd400000, 0x00000007fd800000, 0x00000007fd800000|100%| O|  |TAMS 0x00000007fd800000| PB 0x00000007fd800000| Untracked 
|2038|0x00000007fd800000, 0x00000007fdc00000, 0x00000007fdc00000|100%| O|  |TAMS 0x00000007fdc00000| PB 0x00000007fdc00000| Untracked 
|2039|0x00000007fdc00000, 0x00000007fe000000, 0x00000007fe000000|100%| O|  |TAMS 0x00000007fe000000| PB 0x00000007fe000000| Untracked 
|2040|0x00000007fe000000, 0x00000007fe400000, 0x00000007fe400000|100%| O|  |TAMS 0x00000007fe400000| PB 0x00000007fe400000| Untracked 
|2041|0x00000007fe400000, 0x00000007fe800000, 0x00000007fe800000|100%| O|  |TAMS 0x00000007fe800000| PB 0x00000007fe800000| Untracked 
|2042|0x00000007fe800000, 0x00000007fec00000, 0x00000007fec00000|100%| O|  |TAMS 0x00000007fec00000| PB 0x00000007fec00000| Untracked 
|2043|0x00000007fec00000, 0x00000007ff000000, 0x00000007ff000000|100%| O|  |TAMS 0x00000007ff000000| PB 0x00000007ff000000| Updating 
|2044|0x00000007ff000000, 0x00000007ff400000, 0x00000007ff400000|100%| E|CS|TAMS 0x00000007ff000000| PB 0x00000007ff000000| Complete 
|2045|0x00000007ff400000, 0x00000007ff800000, 0x00000007ff800000|100%| O|  |TAMS 0x00000007ff800000| PB 0x00000007ff800000| Untracked 
|2046|0x00000007ff800000, 0x00000007ffc00000, 0x00000007ffc00000|100%| O|  |TAMS 0x00000007ffc00000| PB 0x00000007ffc00000| Untracked 
|2047|0x00000007ffc00000, 0x0000000800000000, 0x0000000800000000|100%| O|  |TAMS 0x0000000800000000| PB 0x0000000800000000| Untracked 

Card table byte_map: [0x0000028654e40000,0x0000028655e40000] _byte_map_base: 0x0000028651e40000

Marking Bits: (CMBitMap*) 0x000002863c1f1060
 Bits: [0x0000028655e40000, 0x000002865de40000)

Polling page: 0x000002863a060000

Metaspace:

Usage:
  Non-class:     82.01 MB used.
      Class:     13.00 MB used.
       Both:     95.01 MB used.

Virtual space:
  Non-class space:      128.00 MB reserved,      83.44 MB ( 65%) committed,  2 nodes.
      Class space:        1.00 GB reserved,      14.44 MB (  1%) committed,  1 nodes.
             Both:        1.12 GB reserved,      97.88 MB (  8%) committed. 

Chunk freelists:
   Non-Class:  12.22 MB
       Class:  1.51 MB
        Both:  13.73 MB

MaxMetaspaceSize: unlimited
CompressedClassSpaceSize: 1.00 GB
Initial GC threshold: 21.00 MB
Current GC threshold: 160.88 MB
CDS: on
 - commit_granule_bytes: 65536.
 - commit_granule_words: 8192.
 - virtual_space_node_default_size: 8388608.
 - enlarge_chunks_in_place: 1.
 - use_allocation_guard: 0.


Internal statistics:

num_allocs_failed_limit: 15.
num_arena_births: 5088.
num_arena_deaths: 0.
num_vsnodes_births: 3.
num_vsnodes_deaths: 0.
num_space_committed: 1566.
num_space_uncommitted: 0.
num_chunks_returned_to_freelist: 15.
num_chunks_taken_from_freelist: 10016.
num_chunk_merges: 9.
num_chunk_splits: 6308.
num_chunks_enlarged: 3743.
num_inconsistent_stats: 0.

CodeHeap 'non-profiled nmethods': size=119168Kb used=14256Kb max_used=16426Kb free=104912Kb
 bounds [0x000002864c160000, 0x000002864d190000, 0x00000286535c0000]
CodeHeap 'profiled nmethods': size=119104Kb used=27517Kb max_used=32291Kb free=91586Kb
 bounds [0x00000286445c0000, 0x0000028646640000, 0x000002864ba10000]
CodeHeap 'non-nmethods': size=7488Kb used=3527Kb max_used=4186Kb free=3961Kb
 bounds [0x000002864ba10000, 0x000002864be40000, 0x000002864c160000]
 total_blobs=14840 nmethods=13974 adapters=767
 compilation: enabled
              stopped_count=0, restarted_count=0
 full_count=0

Compilation events (20 events):
Event: 69.478 Thread 0x00000286a9f152f0 nmethod 23505 0x00000286453ac990 code [0x00000286453acc20, 0x00000286453ada00]
Event: 69.664 Thread 0x00000286a9f14550 23506   !   2       java.nio.file.Files::write (94 bytes)
Event: 69.668 Thread 0x00000286a9f152f0 23507   !   2       org.gradle.api.internal.file.archive.ZipCopyAction$StreamAction::visitFile (109 bytes)
Event: 69.670 Thread 0x00000286a6129ee0 23508       2       jdk.nio.zipfs.ZipPath$1::hasNext (20 bytes)
Event: 69.700 Thread 0x00000286a6129ee0 nmethod 23508 0x000002864529f210 code [0x000002864529f3c0, 0x000002864529f520]
Event: 69.703 Thread 0x00000286a9f14550 nmethod 23506 0x000002864585df90 code [0x000002864585e1c0, 0x000002864585e610]
Event: 69.732 Thread 0x00000286a6129ee0 23511       2       java.util.concurrent.ConcurrentHashMap$EntryIterator::next (5 bytes)
Event: 69.759 Thread 0x00000286a9f152f0 nmethod 23507 0x0000028644f3ef90 code [0x0000028644f3f280, 0x0000028644f3fde8]
Event: 69.761 Thread 0x00000286a9f14550 23512       2       java.util.concurrent.ConcurrentHashMap$EntryIterator::next (51 bytes)
Event: 69.770 Thread 0x00000286a6129ee0 nmethod 23511 0x00000286458ce290 code [0x00000286458ce440, 0x00000286458ce560]
Event: 69.793 Thread 0x00000286a9f14550 nmethod 23512 0x0000028645bc3c90 code [0x0000028645bc3e60, 0x0000028645bc4288]
Event: 69.796 Thread 0x00000286a6129ee0 23513       2       java.util.concurrent.ConcurrentHashMap$MapEntry::<init> (20 bytes)
Event: 69.816 Thread 0x00000286a9f14550 23518   !   2       java.util.zip.DeflaterOutputStream::close (58 bytes)
Event: 69.824 Thread 0x00000286a6129ee0 nmethod 23513 0x00000286453edc90 code [0x00000286453ede40, 0x00000286453ee070]
Event: 69.826 Thread 0x00000286a9f152f0 23520       2       jdk.nio.zipfs.ZipFileSystem$FileRolloverOutputStream::close (20 bytes)
Event: 69.852 Thread 0x00000286a9f152f0 nmethod 23520 0x000002864534db90 code [0x000002864534dd40, 0x000002864534deb0]
Event: 69.852 Thread 0x00000286a6129ee0 23521       3       java.util.zip.DeflaterOutputStream::write (88 bytes)
Event: 69.878 Thread 0x00000286a9f14550 nmethod 23518 0x00000286450cf490 code [0x00000286450cf6c0, 0x00000286450cfd78]
Event: 69.889 Thread 0x00000286a9f152f0 23519       2       jdk.nio.zipfs.ZipFileSystem::getOutputStream (151 bytes)
Event: 69.916 Thread 0x00000286a6129ee0 nmethod 23521 0x00000286459a4c90 code [0x00000286459a4ee0, 0x00000286459a5768]

GC Heap History (20 events):
Event: 53.082 GC heap before
{Heap before GC invocations=66 (full 0):
 garbage-first heap   total 3788800K, used 3182592K [0x0000000600000000, 0x0000000800000000)
  region size 4096K, 387 young (1585152K), 49 survivors (200704K)
 Metaspace       used 95694K, committed 98560K, reserved 1179648K
  class space    used 13109K, committed 14528K, reserved 1048576K
}
Event: 53.184 GC heap after
{Heap after GC invocations=67 (full 0):
 garbage-first heap   total 5632000K, used 1951744K [0x0000000600000000, 0x0000000800000000)
  region size 4096K, 42 young (172032K), 42 survivors (172032K)
 Metaspace       used 95694K, committed 98560K, reserved 1179648K
  class space    used 13109K, committed 14528K, reserved 1048576K
}
Event: 55.199 GC heap before
{Heap before GC invocations=67 (full 0):
 garbage-first heap   total 5632000K, used 4343808K [0x0000000600000000, 0x0000000800000000)
  region size 4096K, 627 young (2568192K), 42 survivors (172032K)
 Metaspace       used 95723K, committed 98560K, reserved 1179648K
  class space    used 13112K, committed 14528K, reserved 1048576K
}
Event: 55.563 GC heap after
{Heap after GC invocations=68 (full 0):
 garbage-first heap   total 5632000K, used 2234368K [0x0000000600000000, 0x0000000800000000)
  region size 4096K, 69 young (282624K), 69 survivors (282624K)
 Metaspace       used 95723K, committed 98560K, reserved 1179648K
  class space    used 13112K, committed 14528K, reserved 1048576K
}
Event: 56.107 GC heap before
{Heap before GC invocations=68 (full 0):
 garbage-first heap   total 5632000K, used 3020800K [0x0000000600000000, 0x0000000800000000)
  region size 4096K, 262 young (1073152K), 69 survivors (282624K)
 Metaspace       used 95848K, committed 98688K, reserved 1179648K
  class space    used 13134K, committed 14528K, reserved 1048576K
}
Event: 56.199 GC heap after
{Heap after GC invocations=69 (full 0):
 garbage-first heap   total 5632000K, used 2373632K [0x0000000600000000, 0x0000000800000000)
  region size 4096K, 33 young (135168K), 33 survivors (135168K)
 Metaspace       used 95848K, committed 98688K, reserved 1179648K
  class space    used 13134K, committed 14528K, reserved 1048576K
}
Event: 57.038 GC heap before
{Heap before GC invocations=69 (full 0):
 garbage-first heap   total 5632000K, used 3684352K [0x0000000600000000, 0x0000000800000000)
  region size 4096K, 354 young (1449984K), 33 survivors (135168K)
 Metaspace       used 95920K, committed 98816K, reserved 1179648K
  class space    used 13138K, committed 14592K, reserved 1048576K
}
Event: 57.184 GC heap after
{Heap after GC invocations=70 (full 0):
 garbage-first heap   total 5632000K, used 2736128K [0x0000000600000000, 0x0000000800000000)
  region size 4096K, 45 young (184320K), 45 survivors (184320K)
 Metaspace       used 95920K, committed 98816K, reserved 1179648K
  class space    used 13138K, committed 14592K, reserved 1048576K
}
Event: 58.299 GC heap before
{Heap before GC invocations=70 (full 0):
 garbage-first heap   total 5632000K, used 3493888K [0x0000000600000000, 0x0000000800000000)
  region size 4096K, 231 young (946176K), 45 survivors (184320K)
 Metaspace       used 95926K, committed 98816K, reserved 1179648K
  class space    used 13138K, committed 14592K, reserved 1048576K
}
Event: 58.416 GC heap after
{Heap after GC invocations=71 (full 0):
 garbage-first heap   total 6119424K, used 2932736K [0x0000000600000000, 0x0000000800000000)
  region size 4096K, 29 young (118784K), 29 survivors (118784K)
 Metaspace       used 95926K, committed 98816K, reserved 1179648K
  class space    used 13138K, committed 14592K, reserved 1048576K
}
Event: 59.618 GC heap before
{Heap before GC invocations=71 (full 0):
 garbage-first heap   total 6119424K, used 3911680K [0x0000000600000000, 0x0000000800000000)
  region size 4096K, 269 young (1101824K), 29 survivors (118784K)
 Metaspace       used 96229K, committed 99072K, reserved 1179648K
  class space    used 13174K, committed 14592K, reserved 1048576K
}
Event: 59.716 GC heap after
{Heap after GC invocations=72 (full 0):
 garbage-first heap   total 6119424K, used 3133440K [0x0000000600000000, 0x0000000800000000)
  region size 4096K, 34 young (139264K), 34 survivors (139264K)
 Metaspace       used 96229K, committed 99072K, reserved 1179648K
  class space    used 13174K, committed 14592K, reserved 1048576K
}
Event: 61.623 GC heap before
{Heap before GC invocations=73 (full 0):
 garbage-first heap   total 6119424K, used 4096000K [0x0000000600000000, 0x0000000800000000)
  region size 4096K, 270 young (1105920K), 34 survivors (139264K)
 Metaspace       used 96742K, committed 99584K, reserved 1179648K
  class space    used 13226K, committed 14656K, reserved 1048576K
}
Event: 61.732 GC heap after
{Heap after GC invocations=74 (full 0):
 garbage-first heap   total 6119424K, used 3385344K [0x0000000600000000, 0x0000000800000000)
  region size 4096K, 34 young (139264K), 34 survivors (139264K)
 Metaspace       used 96742K, committed 99584K, reserved 1179648K
  class space    used 13226K, committed 14656K, reserved 1048576K
}
Event: 65.361 GC heap before
{Heap before GC invocations=74 (full 0):
 garbage-first heap   total 6119424K, used 4675584K [0x0000000600000000, 0x0000000800000000)
  region size 4096K, 350 young (1433600K), 34 survivors (139264K)
 Metaspace       used 96906K, committed 99776K, reserved 1179648K
  class space    used 13243K, committed 14656K, reserved 1048576K
}
Event: 65.471 GC heap after
{Heap after GC invocations=75 (full 0):
 garbage-first heap   total 6119424K, used 3536896K [0x0000000600000000, 0x0000000800000000)
  region size 4096K, 42 young (172032K), 42 survivors (172032K)
 Metaspace       used 96906K, committed 99776K, reserved 1179648K
  class space    used 13243K, committed 14656K, reserved 1048576K
}
Event: 67.200 GC heap before
{Heap before GC invocations=75 (full 0):
 garbage-first heap   total 6119424K, used 4233216K [0x0000000600000000, 0x0000000800000000)
  region size 4096K, 214 young (876544K), 42 survivors (172032K)
 Metaspace       used 97262K, committed 100224K, reserved 1179648K
  class space    used 13306K, committed 14784K, reserved 1048576K
}
Event: 67.311 GC heap after
{Heap after GC invocations=76 (full 0):
 garbage-first heap   total 6119424K, used 3698688K [0x0000000600000000, 0x0000000800000000)
  region size 4096K, 32 young (131072K), 32 survivors (131072K)
 Metaspace       used 97262K, committed 100224K, reserved 1179648K
  class space    used 13306K, committed 14784K, reserved 1048576K
}
Event: 68.821 GC heap before
{Heap before GC invocations=76 (full 0):
 garbage-first heap   total 6119424K, used 5046272K [0x0000000600000000, 0x0000000800000000)
  region size 4096K, 360 young (1474560K), 32 survivors (131072K)
 Metaspace       used 97283K, committed 100224K, reserved 1179648K
  class space    used 13309K, committed 14784K, reserved 1048576K
}
Event: 68.910 GC heap after
{Heap after GC invocations=77 (full 0):
 garbage-first heap   total 6119424K, used 3874816K [0x0000000600000000, 0x0000000800000000)
  region size 4096K, 39 young (159744K), 39 survivors (159744K)
 Metaspace       used 97283K, committed 100224K, reserved 1179648K
  class space    used 13309K, committed 14784K, reserved 1048576K
}

Dll operation events (15 events):
Event: 0.011 Loaded shared library C:\Program Files\Java\jdk-21\bin\java.dll
Event: 0.055 Loaded shared library C:\Program Files\Java\jdk-21\bin\jsvml.dll
Event: 0.101 Loaded shared library C:\Program Files\Java\jdk-21\bin\zip.dll
Event: 0.108 Loaded shared library C:\Program Files\Java\jdk-21\bin\instrument.dll
Event: 0.114 Loaded shared library C:\Program Files\Java\jdk-21\bin\net.dll
Event: 0.117 Loaded shared library C:\Program Files\Java\jdk-21\bin\nio.dll
Event: 0.120 Loaded shared library C:\Program Files\Java\jdk-21\bin\zip.dll
Event: 0.331 Loaded shared library C:\Program Files\Java\jdk-21\bin\jimage.dll
Event: 0.587 Loaded shared library C:\Program Files\Java\jdk-21\bin\verify.dll
Event: 0.631 Loaded shared library C:\Users\Redmi\.gradle\native\660c5614fbf4a5f2a75b1949f50a0caf5cd603558e7d8a26e50b933a0cfb79d1\windows-amd64\native-platform.dll
Event: 0.647 Loaded shared library C:\Users\Redmi\.gradle\native\0.2.8\x86_64-windows-gnu\gradle-fileevents.dll
Event: 1.729 Loaded shared library C:\Program Files\Java\jdk-21\bin\management.dll
Event: 1.733 Loaded shared library C:\Program Files\Java\jdk-21\bin\management_ext.dll
Event: 1.888 Loaded shared library C:\Program Files\Java\jdk-21\bin\extnet.dll
Event: 2.182 Loaded shared library C:\Program Files\Java\jdk-21\bin\sunmscapi.dll

Deoptimization events (20 events):
Event: 69.919 Thread 0x00000286abb6dfa0 DEOPT PACKING pc=0x0000028644907e77 sp=0x000000e41dbff350
Event: 69.919 Thread 0x00000286abb6dfa0 DEOPT UNPACKING pc=0x000002864ba688e2 sp=0x000000e41dbfe7e0 mode 0
Event: 69.919 Thread 0x00000286b0ce28e0 DEOPT PACKING pc=0x0000028644907e77 sp=0x000000e41abfedd0
Event: 69.919 Thread 0x00000286b0ce28e0 DEOPT UNPACKING pc=0x000002864ba688e2 sp=0x000000e41abfe260 mode 0
Event: 69.919 Thread 0x00000286abb6b840 DEOPT PACKING pc=0x0000028644907e77 sp=0x000000e41d3ff230
Event: 69.919 Thread 0x00000286abb6b840 DEOPT UNPACKING pc=0x000002864ba688e2 sp=0x000000e41d3fe6c0 mode 0
Event: 69.919 Thread 0x00000286b0ce49b0 DEOPT PACKING pc=0x0000028644907e77 sp=0x000000e41b1ff400
Event: 69.919 Thread 0x00000286b0ce49b0 DEOPT UNPACKING pc=0x000002864ba688e2 sp=0x000000e41b1fe890 mode 0
Event: 69.919 Thread 0x00000286abb6cbf0 DEOPT PACKING pc=0x0000028644907e77 sp=0x000000e41d9ff0d0
Event: 69.919 Thread 0x00000286abb6cbf0 DEOPT UNPACKING pc=0x000002864ba688e2 sp=0x000000e41d9fe560 mode 0
Event: 69.919 Thread 0x00000286b0ce0180 DEOPT PACKING pc=0x0000028644907e77 sp=0x000000e41affed20
Event: 69.919 Thread 0x00000286b0ce6a80 DEOPT PACKING pc=0x0000028644907e77 sp=0x000000e41b5fedc0
Event: 69.919 Thread 0x00000286abb6d910 DEOPT PACKING pc=0x0000028644907e77 sp=0x000000e41daff150
Event: 69.919 Thread 0x00000286b0ce0180 DEOPT UNPACKING pc=0x000002864ba688e2 sp=0x000000e41affe1b0 mode 0
Event: 69.919 Thread 0x00000286b0ce6a80 DEOPT UNPACKING pc=0x000002864ba688e2 sp=0x000000e41b5fe250 mode 0
Event: 69.919 Thread 0x00000286abb6d910 DEOPT UNPACKING pc=0x000002864ba688e2 sp=0x000000e41dafe5e0 mode 0
Event: 69.919 Thread 0x00000286b0cdfaf0 DEOPT PACKING pc=0x0000028644907e77 sp=0x000000e41adff330
Event: 69.919 Thread 0x00000286b0cdfaf0 DEOPT UNPACKING pc=0x000002864ba688e2 sp=0x000000e41adfe7c0 mode 0
Event: 69.919 Thread 0x00000286b0ce7110 DEOPT PACKING pc=0x0000028644907e77 sp=0x000000e41b4fee70
Event: 69.919 Thread 0x00000286b0ce7110 DEOPT UNPACKING pc=0x000002864ba688e2 sp=0x000000e41b4fe300 mode 0

Classes loaded (20 events):
Event: 65.867 Loading class java/io/ObjectInputStream$FieldValues
Event: 65.871 Loading class java/io/ObjectInputStream$GetField
Event: 65.871 Loading class java/io/ObjectInputStream$GetField done
Event: 65.872 Loading class java/io/ObjectInputStream$FieldValues done
Event: 65.885 Loading class java/io/ObjectStreamClass$RecordSupport
Event: 65.888 Loading class java/io/ObjectStreamClass$RecordSupport done
Event: 65.922 Loading class java/io/ObjectStreamClass$DeserializationConstructorsCache$Key$Lookup
Event: 65.924 Loading class java/io/ObjectStreamClass$DeserializationConstructorsCache$Key
Event: 65.925 Loading class java/io/ObjectStreamClass$DeserializationConstructorsCache$Key done
Event: 65.925 Loading class java/io/ObjectStreamClass$DeserializationConstructorsCache$Key$Lookup done
Event: 66.009 Loading class java/lang/invoke/BoundMethodHandle$Species_LIL
Event: 66.009 Loading class java/lang/invoke/BoundMethodHandle$Species_LIL done
Event: 66.046 Loading class java/io/ObjectStreamClass$DeserializationConstructorsCache$Key$Impl
Event: 66.048 Loading class java/io/ObjectStreamClass$DeserializationConstructorsCache$Key$Impl done
Event: 66.217 Loading class java/util/zip/ZipOutputStream
Event: 66.326 Loading class java/util/zip/ZipOutputStream done
Event: 66.634 Loading class java/util/zip/ZipOutputStream$XEntry
Event: 66.647 Loading class java/util/zip/ZipOutputStream$XEntry done
Event: 67.317 Loading class java/nio/file/Files$2
Event: 67.324 Loading class java/nio/file/Files$2 done

Classes unloaded (0 events):
No events

Classes redefined (0 events):
No events

Internal exceptions (20 events):
Event: 69.783 Thread 0x00000286ae139e90 Exception <a 'sun/nio/fs/WindowsException'{0x0000000756450378}> (0x0000000756450378) 
thrown [s\open\src\hotspot\share\prims\jni.cpp, line 520]
Event: 69.826 Thread 0x00000286ae139e90 Exception <a 'sun/nio/fs/WindowsException'{0x000000075645a130}> (0x000000075645a130) 
thrown [s\open\src\hotspot\share\prims\jni.cpp, line 520]
Event: 69.826 Thread 0x00000286ae139e90 Exception <a 'sun/nio/fs/WindowsException'{0x000000075645aa20}> (0x000000075645aa20) 
thrown [s\open\src\hotspot\share\prims\jni.cpp, line 520]
Event: 69.865 Thread 0x00000286ae139e90 Exception <a 'sun/nio/fs/WindowsException'{0x000000074758f538}> (0x000000074758f538) 
thrown [s\open\src\hotspot\share\prims\jni.cpp, line 520]
Event: 69.865 Thread 0x00000286ae139e90 Exception <a 'sun/nio/fs/WindowsException'{0x000000074758fe28}> (0x000000074758fe28) 
thrown [s\open\src\hotspot\share\prims\jni.cpp, line 520]
Event: 69.882 Thread 0x00000286ae139e90 Exception <a 'sun/nio/fs/WindowsException'{0x0000000747599df0}> (0x0000000747599df0) 
thrown [s\open\src\hotspot\share\prims\jni.cpp, line 520]
Event: 69.882 Thread 0x00000286ae139e90 Exception <a 'sun/nio/fs/WindowsException'{0x000000074759a550}> (0x000000074759a550) 
thrown [s\open\src\hotspot\share\prims\jni.cpp, line 520]
Event: 69.884 Thread 0x00000286ae139e90 Exception <a 'sun/nio/fs/WindowsException'{0x000000074759c0b0}> (0x000000074759c0b0) 
thrown [s\open\src\hotspot\share\prims\jni.cpp, line 520]
Event: 69.887 Thread 0x00000286ae139e90 Exception <a 'sun/nio/fs/WindowsException'{0x00000007475a5648}> (0x00000007475a5648) 
thrown [s\open\src\hotspot\share\prims\jni.cpp, line 520]
Event: 69.887 Thread 0x00000286ae139e90 Exception <a 'sun/nio/fs/WindowsException'{0x00000007475a5f78}> (0x00000007475a5f78) 
thrown [s\open\src\hotspot\share\prims\jni.cpp, line 520]
Event: 69.889 Thread 0x00000286ae139e90 Exception <a 'sun/nio/fs/WindowsException'{0x00000007475ad050}> (0x00000007475ad050) 
thrown [s\open\src\hotspot\share\prims\jni.cpp, line 520]
Event: 69.889 Thread 0x00000286ae139e90 Exception <a 'sun/nio/fs/WindowsException'{0x00000007475ad978}> (0x00000007475ad978) 
thrown [s\open\src\hotspot\share\prims\jni.cpp, line 520]
Event: 69.892 Thread 0x00000286ae139e90 Exception <a 'sun/nio/fs/WindowsException'{0x00000007475ba4d0}> (0x00000007475ba4d0) 
thrown [s\open\src\hotspot\share\prims\jni.cpp, line 520]
Event: 69.892 Thread 0x00000286ae139e90 Exception <a 'sun/nio/fs/WindowsException'{0x00000007475badf8}> (0x00000007475badf8) 
thrown [s\open\src\hotspot\share\prims\jni.cpp, line 520]
Event: 69.897 Thread 0x00000286ae139e90 Exception <a 'sun/nio/fs/WindowsException'{0x00000007475c7808}> (0x00000007475c7808) 
thrown [s\open\src\hotspot\share\prims\jni.cpp, line 520]
Event: 69.900 Thread 0x00000286ae139e90 Exception <a 'sun/nio/fs/WindowsException'{0x00000007475d4690}> (0x00000007475d4690) 
thrown [s\open\src\hotspot\share\prims\jni.cpp, line 520]
Event: 69.900 Thread 0x00000286ae139e90 Exception <a 'sun/nio/fs/WindowsException'{0x00000007475d4fa0}> (0x00000007475d4fa0) 
thrown [s\open\src\hotspot\share\prims\jni.cpp, line 520]
Event: 69.903 Thread 0x00000286ae139e90 Exception <a 'sun/nio/fs/WindowsException'{0x00000007475e0148}> (0x00000007475e0148) 
thrown [s\open\src\hotspot\share\prims\jni.cpp, line 520]
Event: 69.903 Thread 0x00000286ae139e90 Exception <a 'sun/nio/fs/WindowsException'{0x00000007475e0a58}> (0x00000007475e0a58) 
thrown [s\open\src\hotspot\share\prims\jni.cpp, line 520]
Event: 69.907 Thread 0x00000286ae139e90 Exception <a 'sun/nio/fs/WindowsException'{0x00000007460179a8}> (0x00000007460179a8) 
thrown [s\open\src\hotspot\share\prims\jni.cpp, line 520]

ZGC Phase Switch (0 events):
No events

VM Operations (20 events):
Event: 61.735 Executing VM operation: G1CollectForAllocation (G1 Evacuation Pause) done
Event: 62.741 Executing VM operation: Cleanup
Event: 63.121 Executing VM operation: Cleanup done
Event: 64.126 Executing VM operation: Cleanup
Event: 64.371 Executing VM operation: Cleanup done
Event: 64.759 Executing VM operation: HandshakeAllThreads (Deoptimize)
Event: 64.766 Executing VM operation: HandshakeAllThreads (Deoptimize) done
Event: 65.358 Executing VM operation: G1CollectForAllocation (G1 Evacuation Pause)
Event: 65.473 Executing VM operation: G1CollectForAllocation (G1 Evacuation Pause) done
Event: 65.580 Executing VM operation: HandshakeAllThreads (Deoptimize)
Event: 65.587 Executing VM operation: HandshakeAllThreads (Deoptimize) done
Event: 66.588 Executing VM operation: Cleanup
Event: 66.610 Executing VM operation: Cleanup done
Event: 67.176 Executing VM operation: G1TryInitiateConcMark (G1 Humongous Allocation)
Event: 67.313 Executing VM operation: G1TryInitiateConcMark (G1 Humongous Allocation) done
Event: 68.320 Executing VM operation: Cleanup
Event: 68.341 Executing VM operation: Cleanup done
Event: 68.805 Executing VM operation: G1CollectForAllocation (G1 Evacuation Pause)
Event: 68.911 Executing VM operation: G1CollectForAllocation (G1 Evacuation Pause) done
Event: 69.918 Executing VM operation: G1PauseRemark

Events (20 events):
Event: 69.947 Thread 0x000002865e0d8df0 flushing nmethod 0x0000028645e87210
Event: 69.947 Thread 0x000002865e0d8df0 flushing nmethod 0x0000028645e87710
Event: 69.947 Thread 0x000002865e0d8df0 flushing nmethod 0x0000028645e87e90
Event: 69.947 Thread 0x000002865e0d8df0 flushing nmethod 0x0000028645f5ae90
Event: 69.947 Thread 0x000002865e0d8df0 flushing nmethod 0x0000028645f5b490
Event: 69.947 Thread 0x000002865e0d8df0 flushing nmethod 0x0000028645f5b890
Event: 69.947 Thread 0x000002865e0d8df0 flushing nmethod 0x0000028645f5c610
Event: 69.947 Thread 0x000002865e0d8df0 flushing nmethod 0x0000028645f5c990
Event: 69.947 Thread 0x000002865e0d8df0 flushing nmethod 0x0000028645f5e290
Event: 69.947 Thread 0x000002865e0d8df0 flushing nmethod 0x0000028645f5eb10
Event: 69.947 Thread 0x000002865e0d8df0 flushing nmethod 0x0000028645f5ee10
Event: 69.947 Thread 0x000002865e0d8df0 flushing nmethod 0x0000028645f5f610
Event: 69.947 Thread 0x000002865e0d8df0 flushing nmethod 0x0000028645f62310
Event: 69.947 Thread 0x000002865e0d8df0 flushing nmethod 0x0000028645f62990
Event: 69.947 Thread 0x000002865e0d8df0 flushing nmethod 0x000002864601eb90
Event: 69.947 Thread 0x000002865e0d8df0 flushing nmethod 0x000002864601f110
Event: 69.947 Thread 0x000002865e0d8df0 flushing nmethod 0x000002864601fa90
Event: 69.947 Thread 0x000002865e0d8df0 flushing nmethod 0x0000028646024b10
Event: 69.947 Thread 0x000002865e0d8df0 flushing nmethod 0x0000028646024f10
Event: 69.947 Thread 0x000002865e0d8df0 flushing nmethod 0x0000028646030a10


Dynamic libraries:
0x00007ff672fc0000 - 0x00007ff672fd0000 	C:\Program Files\Java\jdk-21\bin\java.exe
0x00007ffe880c0000 - 0x00007ffe88326000 	C:\WINDOWS\SYSTEM32\ntdll.dll
0x00007ffe87020000 - 0x00007ffe870e9000 	C:\WINDOWS\System32\KERNEL32.DLL
0x00007ffe852e0000 - 0x00007ffe856de000 	C:\WINDOWS\System32\KERNELBASE.dll
0x00007ffe856f0000 - 0x00007ffe8583c000 	C:\WINDOWS\System32\ucrtbase.dll
0x00007ffe7fa10000 - 0x00007ffe7fa29000 	C:\Program Files\Java\jdk-21\bin\jli.dll
0x00007ffe7d290000 - 0x00007ffe7d2ab000 	C:\Program Files\Java\jdk-21\bin\VCRUNTIME140.dll
0x00007ffe86250000 - 0x00007ffe86307000 	C:\WINDOWS\System32\ADVAPI32.dll
0x00007ffe86000000 - 0x00007ffe860a9000 	C:\WINDOWS\System32\msvcrt.dll
0x00007ffe87d90000 - 0x00007ffe87e3a000 	C:\WINDOWS\System32\sechost.dll
0x00007ffe86670000 - 0x00007ffe86788000 	C:\WINDOWS\System32\RPCRT4.dll
0x00007ffe86900000 - 0x00007ffe86ac7000 	C:\WINDOWS\System32\USER32.dll
0x00007ffe85d00000 - 0x00007ffe85d27000 	C:\WINDOWS\System32\win32u.dll
0x00007ffe712b0000 - 0x00007ffe71542000 	C:\WINDOWS\WinSxS\amd64_microsoft.windows.common-controls_6595b64144ccf1df_6.0.26100.8875_none_3e0d5d42e32fe9dd\COMCTL32.dll
0x00007ffe86ad0000 - 0x00007ffe86afb000 	C:\WINDOWS\System32\GDI32.dll
0x00007ffe85a90000 - 0x00007ffe85bba000 	C:\WINDOWS\System32\gdi32full.dll
0x00007ffe85bc0000 - 0x00007ffe85c63000 	C:\WINDOWS\System32\msvcp_win.dll
0x00007ffe70e70000 - 0x00007ffe70e7b000 	C:\WINDOWS\SYSTEM32\VERSION.dll
0x00007ffe87590000 - 0x00007ffe875c2000 	C:\WINDOWS\System32\IMM32.DLL
0x00007ffe7dad0000 - 0x00007ffe7dadc000 	C:\Program Files\Java\jdk-21\bin\vcruntime140_1.dll
0x00007ffe3d3c0000 - 0x00007ffe3d44e000 	C:\Program Files\Java\jdk-21\bin\msvcp140.dll
0x00007ffe015f0000 - 0x00007ffe0230a000 	C:\Program Files\Java\jdk-21\bin\server\jvm.dll
0x00007ffe85f70000 - 0x00007ffe85ff0000 	C:\WINDOWS\System32\WS2_32.dll
0x00007ffe85140000 - 0x00007ffe8519e000 	C:\WINDOWS\SYSTEM32\POWRPROF.dll
0x00007ffe7a430000 - 0x00007ffe7a466000 	C:\WINDOWS\SYSTEM32\WINMM.dll
0x00007ffe85120000 - 0x00007ffe85134000 	C:\WINDOWS\SYSTEM32\UMPDC.dll
0x00007ffe83fc0000 - 0x00007ffe83fdb000 	C:\WINDOWS\SYSTEM32\kernel.appcore.dll
0x00007ffe7d4a0000 - 0x00007ffe7d4aa000 	C:\Program Files\Java\jdk-21\bin\jimage.dll
0x00007ffe827e0000 - 0x00007ffe82a22000 	C:\WINDOWS\SYSTEM32\DBGHELP.DLL
0x00007ffe870f0000 - 0x00007ffe87473000 	C:\WINDOWS\System32\combase.dll
0x00007ffe867c0000 - 0x00007ffe86899000 	C:\WINDOWS\System32\OLEAUT32.dll
0x00007ffe6ffb0000 - 0x00007ffe6ffeb000 	C:\WINDOWS\SYSTEM32\dbgcore.DLL
0x00007ffe85d30000 - 0x00007ffe85ddc000 	C:\WINDOWS\System32\bcryptPrimitives.dll
0x00007ffe6d0a0000 - 0x00007ffe6d0af000 	C:\Program Files\Java\jdk-21\bin\instrument.dll
0x00007ffe7d200000 - 0x00007ffe7d21f000 	C:\Program Files\Java\jdk-21\bin\java.dll
0x00007ffe875f0000 - 0x00007ffe87d82000 	C:\WINDOWS\System32\SHELL32.dll
0x00007ffe82d80000 - 0x00007ffe83612000 	C:\WINDOWS\SYSTEM32\windows.storage.dll
0x00007ffe86390000 - 0x00007ffe86487000 	C:\WINDOWS\System32\SHCORE.dll
0x00007ffe85e50000 - 0x00007ffe85eb7000 	C:\WINDOWS\System32\shlwapi.dll
0x00007ffe85200000 - 0x00007ffe85229000 	C:\WINDOWS\SYSTEM32\profapi.dll
0x00007ffe27e40000 - 0x00007ffe27f17000 	C:\Program Files\Java\jdk-21\bin\jsvml.dll
0x00007ffe7c440000 - 0x00007ffe7c458000 	C:\Program Files\Java\jdk-21\bin\zip.dll
0x00007ffe7d280000 - 0x00007ffe7d290000 	C:\Program Files\Java\jdk-21\bin\net.dll
0x00007ffe7a0b0000 - 0x00007ffe7a1d7000 	C:\WINDOWS\SYSTEM32\WINHTTP.dll
0x00007ffe84570000 - 0x00007ffe845dc000 	C:\WINDOWS\system32\mswsock.dll
0x00007ffe7c6d0000 - 0x00007ffe7c6e6000 	C:\Program Files\Java\jdk-21\bin\nio.dll
0x00007ffe7d1d0000 - 0x00007ffe7d1e0000 	C:\Program Files\Java\jdk-21\bin\verify.dll
0x00007ffe752c0000 - 0x00007ffe752e7000 	C:\Users\Redmi\.gradle\native\660c5614fbf4a5f2a75b1949f50a0caf5cd603558e7d8a26e50b933a0cfb79d1\windows-amd64\native-platform.dll
0x00007ffe5eed0000 - 0x00007ffe5ef47000 	C:\Users\Redmi\.gradle\native\0.2.8\x86_64-windows-gnu\gradle-fileevents.dll
0x00007ffe7c760000 - 0x00007ffe7c76a000 	C:\Program Files\Java\jdk-21\bin\management.dll
0x00007ffe7c5c0000 - 0x00007ffe7c5cb000 	C:\Program Files\Java\jdk-21\bin\management_ext.dll
0x00007ffe87fb0000 - 0x00007ffe87fb8000 	C:\WINDOWS\System32\PSAPI.DLL
0x00007ffe83a20000 - 0x00007ffe83a53000 	C:\WINDOWS\SYSTEM32\IPHLPAPI.DLL
0x00007ffe868a0000 - 0x00007ffe868aa000 	C:\WINDOWS\System32\NSI.dll
0x00007ffe738a0000 - 0x00007ffe738a9000 	C:\Program Files\Java\jdk-21\bin\extnet.dll
0x00007ffe84870000 - 0x00007ffe8488b000 	C:\WINDOWS\SYSTEM32\CRYPTSP.dll
0x00007ffe83f20000 - 0x00007ffe83f59000 	C:\WINDOWS\system32\rsaenh.dll
0x00007ffe84630000 - 0x00007ffe84662000 	C:\WINDOWS\SYSTEM32\USERENV.dll
0x00007ffe851d0000 - 0x00007ffe851fa000 	C:\WINDOWS\SYSTEM32\bcrypt.dll
0x00007ffe84890000 - 0x00007ffe8489c000 	C:\WINDOWS\SYSTEM32\CRYPTBASE.dll
0x00007ffe5c8a0000 - 0x00007ffe5c8ae000 	C:\Program Files\Java\jdk-21\bin\sunmscapi.dll
0x00007ffe85910000 - 0x00007ffe85a88000 	C:\WINDOWS\System32\CRYPT32.dll
0x00007ffe84ab0000 - 0x00007ffe84ae0000 	C:\WINDOWS\SYSTEM32\ncrypt.dll
0x00007ffe84a60000 - 0x00007ffe84a9f000 	C:\WINDOWS\SYSTEM32\NTASN1.dll
0x00007ffe3f7a0000 - 0x00007ffe3f7a8000 	C:\WINDOWS\system32\wshunix.dll
0x00007ffe840f0000 - 0x00007ffe84126000 	C:\WINDOWS\SYSTEM32\ntmarta.dll

dbghelp: loaded successfully - version: 4.0.5 - missing functions: none
symbol engine: initialized successfully - sym options: 0x614 - pdb path: .;C:\Program Files\Java\jdk-21\bin;C:\WINDOWS\SYSTEM32;C:\WINDOWS\WinSxS\amd64_microsoft.windows.common-controls_6595b64144ccf1df_6.0.26100.8875_none_3e0d5d42e32fe9dd;C:\Program Files\Java\jdk-21\bin\server;C:\Users\Redmi\.gradle\native\660c5614fbf4a5f2a75b1949f50a0caf5cd603558e7d8a26e50b933a0cfb79d1\windows-amd64;C:\Users\Redmi\.gradle\native\0.2.8\x86_64-windows-gnu

VM Arguments:
jvm_args: --add-opens=java.base/java.lang=ALL-UNNAMED --add-opens=java.base/java.lang.invoke=ALL-UNNAMED --add-opens=java.base/java.util=ALL-UNNAMED --add-opens=java.prefs/java.util.prefs=ALL-UNNAMED --add-exports=jdk.compiler/com.sun.tools.javac.api=ALL-UNNAMED --add-exports=jdk.compiler/com.sun.tools.javac.util=ALL-UNNAMED --add-opens=java.base/java.nio.charset=ALL-UNNAMED --add-opens=java.base/java.net=ALL-UNNAMED --add-opens=java.base/java.util.concurrent=ALL-UNNAMED --add-opens=java.base/java.util.concurrent.atomic=ALL-UNNAMED --add-opens=java.xml/javax.xml.namespace=ALL-UNNAMED --add-opens=java.base/java.time=ALL-UNNAMED -Xmx8G -Dfile.encoding=UTF-8 -Duser.country=RU -Duser.language=ru -Duser.variant -javaagent:C:\Users\Redmi\.gradle\wrapper\dists\gradle-9.5.0-bin\bvnork1r7n8i6kp5cnkibsc9q\gradle-9.5.0\lib\agents\gradle-instrumentation-agent-9.5.0.jar 
java_command: org.gradle.launcher.daemon.bootstrap.GradleDaemon 9.5.0
java_class_path (initial): C:\Users\Redmi\.gradle\wrapper\dists\gradle-9.5.0-bin\bvnork1r7n8i6kp5cnkibsc9q\gradle-9.5.0\lib\gradle-daemon-main-9.5.0.jar
Launcher Type: SUN_STANDARD

[Global flags]
     intx CICompilerCount                          = 12                                        {product} {ergonomic}
     uint ConcGCThreads                            = 3                                         {product} {ergonomic}
     uint G1ConcRefinementThreads                  = 13                                        {product} {ergonomic}
   size_t G1HeapRegionSize                         = 4194304                                   {product} {ergonomic}
    uintx GCDrainStackTargetSize                   = 64                                        {product} {ergonomic}
   size_t InitialHeapSize                          = 230686720                                 {product} {ergonomic}
   size_t MarkStackSize                            = 4194304                                   {product} {ergonomic}
   size_t MaxHeapSize                              = 8589934592                                {product} {command line}
   size_t MaxNewSize                               = 5150605312                                {product} {ergonomic}
   size_t MinHeapDeltaBytes                        = 4194304                                   {product} {ergonomic}
   size_t MinHeapSize                              = 8388608                                   {product} {ergonomic}
    uintx NonNMethodCodeHeapSize                   = 7602480                                {pd product} {ergonomic}
    uintx NonProfiledCodeHeapSize                  = 122027880                              {pd product} {ergonomic}
    uintx ProfiledCodeHeapSize                     = 122027880                              {pd product} {ergonomic}
    uintx ReservedCodeCacheSize                    = 251658240                              {pd product} {ergonomic}
     bool SegmentedCodeCache                       = true                                      {product} {ergonomic}
   size_t SoftMaxHeapSize                          = 8589934592                             {manageable} {ergonomic}
     bool UseCompressedOops                        = true                           {product lp64_product} {ergonomic}
     bool UseG1GC                                  = true                                      {product} {ergonomic}
     bool UseLargePagesIndividualAllocation        = false                                  {pd product} {ergonomic}

Logging:
Log output configuration:
 #0: stdout all=warning uptime,level,tags foldmultilines=false
 #1: stderr all=off uptime,level,tags foldmultilines=false

Environment Variables:
JAVA_HOME=C:\Program Files\Java\jdk-21
PATH=C:\Users\Redmi\bin;C:\Program Files\Git\mingw64\bin;C:\Program Files\Git\usr\local\bin;C:\Program Files\Git\usr\bin;C:\Program Files\Git\usr\bin;C:\Program Files\Git\mingw64\bin;C:\Program Files\Git\usr\bin;C:\Users\Redmi\bin;C:\Users\Redmi\AppData\Roaming\Code\User\globalStorage\github.copilot-chat\debugCommand;C:\Users\Redmi\AppData\Roaming\Code\User\globalStorage\github.copilot-chat\copilotCli;C:\Program Files\Common Files\Oracle\Java\javapath;C:\WINDOWS\system32;C:\WINDOWS;C:\WINDOWS\System32\Wbem;C:\WINDOWS\System32\WindowsPowerShell\v1.0;C:\WINDOWS\System32\OpenSSH;C:\ProgramData\chocolatey\bin;C:\Program Files\dotnet;C:\Program Files\CMake\bin;C:\Program Files (x86)\Windows Kits\10\Windows Performance Toolkit;C:\Program Files\Git\cmd;C:\Programs\GoLink;C:\Program Files\Docker\Docker\resources\bin;C:\Program Files\nodejs;C:\Program Files (x86)\Microsoft SQL Server\150\Tools\Binn;C:\Program Files\Microsoft SQL Server\150\Tools\Binn;C:\Program Files (x86)\Microsoft SQL Server\150\DTS\Binn;C:\Program Files\Microsoft SQL Server\150\DTS\Binn;C:\Program Files\Microsoft SQL Server\Client SDK\ODBC\170\Tools\Binn;C:\Program Files\MySQL\MySQL Shell 8.0\bin;C:\Users\Redmi\AppData\Local\Programs\Python\Launcher;C:\Users\Redmi\scoop\apps\MinGW\current\bin;C:\Users\Redmi\scoop\shims;C:\nasm-2.16.03;D:\Programs\ffmpeg-7.1-full_build\bin;C:\Program Files\Java\jdk-21\bin;C:\php;C:\Users\Redmi\AppData\Local\Programs\Python\Python312;C:\Users\Redmi\AppData\Local\Programs\Python\Python312\Scripts;D:\Programs\QT\5.14.1\mingw73_64\bin;D:\Programs\QT\Tools\mingw730_64\bin;C:\Users\Redmi\AppData\Local\Microsoft\WindowsApps;C:\Users\Redmi\.dotnet\tools;C:\Programs\PyCharm 2025.2.1.1\bin;C:\Programs\GoLink;C:\Users\Redmi\AppData\Local\Programs\Microsoft VS Code\bin;C:\Users\Redmi\AppData\Roaming\npm;C:\Users\Redmi\AppData\Local\Android\Sdk\platform-tools;C:\Users\Redmi\AppData\Local\Android\Sdk\cmdline-tools\latest\bin;C:\Users\Redmi\.vscode\extensions\vscjava.vscode-java-debug-0.59.0\bundled\scripts\noConfigScripts;C:\Program Files\Git\usr\bin\vendor_perl;C:\Program Files\Git\usr\bin\core_perl
USERNAME=Redmi
SHELL=C:\Program Files\Git\usr\bin\bash.exe
DISPLAY=needs-to-be-defined
LANG=en_US.UTF-8
TERM=xterm-256color
TMPDIR=C:\Users\Redmi\AppData\Local\Temp
OS=Windows_NT
PROCESSOR_IDENTIFIER=AMD64 Family 25 Model 116 Stepping 1, AuthenticAMD
TMP=C:\Users\Redmi\AppData\Local\Temp
TEMP=C:\Users\Redmi\AppData\Local\Temp




Periodic native trim disabled

---------------  S Y S T E M  ---------------

OS:
 Windows 11 , 64 bit Build 26100 (10.0.26100.8875)
OS uptime: 10 days 3:40 hours
Hyper-V role detected

CPU: total 16 (initial active 16) (16 cores per cpu, 2 threads per core) family 25 model 116 stepping 1 microcode 0xa704103, cx8, cmov, fxsr, ht, mmx, 3dnowpref, sse, sse2, sse3, ssse3, sse4a, sse4.1, sse4.2, popcnt, lzcnt, tsc, tscinvbit, avx, avx2, aes, erms, clmul, bmi1, bmi2, adx, avx512f, avx512dq, avx512cd, avx512bw, avx512vl, sha, fma, vzeroupper, avx512_vpopcntdq, avx512_vpclmulqdq, avx512_vaes, avx512_vnni, clflush, clflushopt, avx512_vbmi2, avx512_vbmi, hv, rdtscp, rdpid, gfni, avx512_bitalg, f16c, cet_ss, avx512_ifma
Processor Information for all 16 processors :
  Max Mhz: 3801, Current Mhz: 2516, Mhz Limit: 3801

Memory: 4k page, system-wide physical 14004M (1215M free)
TotalPageFile size 33602M (AvailPageFile size 1302M)
current process WorkingSet (physical memory assigned to process): 6106M, peak: 6106M
current process commit charge ("private bytes"): 6565M, peak: 8037M

vm_info: Java HotSpot(TM) 64-Bit Server VM (21.0.6+8-LTS-188) for windows-amd64 JRE (21.0.6+8-LTS-188), built on 2024-12-03T10:50:54Z by "mach5one" with MS VC++ 17.6 (VS2022)

END.
