#
# There is insufficient memory for the Java Runtime Environment to continue.
# Native memory allocation (mmap) failed to map 23592960 bytes for G1 virtual space
# Possible reasons:
#   The system is out of physical RAM or swap space
#   The process is running with CompressedOops enabled, and the Java Heap may be blocking the growth of the native heap
# Possible solutions:
#   Reduce memory load on the system
#   Increase physical memory or swap space
#   Check if swap backing store is full
#   Decrease Java heap size (-Xmx/-Xms)
#   Decrease number of Java threads
#   Decrease Java thread stack sizes (-Xss)
#   Set larger code cache with -XX:ReservedCodeCacheSize=
#   JVM is running with Zero Based Compressed Oops mode in which the Java heap is
#     placed in the first 32GB address space. The Java Heap base address is the
#     maximum limit for the native heap growth. Please use -XX:HeapBaseMinAddress
#     to set the Java Heap base and to place the Java Heap above 32GB virtual address.
# This output file may be truncated or incomplete.
#
#  Out of Memory Error (os_windows.cpp:3603), pid=18020, tid=20896
#
# JRE version: Java(TM) SE Runtime Environment (21.0.6+8) (build 21.0.6+8-LTS-188)
# Java VM: Java HotSpot(TM) 64-Bit Server VM (21.0.6+8-LTS-188, mixed mode, sharing, tiered, compressed oops, compressed class ptrs, g1 gc, windows-amd64)
# No core dump will be written. Minidumps are not enabled by default on client versions of Windows
#

---------------  S U M M A R Y ------------

Command Line: --add-opens=java.base/java.lang=ALL-UNNAMED --add-opens=java.base/java.lang.invoke=ALL-UNNAMED --add-opens=java.base/java.util=ALL-UNNAMED --add-opens=java.prefs/java.util.prefs=ALL-UNNAMED --add-exports=jdk.compiler/com.sun.tools.javac.api=ALL-UNNAMED --add-exports=jdk.compiler/com.sun.tools.javac.util=ALL-UNNAMED --add-opens=java.base/java.nio.charset=ALL-UNNAMED --add-opens=java.base/java.net=ALL-UNNAMED --add-opens=java.base/java.util.concurrent=ALL-UNNAMED --add-opens=java.base/java.util.concurrent.atomic=ALL-UNNAMED --add-opens=java.xml/javax.xml.namespace=ALL-UNNAMED --add-opens=java.base/java.time=ALL-UNNAMED -Xmx8G -Dfile.encoding=UTF-8 -Duser.country=RU -Duser.language=ru -Duser.variant -javaagent:C:\Users\Redmi\.gradle\wrapper\dists\gradle-9.5.0-bin\bvnork1r7n8i6kp5cnkibsc9q\gradle-9.5.0\lib\agents\gradle-instrumentation-agent-9.5.0.jar org.gradle.launcher.daemon.bootstrap.GradleDaemon 9.5.0

Host: AMD Ryzen 7 7840HS w/ Radeon 780M Graphics     , 16 cores, 13G,  Windows 11 , 64 bit Build 26100 (10.0.26100.8875)
Time: Mon Aug 10 00:57:56 2026 RTZ 4 (s 11 , 64 bit Build 26100 (10.0.26100.8875) elapsed time: 333.431468 seconds (0d 0h 5m 33s)

---------------  T H R E A D  ---------------

Current thread (0x00000127c02b06e0):  VMThread "VM Thread"          [id=20896, stack(0x0000002028e00000,0x0000002028f00000) (1024K)]

Stack: [0x0000002028e00000,0x0000002028f00000]
Native frames: (J=compiled Java code, j=interpreted, Vv=VM code, C=native code)
V  [jvm.dll+0x6ca6d9]
V  [jvm.dll+0x854f51]
V  [jvm.dll+0x85747e]
V  [jvm.dll+0x857b53]
V  [jvm.dll+0x27dcc6]
V  [jvm.dll+0x6c6e55]
V  [jvm.dll+0x6bb9da]
V  [jvm.dll+0x35393a]
V  [jvm.dll+0x35b596]
V  [jvm.dll+0x3adf13]
V  [jvm.dll+0x3ae1a8]
V  [jvm.dll+0x327cbc]
V  [jvm.dll+0x32a516]
V  [jvm.dll+0x3344c8]
V  [jvm.dll+0x36a795]
V  [jvm.dll+0x85d920]
V  [jvm.dll+0x85eca4]
V  [jvm.dll+0x85f1e0]
V  [jvm.dll+0x85f483]
V  [jvm.dll+0x7ff2fb]
V  [jvm.dll+0x6c8dbd]
C  [ucrtbase.dll+0x2cd30]
C  [KERNEL32.DLL+0x2e957]
C  [ntdll.dll+0xaad6c]

VM_Operation (0x00000020289ff910): G1PauseRemark, mode: safepoint, requested by thread 0x00000127c0122010


---------------  P R O C E S S  ---------------

Threads class SMR info:
_java_thread_list=0x000001280d143490, length=422, elements={
0x000001279c0c25e0, 0x00000127c02ce390, 0x00000127c02cf950, 0x00000127c02d1500,
0x00000127c02d22b0, 0x00000127c31e8090, 0x00000127c02d88a0, 0x00000127c320a630,
0x00000127c320d3d0, 0x00000127c3310f00, 0x00000127c3444020, 0x00000128098138f0,
0x000001280993b0a0, 0x00000128099c2840, 0x000001280ad64610, 0x000001280ad64c70,
0x000001280abd5870, 0x000001280abd5ed0, 0x000001280ad87e80, 0x000001280ad88510,
0x000001280ad86ad0, 0x000001280ad85090, 0x000001280ad85db0, 0x000001280ad85720,
0x000001280ad87160, 0x000001280ad86440, 0x000001280ad877f0, 0x000001280b399510,
0x000001280b3987f0, 0x000001280b39a8c0, 0x000001280b399ba0, 0x000001280b39a230,
0x000001280b39af50, 0x000001280b39bc70, 0x000001280b39c300, 0x000001280b398e80,
0x000001280b39d6b0, 0x000001280b39e3d0, 0x000001280b39c990, 0x000001280b39f780,
0x000001280b39f0f0, 0x0000012810946ed0, 0x0000012810947bf0, 0x0000012810948280,
0x0000012810948910, 0x0000012810948fa0, 0x0000012810949630, 0x000001281094a9e0,
0x0000012810947560, 0x000001281094b070, 0x000001281094a350, 0x000001281094b700,
0x000001281094bd90, 0x000001281094d140, 0x000001281094c420, 0x000001281094d7d0,
0x000001281094de60, 0x000001281094e4f0, 0x000001280e06a3c0, 0x000001280e068980,
0x000001280e06b0e0, 0x000001280e067c60, 0x000001280e06b770, 0x000001280e0696a0,
0x000001280e069d30, 0x000001280e06d1b0, 0x000001280e06f280, 0x000001280e06d840,
0x000001280e06e560, 0x000001280e06ebf0, 0x0000012812a51600, 0x0000012812a50250,
0x0000012812a4e180, 0x0000012812a51c90, 0x0000012812a4eea0, 0x0000012812a4e810,
0x0000012812a52320, 0x0000012812a529b0, 0x0000012812a4f530, 0x0000012812a536d0,
0x0000012812a53d60, 0x0000012812a54a80, 0x0000012812a55110, 0x0000012812a557a0,
0x0000012810f0dc60, 0x0000012810f0ae70, 0x0000012810f0e2f0, 0x0000012810f0e980,
0x0000012810f0bb90, 0x0000012810f0f010, 0x0000012810f110e0, 0x0000012810f0f6a0,
0x0000012810f0fd30, 0x0000012810f103c0, 0x0000012810f10a50, 0x000001280b39ea60,
0x00000128125fd6f0, 0x00000128125fdd80, 0x00000128125feaa0, 0x00000128125ff130,
0x00000128125ffe50, 0x00000128125fe410, 0x000001280ddcc6d0, 0x000001280ddcda80,
0x000001280ddce7a0, 0x000001280ddce110, 0x000001280ddcc040, 0x000001280ddcd3f0,
0x000001280ddcee30, 0x000001280ddcb9b0, 0x000001280ddccd60, 0x000001280ddd01e0,
0x000001280ddd0870, 0x000001280ddcf4c0, 0x000001280ddd0f00, 0x000001280ddd1590,
0x000001280ddd1c20, 0x000001280ddd2940, 0x000001280ddd22b0, 0x000001280ddd2fd0,
0x000001280ddcfb50, 0x000001280eefc610, 0x000001280eeffa90, 0x000001280eefe6e0,
0x000001280ef00120, 0x000001280eefd9c0, 0x000001280eeff400, 0x000001280eefe050,
0x000001280eefed70, 0x000001280eefcca0, 0x000001280ef007b0, 0x000001280eefd330,
0x000001280ef00e40, 0x000001280ef021f0, 0x000001280ef014d0, 0x000001280ef01b60,
0x000001280ef02880, 0x000001280ef035a0, 0x000001280ef02f10, 0x000001280ef03c30,
0x000001280e6744e0, 0x000001280e675200, 0x000001280e673e50, 0x000001280e672aa0,
0x000001280e675f20, 0x000001280e6737c0, 0x000001280e674b70, 0x000001280e673130,
0x000001280e678680, 0x000001280e678d10, 0x000001280e676c40, 0x000001280e677960,
0x000001280e677ff0, 0x000001280e6772d0, 0x000001280e675890, 0x000001280e679a30,
0x000001280e6793a0, 0x000001280e67a0c0, 0x00000127c395f020, 0x00000127c395d5e0,
0x00000127c395dc70, 0x00000127c39610f0, 0x00000127c395e990, 0x00000127c395fd40,
0x00000127c3961780, 0x00000127c3962b30, 0x00000127c396c8b0, 0x00000127c3968710,
0x00000127c3969ac0, 0x00000127c395e300, 0x00000127c39631c0, 0x00000127c3963ee0,
0x00000127c396a7e0, 0x00000127c39679f0, 0x00000127c396b500, 0x00000127c3968080,
0x00000127c396bb90, 0x00000127c396c220, 0x000001280e06be00, 0x000001280e06c490,
0x000001280e069010, 0x000001280e06cb20, 0x000001280e06ded0, 0x0000012812a508e0,
0x0000012812a53040, 0x0000012812a50f70, 0x0000012812a4fbc0, 0x0000012810f0d5d0,
0x0000012810f0a150, 0x00000128126004e0, 0x000001280e6765b0, 0x000001281094cab0,
0x000001280b39d020, 0x00000128112c75a0, 0x00000128112c82c0, 0x00000128112c4e40,
0x00000128112c6f10, 0x00000128112c6880, 0x00000128112c7c30, 0x00000128112c54d0,
0x00000128112c8950, 0x00000128112c8fe0, 0x00000128112c9670, 0x00000128112cd180,
0x00000128112c61f0, 0x00000128112caa20, 0x00000128112cc460, 0x00000128112ccaf0,
0x00000128112cb0b0, 0x00000128112c9d00, 0x00000128112cb740, 0x00000128112cd810,
0x00000128112cdea0, 0x00000128112ce530, 0x00000128112cbdd0, 0x00000128112d2040,
0x00000128112d0600, 0x00000128112cf250, 0x00000128112d0c90, 0x00000128112cebc0,
0x00000128112cff70, 0x00000128112d26d0, 0x00000128112d2d60, 0x00000128112d1320,
0x00000128112d19b0, 0x00000128112cf8e0, 0x00000128112d33f0, 0x00000128112d3a80,
0x00000128112d4110, 0x000001280b7c24e0, 0x000001280b7bf060, 0x000001280b7c0410,
0x000001280b7bfd80, 0x000001280b7c1130, 0x000001280b7c2b70, 0x000001280b7c17c0,
0x000001280b7c1e50, 0x000001280b7bf6f0, 0x000001280b7c3890, 0x000001280b7c3f20,
0x000001280b7c3200, 0x000001280b7c0aa0, 0x000001280b7c45b0, 0x000001280b7c80c0,
0x000001280b7c5ff0, 0x000001280b7c4c40, 0x000001280b7c6680, 0x000001280b7c8750,
0x000001280b7c7a30, 0x000001280b7c73a0, 0x000001280b7c6d10, 0x000001280b7c52d0,
0x000001280b7c5960, 0x000001280b7caeb0, 0x000001280b7ca190, 0x000001280b7cbbd0,
0x000001280b7ca820, 0x000001280b7cb540, 0x000001280b7c8de0, 0x000001280b7c9b00,
0x000001280b7cc260, 0x000001280b7cc8f0, 0x000001280b7c9470, 0x000001280b7ccf80,
0x000001280b7cd610, 0x000001280b7cdca0, 0x000001280b7ce330, 0x00000128112985c0,
0x0000012811295e60, 0x0000012811298c50, 0x0000012811297210, 0x00000128112992e0,
0x00000128112964f0, 0x0000012811299970, 0x000001281129a000, 0x00000128112978a0,
0x0000012811296b80, 0x000001281129a690, 0x0000012811297f30, 0x000001281129c760,
0x000001281129b3b0, 0x000001281129d480, 0x000001281129ba40, 0x000001281129cdf0,
0x000001281129c0d0, 0x000001281129ad20, 0x00000128112a0270, 0x000001281129eec0,
0x00000128112a0900, 0x000001281129e830, 0x000001281129db10, 0x00000128112a0f90,
0x00000128112a1620, 0x000001281129f550, 0x000001281129e1a0, 0x00000128112a1cb0,
0x00000128112a2340, 0x00000128112a29d0, 0x00000128112a3060, 0x000001281129fbe0,
0x00000128112a36f0, 0x00000128112a5130, 0x00000128112a3d80, 0x00000128112a4410,
0x00000128112a4aa0, 0x0000012810c02b00, 0x0000012810c003a0, 0x0000012810c01750,
0x0000012810c03820, 0x0000012810c01de0, 0x0000012810c03190, 0x0000012810c03eb0,
0x0000012810c00a30, 0x0000012810c04540, 0x0000012810c010c0, 0x0000012810c07330,
0x0000012810c08050, 0x0000012810c06610, 0x0000012810c04bd0, 0x0000012810c05260,
0x0000012810c05f80, 0x0000012810c079c0, 0x0000012810c08d70, 0x0000012810c058f0,
0x0000012810c09a90, 0x0000012810c09400, 0x0000012810c0a120, 0x0000012810c06ca0,
0x0000012810c0c1f0, 0x0000012810c0bb60, 0x0000012810c0c880, 0x0000012810c0cf10,
0x0000012810c0b4d0, 0x0000012810c0d5a0, 0x0000012810c0dc30, 0x0000012810c0ae40,
0x0000012810c0a7b0, 0x0000012810c0fd00, 0x0000012810c10390, 0x0000012810c02470,
0x0000012810c10a20, 0x0000012810c110b0, 0x0000012810c11740, 0x0000012810c0e2c0,
0x0000012810c11dd0, 0x0000012810c0e950, 0x0000012810c12460, 0x0000012810c0efe0,
0x0000012810c12af0, 0x0000012810c0f670, 0x0000012810c15f70, 0x0000012810c13180,
0x0000012810c14530, 0x0000012810c13ea0, 0x0000012810c16600, 0x0000012810c15250,
0x0000012810c14bc0, 0x0000012810c16c90, 0x0000012810c158e0, 0x0000012810c13810,
0x0000012810c17320, 0x0000012810c179b0, 0x0000012810c186d0, 0x0000012810c18040,
0x0000012810c19a80, 0x0000012810c193f0, 0x0000012810c18d60, 0x0000012810c1a110,
0x0000012810c1b4c0, 0x0000012810c1d590, 0x0000012810c1dc20, 0x0000012810c1ae30,
0x0000012810c1cf00, 0x0000012810c1bb50, 0x0000012810c1c1e0, 0x0000012810c1c870,
0x0000012810c1a7a0, 0x0000012810c1e2b0, 0x0000012810c1e940, 0x0000012810c1efd0,
0x00000127c3965fb0, 0x0000012825faedb0, 0x0000012825faf440, 0x0000012825fafad0,
0x0000012825fae090, 0x0000012825fb0160, 0x0000012825fb07f0, 0x0000012825fb0e80,
0x0000012825fb1ba0, 0x0000012825fb1510, 0x0000012825fae720, 0x0000012825fb2230,
0x0000012825fb56b0, 0x0000012825fb2f50, 0x0000012825fb5020, 0x0000012825fb35e0,
0x0000012825fb5d40, 0x0000012825fb3c70, 0x0000012825fb28c0, 0x0000012825fb4990,
0x0000012825fb63d0, 0x0000012825fb4300, 0x0000012825fb8b30, 0x0000012825fb9ee0,
0x0000012825fb70f0, 0x0000012825fb91c0, 0x0000012825fb6a60, 0x0000012825fba570,
0x0000012825fb7e10, 0x0000012825fb9850, 0x0000012825fbac00, 0x0000012825fb84a0,
0x0000012825fb7780, 0x0000012825fbbfb0, 0x0000012825fbb290, 0x0000012825fbd360,
0x0000012825fbc640, 0x0000012825fbccd0, 0x0000012825fbb920, 0x000001280eeb4cb0,
0x000001280eeb6060, 0x000001280eeb3900
}

Java Threads: ( => current thread )
  0x000001279c0c25e0 JavaThread "main"                              [_thread_blocked, id=12008, stack(0x0000002028700000,0x0000002028800000) (1024K)]
  0x00000127c02ce390 JavaThread "Reference Handler"          daemon [_thread_blocked, id=29220, stack(0x0000002028f00000,0x0000002029000000) (1024K)]
  0x00000127c02cf950 JavaThread "Finalizer"                  daemon [_thread_blocked, id=6692, stack(0x0000002029000000,0x0000002029100000) (1024K)]
  0x00000127c02d1500 JavaThread "Signal Dispatcher"          daemon [_thread_blocked, id=7568, stack(0x0000002029100000,0x0000002029200000) (1024K)]
  0x00000127c02d22b0 JavaThread "Attach Listener"            daemon [_thread_blocked, id=2240, stack(0x0000002029200000,0x0000002029300000) (1024K)]
  0x00000127c31e8090 JavaThread "Service Thread"             daemon [_thread_blocked, id=6892, stack(0x0000002029300000,0x0000002029400000) (1024K)]
  0x00000127c02d88a0 JavaThread "Monitor Deflation Thread"   daemon [_thread_blocked, id=28072, stack(0x0000002029400000,0x0000002029500000) (1024K)]
  0x00000127c320a630 JavaThread "C2 CompilerThread0"         daemon [_thread_blocked, id=2744, stack(0x0000002029500000,0x0000002029600000) (1024K)]
  0x00000127c320d3d0 JavaThread "C1 CompilerThread0"         daemon [_thread_blocked, id=6812, stack(0x0000002029600000,0x0000002029700000) (1024K)]
  0x00000127c3310f00 JavaThread "Common-Cleaner"             daemon [_thread_blocked, id=19272, stack(0x0000002029700000,0x0000002029800000) (1024K)]
  0x00000127c3444020 JavaThread "Notification Thread"        daemon [_thread_blocked, id=26252, stack(0x0000002029a00000,0x0000002029b00000) (1024K)]
  0x00000128098138f0 JavaThread "Daemon health stats"               [_thread_blocked, id=28436, stack(0x0000002029e00000,0x0000002029f00000) (1024K)]
  0x000001280993b0a0 JavaThread "Incoming local TCP Connector on port 58540"        [_thread_in_native, id=25388, stack(0x000000202a400000,0x000000202a500000) (1024K)]
  0x00000128099c2840 JavaThread "Daemon periodic checks"            [_thread_blocked, id=16736, stack(0x000000202a500000,0x000000202a600000) (1024K)]
  0x000001280ad64610 JavaThread "Daemon"                            [_thread_blocked, id=7504, stack(0x000000202a600000,0x000000202a700000) (1024K)]
  0x000001280ad64c70 JavaThread "Handler for socket connection from /127.0.0.1:58540 to /127.0.0.1:58541"        [_thread_in_native, id=18220, stack(0x000000202a700000,0x000000202a800000) (1024K)]
  0x000001280abd5870 JavaThread "Cancel handler"                    [_thread_blocked, id=12844, stack(0x000000202a800000,0x000000202a900000) (1024K)]
  0x000001280abd5ed0 JavaThread "Daemon worker"                     [_thread_blocked, id=3680, stack(0x000000202a900000,0x000000202aa00000) (1024K)]
  0x000001280ad87e80 JavaThread "Asynchronous log dispatcher for DefaultDaemonConnection: socket connection from /127.0.0.1:58540 to /127.0.0.1:58541"        [_thread_blocked, id=27556, stack(0x000000202aa00000,0x000000202ab00000) (1024K)]
  0x000001280ad88510 JavaThread "Stdin handler"                     [_thread_blocked, id=16588, stack(0x000000202ab00000,0x000000202ac00000) (1024K)]
  0x000001280ad86ad0 JavaThread "Daemon client event forwarder"        [_thread_blocked, id=24812, stack(0x000000202ac00000,0x000000202ad00000) (1024K)]
  0x000001280ad85090 JavaThread "Cache worker for journal cache (C:\Users\Redmi\.gradle\caches\journal-1)"        [_thread_blocked, id=7792, stack(0x000000202ad00000,0x000000202ae00000) (1024K)]
  0x000001280ad85db0 JavaThread "File lock request listener"        [_thread_in_native, id=11976, stack(0x000000202ae00000,0x000000202af00000) (1024K)]
  0x000001280ad85720 JavaThread "Cache worker for file hash cache (C:\Users\Redmi\.gradle\caches\9.5.0\fileHashes)"        [_thread_blocked, id=2616, stack(0x000000202af00000,0x000000202b000000) (1024K)]
  0x000001280ad87160 JavaThread "Cache worker for file hash cache (C:\Projects\BetterMods\BetterEnd-Fabric-1.21.11\.gradle\9.5.0\fileHashes)"        [_thread_blocked, id=21376, stack(0x000000202ba00000,0x000000202bb00000) (1024K)]
  0x000001280ad86440 JavaThread "Cache worker for Build Output Cleanup Cache (C:\Projects\BetterMods\BetterEnd-Fabric-1.21.11\.gradle\buildOutputCleanup)"        [_thread_blocked, id=20644, stack(0x000000202bb00000,0x000000202bc00000) (1024K)]
  0x000001280ad877f0 JavaThread "File watcher server"        daemon [_thread_blocked, id=28452, stack(0x000000202bc00000,0x000000202bd00000) (1024K)]
  0x000001280b399510 JavaThread "File watcher consumer"      daemon [_thread_blocked, id=19016, stack(0x000000202bd00000,0x000000202be00000) (1024K)]
  0x000001280b3987f0 JavaThread "Cache worker for file content cache (C:\Users\Redmi\.gradle\caches\9.5.0\fileContent)"        [_thread_blocked, id=8388, stack(0x000000202be00000,0x000000202bf00000) (1024K)]
  0x000001280b39a8c0 JavaThread "Cache worker for checksums cache (C:\Projects\BetterMods\BetterEnd-Fabric-1.21.11\.gradle\9.5.0\checksums)"        [_thread_blocked, id=3024, stack(0x000000202bf00000,0x000000202c000000) (1024K)]
  0x000001280b399ba0 JavaThread "Cache worker for cache directory md-supplier (C:\Users\Redmi\.gradle\caches\9.5.0\md-supplier)"        [_thread_blocked, id=25404, stack(0x000000202c000000,0x000000202c100000) (1024K)]
  0x000001280b39a230 JavaThread "Cache worker for cache directory md-rule (C:\Users\Redmi\.gradle\caches\9.5.0\md-rule)"        [_thread_blocked, id=23660, stack(0x000000202c100000,0x000000202c200000) (1024K)]
  0x000001280b39af50 JavaThread "jar transforms"                    [_thread_blocked, id=13856, stack(0x000000202c200000,0x000000202c300000) (1024K)]
  0x000001280b39bc70 JavaThread "jar transforms Thread 2"           [_thread_blocked, id=12348, stack(0x000000202c500000,0x000000202c600000) (1024K)]
  0x000001280b39c300 JavaThread "jar transforms Thread 3"           [_thread_blocked, id=22396, stack(0x000000202c600000,0x000000202c700000) (1024K)]
  0x000001280b398e80 JavaThread "jar transforms Thread 4"           [_thread_blocked, id=26184, stack(0x000000202c400000,0x000000202c500000) (1024K)]
  0x000001280b39d6b0 JavaThread "jar transforms Thread 5"           [_thread_blocked, id=30392, stack(0x000000202c900000,0x000000202ca00000) (1024K)]
  0x000001280b39e3d0 JavaThread "jar transforms Thread 6"           [_thread_blocked, id=25864, stack(0x000000202ca00000,0x000000202cb00000) (1024K)]
  0x000001280b39c990 JavaThread "jar transforms Thread 7"           [_thread_blocked, id=16140, stack(0x000000202c300000,0x000000202c400000) (1024K)]
  0x000001280b39f780 JavaThread "Build operations"                  [_thread_blocked, id=14968, stack(0x000000202a300000,0x000000202a400000) (1024K)]
  0x000001280b39f0f0 JavaThread "Build operations Thread 2"         [_thread_blocked, id=8240, stack(0x000000202c700000,0x000000202c800000) (1024K)]
  0x0000012810946ed0 JavaThread "Build operations Thread 3"         [_thread_blocked, id=23364, stack(0x000000202c800000,0x000000202c900000) (1024K)]
  0x0000012810947bf0 JavaThread "Build operations Thread 4"         [_thread_blocked, id=30088, stack(0x000000202cb00000,0x000000202cc00000) (1024K)]
  0x0000012810948280 JavaThread "Build operations Thread 5"         [_thread_blocked, id=26036, stack(0x000000202cc00000,0x000000202cd00000) (1024K)]
  0x0000012810948910 JavaThread "Build operations Thread 6"         [_thread_blocked, id=19524, stack(0x000000202cd00000,0x000000202ce00000) (1024K)]
  0x0000012810948fa0 JavaThread "Build operations Thread 7"         [_thread_blocked, id=28556, stack(0x000000202ce00000,0x000000202cf00000) (1024K)]
  0x0000012810949630 JavaThread "Build operations Thread 8"         [_thread_blocked, id=7348, stack(0x000000202cf00000,0x000000202d000000) (1024K)]
  0x000001281094a9e0 JavaThread "Build operations Thread 9"         [_thread_blocked, id=5060, stack(0x000000202d000000,0x000000202d100000) (1024K)]
  0x0000012810947560 JavaThread "Build operations Thread 10"        [_thread_blocked, id=25532, stack(0x000000202d100000,0x000000202d200000) (1024K)]
  0x000001281094b070 JavaThread "Build operations Thread 11"        [_thread_blocked, id=17148, stack(0x000000202d200000,0x000000202d300000) (1024K)]
  0x000001281094a350 JavaThread "Build operations Thread 12"        [_thread_blocked, id=25580, stack(0x000000202d300000,0x000000202d400000) (1024K)]
  0x000001281094b700 JavaThread "Build operations Thread 13"        [_thread_blocked, id=20392, stack(0x000000202d400000,0x000000202d500000) (1024K)]
  0x000001281094bd90 JavaThread "Build operations Thread 14"        [_thread_blocked, id=22740, stack(0x000000202d500000,0x000000202d600000) (1024K)]
  0x000001281094d140 JavaThread "Build operations Thread 15"        [_thread_blocked, id=28844, stack(0x000000202d600000,0x000000202d700000) (1024K)]
  0x000001281094c420 JavaThread "Build operations Thread 16"        [_thread_blocked, id=27044, stack(0x000000202d700000,0x000000202d800000) (1024K)]
  0x000001281094d7d0 JavaThread "Memory manager"                    [_thread_blocked, id=21344, stack(0x000000202da00000,0x000000202db00000) (1024K)]
  0x000001281094de60 JavaThread "build event listener"              [_thread_blocked, id=24856, stack(0x000000202db00000,0x000000202dc00000) (1024K)]
  0x000001281094e4f0 JavaThread "jar transforms Thread 8"           [_thread_blocked, id=23204, stack(0x000000202dc00000,0x000000202dd00000) (1024K)]
  0x000001280e06a3c0 JavaThread "Problems report writer"            [_thread_blocked, id=17680, stack(0x000000202df00000,0x000000202e000000) (1024K)]
  0x000001280e068980 JavaThread "jar transforms Thread 9"           [_thread_blocked, id=27792, stack(0x000000202e000000,0x000000202e100000) (1024K)]
  0x000001280e06b0e0 JavaThread "jar transforms Thread 10"          [_thread_blocked, id=27148, stack(0x000000202e100000,0x000000202e200000) (1024K)]
  0x000001280e067c60 JavaThread "HttpClient-1-SelectorManager" daemon [_thread_blocked, id=7848, stack(0x000000202d800000,0x000000202d900000) (1024K)]
  0x000001280e06b770 JavaThread "ForkJoinPool-1-worker-1"    daemon [_thread_blocked, id=5848, stack(0x0000002029b00000,0x0000002029c00000) (1024K)]
  0x000001280e0696a0 JavaThread "ForkJoinPool-1-worker-2"    daemon [_thread_blocked, id=16048, stack(0x0000002029c00000,0x0000002029d00000) (1024K)]
  0x000001280e069d30 JavaThread "ForkJoinPool-1-worker-5"    daemon [_thread_blocked, id=6316, stack(0x000000202dd00000,0x000000202de00000) (1024K)]
  0x000001280e06d1b0 JavaThread "ForkJoinPool-1-worker-7"    daemon [_thread_blocked, id=18956, stack(0x000000202e200000,0x000000202e300000) (1024K)]
  0x000001280e06f280 JavaThread "ForkJoinPool-1-worker-8"    daemon [_thread_blocked, id=17936, stack(0x000000202e300000,0x000000202e400000) (1024K)]
  0x000001280e06d840 JavaThread "ForkJoinPool-1-worker-9"    daemon [_thread_blocked, id=19416, stack(0x000000202e400000,0x000000202e500000) (1024K)]
  0x000001280e06e560 JavaThread "ForkJoinPool-1-worker-10"   daemon [_thread_blocked, id=15096, stack(0x000000202e500000,0x000000202e600000) (1024K)]
  0x000001280e06ebf0 JavaThread "ForkJoinPool-1-worker-13"   daemon [_thread_blocked, id=22484, stack(0x000000202e800000,0x000000202e900000) (1024K)]
  0x0000012812a51600 JavaThread "ForkJoinPool-1-worker-15"   daemon [_thread_blocked, id=14420, stack(0x000000202eb00000,0x000000202ec00000) (1024K)]
  0x0000012812a50250 JavaThread "ForkJoinPool-1-worker-22"   daemon [_thread_blocked, id=27032, stack(0x000000202f200000,0x000000202f300000) (1024K)]
  0x0000012812a4e180 JavaThread "ForkJoinPool-1-worker-21"   daemon [_thread_blocked, id=14192, stack(0x000000202f300000,0x000000202f400000) (1024K)]
  0x0000012812a51c90 JavaThread "ForkJoinPool-1-worker-19"   daemon [_thread_blocked, id=3512, stack(0x000000202f400000,0x000000202f500000) (1024K)]
  0x0000012812a4eea0 JavaThread "ForkJoinPool-1-worker-20"   daemon [_thread_blocked, id=27460, stack(0x000000202f500000,0x000000202f600000) (1024K)]
  0x0000012812a4e810 JavaThread "jar transforms Thread 11"          [_thread_blocked, id=22052, stack(0x000000202f600000,0x000000202f700000) (1024K)]
  0x0000012812a52320 JavaThread "jar transforms Thread 12"          [_thread_blocked, id=22788, stack(0x000000202f700000,0x000000202f800000) (1024K)]
  0x0000012812a529b0 JavaThread "jar transforms Thread 13"          [_thread_blocked, id=26500, stack(0x000000202f800000,0x000000202f900000) (1024K)]
  0x0000012812a4f530 JavaThread "jar transforms Thread 14"          [_thread_blocked, id=3828, stack(0x000000202f900000,0x000000202fa00000) (1024K)]
  0x0000012812a536d0 JavaThread "jar transforms Thread 15"          [_thread_blocked, id=23156, stack(0x000000202ef00000,0x000000202f000000) (1024K)]
  0x0000012812a53d60 JavaThread "jar transforms Thread 16"          [_thread_blocked, id=24424, stack(0x000000202f100000,0x000000202f200000) (1024K)]
  0x0000012812a54a80 JavaThread "ForkJoinPool-1-worker-23"   daemon [_thread_blocked, id=25524, stack(0x000000202fa00000,0x000000202fb00000) (1024K)]
  0x0000012812a55110 JavaThread "ForkJoinPool-1-worker-24"   daemon [_thread_blocked, id=3480, stack(0x000000202fb00000,0x000000202fc00000) (1024K)]
  0x0000012812a557a0 JavaThread "ForkJoinPool-1-worker-25"   daemon [_thread_blocked, id=4560, stack(0x000000202fc00000,0x000000202fd00000) (1024K)]
  0x0000012810f0dc60 JavaThread "included builds"                   [_thread_blocked, id=11832, stack(0x0000002030600000,0x0000002030700000) (1024K)]
  0x0000012810f0ae70 JavaThread "Execution worker"                  [_thread_blocked, id=22376, stack(0x0000002030700000,0x0000002030800000) (1024K)]
  0x0000012810f0e2f0 JavaThread "Execution worker Thread 2"         [_thread_blocked, id=29208, stack(0x0000002030800000,0x0000002030900000) (1024K)]
  0x0000012810f0e980 JavaThread "Execution worker Thread 3"         [_thread_blocked, id=19380, stack(0x0000002030900000,0x0000002030a00000) (1024K)]
  0x0000012810f0bb90 JavaThread "Execution worker Thread 4"         [_thread_blocked, id=14896, stack(0x0000002030a00000,0x0000002030b00000) (1024K)]
  0x0000012810f0f010 JavaThread "Execution worker Thread 5"         [_thread_blocked, id=13504, stack(0x0000002030b00000,0x0000002030c00000) (1024K)]
  0x0000012810f110e0 JavaThread "Execution worker Thread 6"         [_thread_blocked, id=5732, stack(0x0000002030c00000,0x0000002030d00000) (1024K)]
  0x0000012810f0f6a0 JavaThread "Execution worker Thread 7"         [_thread_blocked, id=27320, stack(0x0000002030d00000,0x0000002030e00000) (1024K)]
  0x0000012810f0fd30 JavaThread "Execution worker Thread 8"         [_thread_blocked, id=10432, stack(0x0000002030e00000,0x0000002030f00000) (1024K)]
  0x0000012810f103c0 JavaThread "Execution worker Thread 9"         [_thread_blocked, id=13368, stack(0x0000002030f00000,0x0000002031000000) (1024K)]
  0x0000012810f10a50 JavaThread "Execution worker Thread 10"        [_thread_blocked, id=25424, stack(0x0000002031000000,0x0000002031100000) (1024K)]
  0x000001280b39ea60 JavaThread "Execution worker Thread 11"        [_thread_blocked, id=10580, stack(0x0000002031100000,0x0000002031200000) (1024K)]
  0x00000128125fd6f0 JavaThread "Execution worker Thread 12"        [_thread_blocked, id=3972, stack(0x0000002031200000,0x0000002031300000) (1024K)]
  0x00000128125fdd80 JavaThread "Execution worker Thread 13"        [_thread_blocked, id=9176, stack(0x0000002031300000,0x0000002031400000) (1024K)]
  0x00000128125feaa0 JavaThread "Execution worker Thread 14"        [_thread_blocked, id=2836, stack(0x0000002031400000,0x0000002031500000) (1024K)]
  0x00000128125ff130 JavaThread "Execution worker Thread 15"        [_thread_blocked, id=19760, stack(0x0000002031500000,0x0000002031600000) (1024K)]
  0x00000128125ffe50 JavaThread "Cache worker for execution history cache (C:\Projects\BetterMods\BetterEnd-Fabric-1.21.11\.gradle\9.5.0\executionHistory)"        [_thread_blocked, id=18476, stack(0x0000002031600000,0x0000002031700000) (1024K)]
  0x00000128125fe410 JavaThread "Unconstrained build operations"        [_thread_blocked, id=10188, stack(0x0000002031700000,0x0000002031800000) (1024K)]
  0x000001280ddcc6d0 JavaThread "Unconstrained build operations Thread 2"        [_thread_blocked, id=6952, stack(0x0000002031800000,0x0000002031900000) (1024K)]
  0x000001280ddcda80 JavaThread "Unconstrained build operations Thread 3"        [_thread_blocked, id=19320, stack(0x0000002031900000,0x0000002031a00000) (1024K)]
  0x000001280ddce7a0 JavaThread "Unconstrained build operations Thread 4"        [_thread_blocked, id=12672, stack(0x0000002031a00000,0x0000002031b00000) (1024K)]
  0x000001280ddce110 JavaThread "Unconstrained build operations Thread 5"        [_thread_blocked, id=23428, stack(0x0000002031b00000,0x0000002031c00000) (1024K)]
  0x000001280ddcc040 JavaThread "Unconstrained build operations Thread 6"        [_thread_blocked, id=16484, stack(0x0000002031c00000,0x0000002031d00000) (1024K)]
  0x000001280ddcd3f0 JavaThread "Unconstrained build operations Thread 7"        [_thread_blocked, id=5252, stack(0x0000002031d00000,0x0000002031e00000) (1024K)]
  0x000001280ddcee30 JavaThread "Unconstrained build operations Thread 8"        [_thread_blocked, id=2076, stack(0x0000002031e00000,0x0000002031f00000) (1024K)]
  0x000001280ddcb9b0 JavaThread "Unconstrained build operations Thread 9"        [_thread_blocked, id=27708, stack(0x0000002031f00000,0x0000002032000000) (1024K)]
  0x000001280ddccd60 JavaThread "Unconstrained build operations Thread 10"        [_thread_blocked, id=19372, stack(0x0000002032000000,0x0000002032100000) (1024K)]
  0x000001280ddd01e0 JavaThread "Unconstrained build operations Thread 11"        [_thread_blocked, id=14812, stack(0x0000002032100000,0x0000002032200000) (1024K)]
  0x000001280ddd0870 JavaThread "Unconstrained build operations Thread 12"        [_thread_blocked, id=27952, stack(0x0000002032200000,0x0000002032300000) (1024K)]
  0x000001280ddcf4c0 JavaThread "Unconstrained build operations Thread 13"        [_thread_blocked, id=26648, stack(0x0000002032300000,0x0000002032400000) (1024K)]
  0x000001280ddd0f00 JavaThread "Unconstrained build operations Thread 14"        [_thread_blocked, id=20224, stack(0x0000002032400000,0x0000002032500000) (1024K)]
  0x000001280ddd1590 JavaThread "Unconstrained build operations Thread 15"        [_thread_blocked, id=9068, stack(0x0000002032500000,0x0000002032600000) (1024K)]
  0x000001280ddd1c20 JavaThread "Unconstrained build operations Thread 16"        [_thread_blocked, id=4220, stack(0x0000002032600000,0x0000002032700000) (1024K)]
  0x000001280ddd2940 JavaThread "Unconstrained build operations Thread 17"        [_thread_blocked, id=8756, stack(0x0000002032700000,0x0000002032800000) (1024K)]
  0x000001280ddd22b0 JavaThread "Unconstrained build operations Thread 18"        [_thread_blocked, id=11336, stack(0x0000002032800000,0x0000002032900000) (1024K)]
  0x000001280ddd2fd0 JavaThread "Unconstrained build operations Thread 19"        [_thread_blocked, id=19156, stack(0x0000002032900000,0x0000002032a00000) (1024K)]
  0x000001280ddcfb50 JavaThread "Unconstrained build operations Thread 20"        [_thread_blocked, id=22124, stack(0x0000002032a00000,0x0000002032b00000) (1024K)]
  0x000001280eefc610 JavaThread "Unconstrained build operations Thread 21"        [_thread_blocked, id=2716, stack(0x0000002032b00000,0x0000002032c00000) (1024K)]
  0x000001280eeffa90 JavaThread "Unconstrained build operations Thread 22"        [_thread_blocked, id=28116, stack(0x0000002032c00000,0x0000002032d00000) (1024K)]
  0x000001280eefe6e0 JavaThread "Unconstrained build operations Thread 23"        [_thread_blocked, id=11668, stack(0x0000002032d00000,0x0000002032e00000) (1024K)]
  0x000001280ef00120 JavaThread "Unconstrained build operations Thread 24"        [_thread_blocked, id=6288, stack(0x0000002032e00000,0x0000002032f00000) (1024K)]
  0x000001280eefd9c0 JavaThread "Unconstrained build operations Thread 25"        [_thread_blocked, id=28076, stack(0x0000002032f00000,0x0000002033000000) (1024K)]
  0x000001280eeff400 JavaThread "Unconstrained build operations Thread 26"        [_thread_blocked, id=12320, stack(0x0000002033000000,0x0000002033100000) (1024K)]
  0x000001280eefe050 JavaThread "Unconstrained build operations Thread 27"        [_thread_blocked, id=1232, stack(0x0000002033100000,0x0000002033200000) (1024K)]
  0x000001280eefed70 JavaThread "Unconstrained build operations Thread 28"        [_thread_blocked, id=9844, stack(0x0000002033200000,0x0000002033300000) (1024K)]
  0x000001280eefcca0 JavaThread "Unconstrained build operations Thread 29"        [_thread_blocked, id=9276, stack(0x0000002033300000,0x0000002033400000) (1024K)]
  0x000001280ef007b0 JavaThread "Unconstrained build operations Thread 30"        [_thread_blocked, id=5012, stack(0x0000002033400000,0x0000002033500000) (1024K)]
  0x000001280eefd330 JavaThread "Unconstrained build operations Thread 31"        [_thread_blocked, id=1916, stack(0x0000002033500000,0x0000002033600000) (1024K)]
  0x000001280ef00e40 JavaThread "Unconstrained build operations Thread 32"        [_thread_blocked, id=25248, stack(0x0000002033600000,0x0000002033700000) (1024K)]
  0x000001280ef021f0 JavaThread "Unconstrained build operations Thread 33"        [_thread_blocked, id=21312, stack(0x0000002033700000,0x0000002033800000) (1024K)]
  0x000001280ef014d0 JavaThread "Unconstrained build operations Thread 34"        [_thread_blocked, id=22088, stack(0x0000002033800000,0x0000002033900000) (1024K)]
  0x000001280ef01b60 JavaThread "Unconstrained build operations Thread 35"        [_thread_blocked, id=10628, stack(0x0000002033900000,0x0000002033a00000) (1024K)]
  0x000001280ef02880 JavaThread "Unconstrained build operations Thread 36"        [_thread_blocked, id=28124, stack(0x0000002033a00000,0x0000002033b00000) (1024K)]
  0x000001280ef035a0 JavaThread "Unconstrained build operations Thread 37"        [_thread_blocked, id=22936, stack(0x0000002033b00000,0x0000002033c00000) (1024K)]
  0x000001280ef02f10 JavaThread "Unconstrained build operations Thread 38"        [_thread_blocked, id=24340, stack(0x0000002033c00000,0x0000002033d00000) (1024K)]
  0x000001280ef03c30 JavaThread "Unconstrained build operations Thread 39"        [_thread_blocked, id=25332, stack(0x0000002033d00000,0x0000002033e00000) (1024K)]
  0x000001280e6744e0 JavaThread "Unconstrained build operations Thread 40"        [_thread_blocked, id=29028, stack(0x0000002033e00000,0x0000002033f00000) (1024K)]
  0x000001280e675200 JavaThread "Unconstrained build operations Thread 41"        [_thread_blocked, id=28204, stack(0x0000002033f00000,0x0000002034000000) (1024K)]
  0x000001280e673e50 JavaThread "Unconstrained build operations Thread 42"        [_thread_blocked, id=25656, stack(0x0000002034000000,0x0000002034100000) (1024K)]
  0x000001280e672aa0 JavaThread "Unconstrained build operations Thread 43"        [_thread_blocked, id=25960, stack(0x0000002034100000,0x0000002034200000) (1024K)]
  0x000001280e675f20 JavaThread "Unconstrained build operations Thread 44"        [_thread_blocked, id=6128, stack(0x0000002034200000,0x0000002034300000) (1024K)]
  0x000001280e6737c0 JavaThread "Unconstrained build operations Thread 45"        [_thread_blocked, id=14864, stack(0x0000002034300000,0x0000002034400000) (1024K)]
  0x000001280e674b70 JavaThread "Unconstrained build operations Thread 46"        [_thread_blocked, id=11308, stack(0x0000002034400000,0x0000002034500000) (1024K)]
  0x000001280e673130 JavaThread "Unconstrained build operations Thread 47"        [_thread_blocked, id=26988, stack(0x0000002034500000,0x0000002034600000) (1024K)]
  0x000001280e678680 JavaThread "Unconstrained build operations Thread 48"        [_thread_blocked, id=25648, stack(0x0000002034600000,0x0000002034700000) (1024K)]
  0x000001280e678d10 JavaThread "Unconstrained build operations Thread 49"        [_thread_blocked, id=12148, stack(0x0000002034700000,0x0000002034800000) (1024K)]
  0x000001280e676c40 JavaThread "Unconstrained build operations Thread 50"        [_thread_blocked, id=14028, stack(0x0000002034800000,0x0000002034900000) (1024K)]
  0x000001280e677960 JavaThread "Unconstrained build operations Thread 51"        [_thread_blocked, id=4812, stack(0x0000002034900000,0x0000002034a00000) (1024K)]
  0x000001280e677ff0 JavaThread "Unconstrained build operations Thread 52"        [_thread_blocked, id=2660, stack(0x0000002034a00000,0x0000002034b00000) (1024K)]
  0x000001280e6772d0 JavaThread "Unconstrained build operations Thread 53"        [_thread_blocked, id=15048, stack(0x0000002034b00000,0x0000002034c00000) (1024K)]
  0x000001280e675890 JavaThread "Unconstrained build operations Thread 54"        [_thread_blocked, id=19764, stack(0x0000002034c00000,0x0000002034d00000) (1024K)]
  0x000001280e679a30 JavaThread "Unconstrained build operations Thread 55"        [_thread_blocked, id=24016, stack(0x0000002034d00000,0x0000002034e00000) (1024K)]
  0x000001280e6793a0 JavaThread "Unconstrained build operations Thread 56"        [_thread_blocked, id=23272, stack(0x0000002034e00000,0x0000002034f00000) (1024K)]
  0x000001280e67a0c0 JavaThread "Unconstrained build operations Thread 57"        [_thread_blocked, id=28184, stack(0x0000002034f00000,0x0000002035000000) (1024K)]
  0x00000127c395f020 JavaThread "Unconstrained build operations Thread 58"        [_thread_blocked, id=12708, stack(0x0000002035000000,0x0000002035100000) (1024K)]
  0x00000127c395d5e0 JavaThread "Unconstrained build operations Thread 59"        [_thread_blocked, id=17840, stack(0x0000002035100000,0x0000002035200000) (1024K)]
  0x00000127c395dc70 JavaThread "Unconstrained build operations Thread 60"        [_thread_blocked, id=19064, stack(0x0000002035200000,0x0000002035300000) (1024K)]
  0x00000127c39610f0 JavaThread "Unconstrained build operations Thread 61"        [_thread_blocked, id=5180, stack(0x0000002035300000,0x0000002035400000) (1024K)]
  0x00000127c395e990 JavaThread "Unconstrained build operations Thread 62"        [_thread_blocked, id=3352, stack(0x0000002035400000,0x0000002035500000) (1024K)]
  0x00000127c395fd40 JavaThread "Unconstrained build operations Thread 63"        [_thread_blocked, id=8000, stack(0x0000002035500000,0x0000002035600000) (1024K)]
  0x00000127c3961780 JavaThread "Unconstrained build operations Thread 64"        [_thread_blocked, id=12900, stack(0x0000002035600000,0x0000002035700000) (1024K)]
  0x00000127c3962b30 JavaThread "Cache worker for Java compile cache (C:\Users\Redmi\.gradle\caches\9.5.0\javaCompile)"        [_thread_blocked, id=20400, stack(0x0000002030100000,0x0000002030200000) (1024K)]
  0x00000127c396c8b0 JavaThread "WorkerExecutor Queue"              [_thread_blocked, id=4356, stack(0x0000002028600000,0x0000002028700000) (1024K)]
  0x00000127c3968710 JavaThread "WorkerExecutor Queue Thread 2"        [_thread_blocked, id=18512, stack(0x0000002029800000,0x0000002029900000) (1024K)]
  0x00000127c3969ac0 JavaThread "WorkerExecutor Queue Thread 3"        [_thread_blocked, id=27156, stack(0x0000002029900000,0x0000002029a00000) (1024K)]
  0x00000127c395e300 JavaThread "WorkerExecutor Queue Thread 4"        [_thread_blocked, id=12888, stack(0x000000202e700000,0x000000202e800000) (1024K)]
  0x00000127c39631c0 JavaThread "pool-23-thread-1"                  [_thread_blocked, id=14656, stack(0x000000202e900000,0x000000202ea00000) (1024K)]
  0x00000127c3963ee0 JavaThread "pool-23-thread-2"                  [_thread_blocked, id=25624, stack(0x000000202ea00000,0x000000202eb00000) (1024K)]
  0x00000127c396a7e0 JavaThread "pool-23-thread-3"                  [_thread_blocked, id=19160, stack(0x000000202ec00000,0x000000202ed00000) (1024K)]
  0x00000127c39679f0 JavaThread "pool-23-thread-4"                  [_thread_blocked, id=17348, stack(0x000000202ed00000,0x000000202ee00000) (1024K)]
  0x00000127c396b500 JavaThread "pool-23-thread-5"                  [_thread_blocked, id=30708, stack(0x000000202ee00000,0x000000202ef00000) (1024K)]
  0x00000127c3968080 JavaThread "pool-23-thread-6"                  [_thread_blocked, id=23700, stack(0x000000202f000000,0x000000202f100000) (1024K)]
  0x00000127c396bb90 JavaThread "pool-23-thread-7"                  [_thread_blocked, id=13440, stack(0x000000202fd00000,0x000000202fe00000) (1024K)]
  0x00000127c396c220 JavaThread "pool-23-thread-8"                  [_thread_blocked, id=16640, stack(0x000000202fe00000,0x000000202ff00000) (1024K)]
  0x000001280e06be00 JavaThread "pool-23-thread-9"                  [_thread_blocked, id=1612, stack(0x000000202ff00000,0x0000002030000000) (1024K)]
  0x000001280e06c490 JavaThread "pool-23-thread-10"                 [_thread_blocked, id=17880, stack(0x0000002030000000,0x0000002030100000) (1024K)]
  0x000001280e069010 JavaThread "pool-23-thread-11"                 [_thread_blocked, id=12216, stack(0x0000002030200000,0x0000002030300000) (1024K)]
  0x000001280e06cb20 JavaThread "pool-23-thread-12"                 [_thread_blocked, id=12892, stack(0x0000002030300000,0x0000002030400000) (1024K)]
  0x000001280e06ded0 JavaThread "pool-23-thread-13"                 [_thread_blocked, id=7804, stack(0x0000002030400000,0x0000002030500000) (1024K)]
  0x0000012812a508e0 JavaThread "pool-23-thread-14"                 [_thread_blocked, id=2628, stack(0x0000002030500000,0x0000002030600000) (1024K)]
  0x0000012812a53040 JavaThread "pool-23-thread-15"                 [_thread_blocked, id=19772, stack(0x0000002035700000,0x0000002035800000) (1024K)]
  0x0000012812a50f70 JavaThread "pool-23-thread-16"                 [_thread_blocked, id=30132, stack(0x0000002035800000,0x0000002035900000) (1024K)]
  0x0000012812a4fbc0 JavaThread "WorkerExecutor Queue Thread 5"        [_thread_blocked, id=29160, stack(0x0000002035900000,0x0000002035a00000) (1024K)]
  0x0000012810f0d5d0 JavaThread "pool-24-thread-1"                  [_thread_blocked, id=17804, stack(0x0000002035a00000,0x0000002035b00000) (1024K)]
  0x0000012810f0a150 JavaThread "pool-24-thread-2"                  [_thread_blocked, id=5684, stack(0x0000002035b00000,0x0000002035c00000) (1024K)]
  0x00000128126004e0 JavaThread "pool-24-thread-3"                  [_thread_blocked, id=24600, stack(0x0000002035c00000,0x0000002035d00000) (1024K)]
  0x000001280e6765b0 JavaThread "pool-24-thread-4"                  [_thread_blocked, id=22468, stack(0x0000002035d00000,0x0000002035e00000) (1024K)]
  0x000001281094cab0 JavaThread "pool-24-thread-5"                  [_thread_blocked, id=13380, stack(0x0000002035e00000,0x0000002035f00000) (1024K)]
  0x000001280b39d020 JavaThread "pool-24-thread-6"                  [_thread_blocked, id=20044, stack(0x0000002035f00000,0x0000002036000000) (1024K)]
  0x00000128112c75a0 JavaThread "pool-24-thread-7"                  [_thread_blocked, id=10912, stack(0x0000002036000000,0x0000002036100000) (1024K)]
  0x00000128112c82c0 JavaThread "pool-24-thread-8"                  [_thread_blocked, id=12792, stack(0x0000002036100000,0x0000002036200000) (1024K)]
  0x00000128112c4e40 JavaThread "pool-24-thread-9"                  [_thread_blocked, id=17580, stack(0x0000002036200000,0x0000002036300000) (1024K)]
  0x00000128112c6f10 JavaThread "pool-24-thread-10"                 [_thread_blocked, id=13864, stack(0x0000002036300000,0x0000002036400000) (1024K)]
  0x00000128112c6880 JavaThread "pool-24-thread-11"                 [_thread_blocked, id=23868, stack(0x0000002036400000,0x0000002036500000) (1024K)]
  0x00000128112c7c30 JavaThread "pool-24-thread-12"                 [_thread_blocked, id=29256, stack(0x0000002036500000,0x0000002036600000) (1024K)]
  0x00000128112c54d0 JavaThread "pool-24-thread-13"                 [_thread_blocked, id=6772, stack(0x0000002036600000,0x0000002036700000) (1024K)]
  0x00000128112c8950 JavaThread "pool-24-thread-14"                 [_thread_blocked, id=9156, stack(0x0000002036700000,0x0000002036800000) (1024K)]
  0x00000128112c8fe0 JavaThread "pool-24-thread-15"                 [_thread_blocked, id=20428, stack(0x0000002036800000,0x0000002036900000) (1024K)]
  0x00000128112c9670 JavaThread "pool-24-thread-16"                 [_thread_blocked, id=24256, stack(0x0000002036900000,0x0000002036a00000) (1024K)]
  0x00000128112cd180 JavaThread "pool-25-thread-1"                  [_thread_blocked, id=23280, stack(0x0000002036a00000,0x0000002036b00000) (1024K)]
  0x00000128112c61f0 JavaThread "pool-25-thread-2"                  [_thread_blocked, id=23860, stack(0x0000002036b00000,0x0000002036c00000) (1024K)]
  0x00000128112caa20 JavaThread "pool-25-thread-3"                  [_thread_blocked, id=27548, stack(0x0000002036c00000,0x0000002036d00000) (1024K)]
  0x00000128112cc460 JavaThread "pool-25-thread-4"                  [_thread_blocked, id=5836, stack(0x0000002036d00000,0x0000002036e00000) (1024K)]
  0x00000128112ccaf0 JavaThread "pool-25-thread-5"                  [_thread_blocked, id=17092, stack(0x0000002036e00000,0x0000002036f00000) (1024K)]
  0x00000128112cb0b0 JavaThread "pool-25-thread-6"                  [_thread_blocked, id=17376, stack(0x0000002036f00000,0x0000002037000000) (1024K)]
  0x00000128112c9d00 JavaThread "pool-25-thread-7"                  [_thread_blocked, id=22808, stack(0x0000002037000000,0x0000002037100000) (1024K)]
  0x00000128112cb740 JavaThread "pool-25-thread-8"                  [_thread_blocked, id=13568, stack(0x0000002037100000,0x0000002037200000) (1024K)]
  0x00000128112cd810 JavaThread "pool-25-thread-9"                  [_thread_blocked, id=17688, stack(0x0000002037200000,0x0000002037300000) (1024K)]
  0x00000128112cdea0 JavaThread "pool-25-thread-10"                 [_thread_blocked, id=23328, stack(0x0000002037300000,0x0000002037400000) (1024K)]
  0x00000128112ce530 JavaThread "pool-25-thread-11"                 [_thread_blocked, id=8712, stack(0x0000002037400000,0x0000002037500000) (1024K)]
  0x00000128112cbdd0 JavaThread "pool-25-thread-12"                 [_thread_blocked, id=844, stack(0x0000002037500000,0x0000002037600000) (1024K)]
  0x00000128112d2040 JavaThread "pool-25-thread-13"                 [_thread_blocked, id=18496, stack(0x0000002037600000,0x0000002037700000) (1024K)]
  0x00000128112d0600 JavaThread "pool-25-thread-14"                 [_thread_blocked, id=24496, stack(0x0000002037700000,0x0000002037800000) (1024K)]
  0x00000128112cf250 JavaThread "pool-25-thread-15"                 [_thread_blocked, id=8508, stack(0x0000002037800000,0x0000002037900000) (1024K)]
  0x00000128112d0c90 JavaThread "pool-25-thread-16"                 [_thread_blocked, id=3360, stack(0x0000002037900000,0x0000002037a00000) (1024K)]
  0x00000128112cebc0 JavaThread "WorkerExecutor Queue Thread 6"        [_thread_blocked, id=24132, stack(0x000000202d900000,0x000000202da00000) (1024K)]
  0x00000128112cff70 JavaThread "pool-26-thread-1"                  [_thread_blocked, id=1048, stack(0x000000202de00000,0x000000202df00000) (1024K)]
  0x00000128112d26d0 JavaThread "pool-26-thread-2"                  [_thread_blocked, id=26616, stack(0x000000202e600000,0x000000202e700000) (1024K)]
  0x00000128112d2d60 JavaThread "pool-26-thread-3"                  [_thread_blocked, id=21536, stack(0x0000002037a00000,0x0000002037b00000) (1024K)]
  0x00000128112d1320 JavaThread "WorkerExecutor Queue Thread 7"        [_thread_blocked, id=12328, stack(0x0000002037b00000,0x0000002037c00000) (1024K)]
  0x00000128112d19b0 JavaThread "pool-26-thread-4"                  [_thread_blocked, id=5656, stack(0x0000002037c00000,0x0000002037d00000) (1024K)]
  0x00000128112cf8e0 JavaThread "pool-26-thread-5"                  [_thread_blocked, id=29252, stack(0x0000002037d00000,0x0000002037e00000) (1024K)]
  0x00000128112d33f0 JavaThread "pool-26-thread-6"                  [_thread_blocked, id=9944, stack(0x0000002037e00000,0x0000002037f00000) (1024K)]
  0x00000128112d3a80 JavaThread "pool-26-thread-7"                  [_thread_blocked, id=28156, stack(0x0000002037f00000,0x0000002038000000) (1024K)]
  0x00000128112d4110 JavaThread "pool-26-thread-8"                  [_thread_blocked, id=10176, stack(0x0000002038000000,0x0000002038100000) (1024K)]
  0x000001280b7c24e0 JavaThread "pool-26-thread-9"                  [_thread_blocked, id=20616, stack(0x0000002038100000,0x0000002038200000) (1024K)]
  0x000001280b7bf060 JavaThread "pool-26-thread-10"                 [_thread_blocked, id=5876, stack(0x0000002038200000,0x0000002038300000) (1024K)]
  0x000001280b7c0410 JavaThread "pool-26-thread-11"                 [_thread_blocked, id=23684, stack(0x0000002038300000,0x0000002038400000) (1024K)]
  0x000001280b7bfd80 JavaThread "pool-26-thread-12"                 [_thread_blocked, id=17300, stack(0x0000002038600000,0x0000002038700000) (1024K)]
  0x000001280b7c1130 JavaThread "pool-26-thread-13"                 [_thread_blocked, id=13520, stack(0x0000002038700000,0x0000002038800000) (1024K)]
  0x000001280b7c2b70 JavaThread "pool-26-thread-14"                 [_thread_blocked, id=1120, stack(0x0000002038800000,0x0000002038900000) (1024K)]
  0x000001280b7c17c0 JavaThread "pool-26-thread-15"                 [_thread_blocked, id=27652, stack(0x0000002038900000,0x0000002038a00000) (1024K)]
  0x000001280b7c1e50 JavaThread "pool-26-thread-16"                 [_thread_blocked, id=16308, stack(0x0000002038a00000,0x0000002038b00000) (1024K)]
  0x000001280b7bf6f0 JavaThread "pool-27-thread-1"                  [_thread_blocked, id=17040, stack(0x0000002038c00000,0x0000002038d00000) (1024K)]
  0x000001280b7c3890 JavaThread "pool-27-thread-2"                  [_thread_blocked, id=428, stack(0x0000002038d00000,0x0000002038e00000) (1024K)]
  0x000001280b7c3f20 JavaThread "pool-27-thread-3"                  [_thread_blocked, id=21704, stack(0x0000002038e00000,0x0000002038f00000) (1024K)]
  0x000001280b7c3200 JavaThread "pool-27-thread-4"                  [_thread_blocked, id=5952, stack(0x0000002038f00000,0x0000002039000000) (1024K)]
  0x000001280b7c0aa0 JavaThread "pool-27-thread-5"                  [_thread_blocked, id=24584, stack(0x0000002039000000,0x0000002039100000) (1024K)]
  0x000001280b7c45b0 JavaThread "pool-27-thread-6"                  [_thread_blocked, id=15568, stack(0x0000002039100000,0x0000002039200000) (1024K)]
  0x000001280b7c80c0 JavaThread "pool-27-thread-7"                  [_thread_blocked, id=18504, stack(0x0000002039200000,0x0000002039300000) (1024K)]
  0x000001280b7c5ff0 JavaThread "pool-27-thread-8"                  [_thread_blocked, id=10436, stack(0x0000002039300000,0x0000002039400000) (1024K)]
  0x000001280b7c4c40 JavaThread "pool-27-thread-9"                  [_thread_blocked, id=18940, stack(0x0000002039400000,0x0000002039500000) (1024K)]
  0x000001280b7c6680 JavaThread "pool-27-thread-10"                 [_thread_blocked, id=15460, stack(0x0000002039500000,0x0000002039600000) (1024K)]
  0x000001280b7c8750 JavaThread "pool-27-thread-11"                 [_thread_blocked, id=21416, stack(0x0000002039600000,0x0000002039700000) (1024K)]
  0x000001280b7c7a30 JavaThread "pool-27-thread-12"                 [_thread_blocked, id=15940, stack(0x0000002039700000,0x0000002039800000) (1024K)]
  0x000001280b7c73a0 JavaThread "pool-27-thread-13"                 [_thread_blocked, id=6084, stack(0x0000002039800000,0x0000002039900000) (1024K)]
  0x000001280b7c6d10 JavaThread "pool-27-thread-14"                 [_thread_blocked, id=13156, stack(0x0000002039900000,0x0000002039a00000) (1024K)]
  0x000001280b7c52d0 JavaThread "pool-27-thread-15"                 [_thread_blocked, id=30256, stack(0x0000002039a00000,0x0000002039b00000) (1024K)]
  0x000001280b7c5960 JavaThread "pool-27-thread-16"                 [_thread_blocked, id=7248, stack(0x0000002039b00000,0x0000002039c00000) (1024K)]
  0x000001280b7caeb0 JavaThread "WorkerExecutor Queue Thread 8"        [_thread_blocked, id=26092, stack(0x0000002039c00000,0x0000002039d00000) (1024K)]
  0x000001280b7ca190 JavaThread "WorkerExecutor Queue Thread 9"        [_thread_blocked, id=23496, stack(0x0000002039d00000,0x0000002039e00000) (1024K)]
  0x000001280b7cbbd0 JavaThread "pool-28-thread-1"                  [_thread_blocked, id=2952, stack(0x0000002039f00000,0x000000203a000000) (1024K)]
  0x000001280b7ca820 JavaThread "pool-28-thread-2"                  [_thread_blocked, id=5576, stack(0x000000203a000000,0x000000203a100000) (1024K)]
  0x000001280b7cb540 JavaThread "pool-28-thread-3"                  [_thread_blocked, id=27848, stack(0x000000203a100000,0x000000203a200000) (1024K)]
  0x000001280b7c8de0 JavaThread "pool-28-thread-4"                  [_thread_blocked, id=28268, stack(0x000000203a200000,0x000000203a300000) (1024K)]
  0x000001280b7c9b00 JavaThread "pool-28-thread-5"                  [_thread_blocked, id=6864, stack(0x000000203a300000,0x000000203a400000) (1024K)]
  0x000001280b7cc260 JavaThread "pool-28-thread-6"                  [_thread_blocked, id=29096, stack(0x000000203a400000,0x000000203a500000) (1024K)]
  0x000001280b7cc8f0 JavaThread "pool-28-thread-7"                  [_thread_blocked, id=18820, stack(0x000000203a500000,0x000000203a600000) (1024K)]
  0x000001280b7c9470 JavaThread "pool-28-thread-8"                  [_thread_blocked, id=12012, stack(0x000000203a600000,0x000000203a700000) (1024K)]
  0x000001280b7ccf80 JavaThread "pool-28-thread-9"                  [_thread_blocked, id=24692, stack(0x000000203a700000,0x000000203a800000) (1024K)]
  0x000001280b7cd610 JavaThread "pool-28-thread-10"                 [_thread_blocked, id=14368, stack(0x000000203a800000,0x000000203a900000) (1024K)]
  0x000001280b7cdca0 JavaThread "pool-28-thread-11"                 [_thread_blocked, id=25316, stack(0x000000203a900000,0x000000203aa00000) (1024K)]
  0x000001280b7ce330 JavaThread "pool-28-thread-12"                 [_thread_blocked, id=14544, stack(0x000000203aa00000,0x000000203ab00000) (1024K)]
  0x00000128112985c0 JavaThread "pool-28-thread-13"                 [_thread_blocked, id=23920, stack(0x000000203ab00000,0x000000203ac00000) (1024K)]
  0x0000012811295e60 JavaThread "pool-28-thread-14"                 [_thread_blocked, id=5724, stack(0x000000203ac00000,0x000000203ad00000) (1024K)]
  0x0000012811298c50 JavaThread "pool-28-thread-15"                 [_thread_blocked, id=30092, stack(0x000000203ad00000,0x000000203ae00000) (1024K)]
  0x0000012811297210 JavaThread "pool-28-thread-16"                 [_thread_blocked, id=11076, stack(0x000000203ae00000,0x000000203af00000) (1024K)]
  0x00000128112992e0 JavaThread "WorkerExecutor Queue Thread 10"        [_thread_blocked, id=28068, stack(0x000000203af00000,0x000000203b000000) (1024K)]
  0x00000128112964f0 JavaThread "pool-29-thread-1"                  [_thread_blocked, id=17452, stack(0x000000203b000000,0x000000203b100000) (1024K)]
  0x0000012811299970 JavaThread "pool-29-thread-2"                  [_thread_blocked, id=6012, stack(0x000000203b100000,0x000000203b200000) (1024K)]
  0x000001281129a000 JavaThread "pool-29-thread-3"                  [_thread_blocked, id=27892, stack(0x000000203b200000,0x000000203b300000) (1024K)]
  0x00000128112978a0 JavaThread "pool-29-thread-4"                  [_thread_blocked, id=29956, stack(0x000000203b300000,0x000000203b400000) (1024K)]
  0x0000012811296b80 JavaThread "pool-29-thread-5"                  [_thread_blocked, id=14124, stack(0x000000203b400000,0x000000203b500000) (1024K)]
  0x000001281129a690 JavaThread "pool-29-thread-6"                  [_thread_blocked, id=20944, stack(0x000000203b500000,0x000000203b600000) (1024K)]
  0x0000012811297f30 JavaThread "pool-29-thread-7"                  [_thread_blocked, id=1680, stack(0x000000203b600000,0x000000203b700000) (1024K)]
  0x000001281129c760 JavaThread "pool-29-thread-8"                  [_thread_blocked, id=22720, stack(0x000000203b700000,0x000000203b800000) (1024K)]
  0x000001281129b3b0 JavaThread "pool-29-thread-9"                  [_thread_blocked, id=27060, stack(0x000000203b800000,0x000000203b900000) (1024K)]
  0x000001281129d480 JavaThread "pool-29-thread-10"                 [_thread_blocked, id=27528, stack(0x000000203b900000,0x000000203ba00000) (1024K)]
  0x000001281129ba40 JavaThread "pool-29-thread-11"                 [_thread_blocked, id=1716, stack(0x000000203ba00000,0x000000203bb00000) (1024K)]
  0x000001281129cdf0 JavaThread "pool-29-thread-12"                 [_thread_blocked, id=4912, stack(0x000000203bb00000,0x000000203bc00000) (1024K)]
  0x000001281129c0d0 JavaThread "pool-29-thread-13"                 [_thread_blocked, id=18088, stack(0x000000203bc00000,0x000000203bd00000) (1024K)]
  0x000001281129ad20 JavaThread "pool-29-thread-14"                 [_thread_blocked, id=19912, stack(0x000000203bd00000,0x000000203be00000) (1024K)]
  0x00000128112a0270 JavaThread "pool-29-thread-15"                 [_thread_blocked, id=18144, stack(0x000000203be00000,0x000000203bf00000) (1024K)]
  0x000001281129eec0 JavaThread "pool-29-thread-16"                 [_thread_blocked, id=2060, stack(0x000000203bf00000,0x000000203c000000) (1024K)]
  0x00000128112a0900 JavaThread "pool-30-thread-1"                  [_thread_blocked, id=10092, stack(0x000000203c000000,0x000000203c100000) (1024K)]
  0x000001281129e830 JavaThread "pool-30-thread-2"                  [_thread_blocked, id=20812, stack(0x000000203c100000,0x000000203c200000) (1024K)]
  0x000001281129db10 JavaThread "pool-30-thread-3"                  [_thread_blocked, id=26672, stack(0x000000203c200000,0x000000203c300000) (1024K)]
  0x00000128112a0f90 JavaThread "pool-30-thread-4"                  [_thread_blocked, id=16200, stack(0x000000203c300000,0x000000203c400000) (1024K)]
  0x00000128112a1620 JavaThread "pool-30-thread-5"                  [_thread_blocked, id=17872, stack(0x000000203c400000,0x000000203c500000) (1024K)]
  0x000001281129f550 JavaThread "pool-30-thread-6"                  [_thread_blocked, id=18000, stack(0x000000203c500000,0x000000203c600000) (1024K)]
  0x000001281129e1a0 JavaThread "pool-30-thread-7"                  [_thread_blocked, id=4116, stack(0x000000203c600000,0x000000203c700000) (1024K)]
  0x00000128112a1cb0 JavaThread "pool-30-thread-8"                  [_thread_blocked, id=8784, stack(0x000000203c700000,0x000000203c800000) (1024K)]
  0x00000128112a2340 JavaThread "pool-30-thread-9"                  [_thread_blocked, id=26900, stack(0x000000203c800000,0x000000203c900000) (1024K)]
  0x00000128112a29d0 JavaThread "pool-30-thread-10"                 [_thread_blocked, id=27880, stack(0x000000203c900000,0x000000203ca00000) (1024K)]
  0x00000128112a3060 JavaThread "pool-30-thread-11"                 [_thread_blocked, id=5076, stack(0x000000203ca00000,0x000000203cb00000) (1024K)]
  0x000001281129fbe0 JavaThread "pool-30-thread-12"                 [_thread_blocked, id=10204, stack(0x000000203cb00000,0x000000203cc00000) (1024K)]
  0x00000128112a36f0 JavaThread "WorkerExecutor Queue Thread 11"        [_thread_blocked, id=10316, stack(0x000000203cc00000,0x000000203cd00000) (1024K)]
  0x00000128112a5130 JavaThread "pool-30-thread-13"                 [_thread_blocked, id=24208, stack(0x000000203cd00000,0x000000203ce00000) (1024K)]
  0x00000128112a3d80 JavaThread "pool-30-thread-14"                 [_thread_blocked, id=1620, stack(0x000000203ce00000,0x000000203cf00000) (1024K)]
  0x00000128112a4410 JavaThread "pool-30-thread-15"                 [_thread_blocked, id=28800, stack(0x000000203cf00000,0x000000203d000000) (1024K)]
  0x00000128112a4aa0 JavaThread "pool-30-thread-16"                 [_thread_blocked, id=19472, stack(0x000000203d000000,0x000000203d100000) (1024K)]
  0x0000012810c02b00 JavaThread "WorkerExecutor Queue Thread 12"        [_thread_blocked, id=30580, stack(0x000000203d100000,0x000000203d200000) (1024K)]
  0x0000012810c003a0 JavaThread "pool-31-thread-1"                  [_thread_blocked, id=28612, stack(0x000000203d200000,0x000000203d300000) (1024K)]
  0x0000012810c01750 JavaThread "pool-31-thread-2"                  [_thread_blocked, id=26808, stack(0x000000203d300000,0x000000203d400000) (1024K)]
  0x0000012810c03820 JavaThread "pool-31-thread-3"                  [_thread_blocked, id=26968, stack(0x000000203d400000,0x000000203d500000) (1024K)]
  0x0000012810c01de0 JavaThread "pool-31-thread-4"                  [_thread_blocked, id=16960, stack(0x000000203d500000,0x000000203d600000) (1024K)]
  0x0000012810c03190 JavaThread "pool-31-thread-5"                  [_thread_blocked, id=17864, stack(0x000000203d600000,0x000000203d700000) (1024K)]
  0x0000012810c03eb0 JavaThread "pool-31-thread-6"                  [_thread_blocked, id=23520, stack(0x000000203d700000,0x000000203d800000) (1024K)]
  0x0000012810c00a30 JavaThread "pool-31-thread-7"                  [_thread_blocked, id=23704, stack(0x000000203d800000,0x000000203d900000) (1024K)]
  0x0000012810c04540 JavaThread "pool-31-thread-8"                  [_thread_blocked, id=19540, stack(0x000000203d900000,0x000000203da00000) (1024K)]
  0x0000012810c010c0 JavaThread "pool-31-thread-9"                  [_thread_blocked, id=18124, stack(0x000000203da00000,0x000000203db00000) (1024K)]
  0x0000012810c07330 JavaThread "pool-31-thread-10"                 [_thread_blocked, id=17632, stack(0x000000203db00000,0x000000203dc00000) (1024K)]
  0x0000012810c08050 JavaThread "pool-31-thread-11"                 [_thread_blocked, id=11052, stack(0x000000203dc00000,0x000000203dd00000) (1024K)]
  0x0000012810c06610 JavaThread "pool-31-thread-12"                 [_thread_blocked, id=5956, stack(0x000000203dd00000,0x000000203de00000) (1024K)]
  0x0000012810c04bd0 JavaThread "pool-31-thread-13"                 [_thread_blocked, id=30160, stack(0x000000203de00000,0x000000203df00000) (1024K)]
  0x0000012810c05260 JavaThread "pool-31-thread-14"                 [_thread_blocked, id=21204, stack(0x000000203df00000,0x000000203e000000) (1024K)]
  0x0000012810c05f80 JavaThread "pool-31-thread-15"                 [_thread_blocked, id=2204, stack(0x000000203e000000,0x000000203e100000) (1024K)]
  0x0000012810c079c0 JavaThread "pool-31-thread-16"                 [_thread_blocked, id=744, stack(0x000000203e100000,0x000000203e200000) (1024K)]
  0x0000012810c08d70 JavaThread "WorkerExecutor Queue Thread 13"        [_thread_blocked, id=14288, stack(0x000000203e200000,0x000000203e300000) (1024K)]
  0x0000012810c058f0 JavaThread "pool-32-thread-1"                  [_thread_blocked, id=24468, stack(0x000000203e300000,0x000000203e400000) (1024K)]
  0x0000012810c09a90 JavaThread "pool-32-thread-2"                  [_thread_blocked, id=13268, stack(0x000000203e400000,0x000000203e500000) (1024K)]
  0x0000012810c09400 JavaThread "pool-32-thread-3"                  [_thread_blocked, id=25972, stack(0x000000203e500000,0x000000203e600000) (1024K)]
  0x0000012810c0a120 JavaThread "pool-32-thread-4"                  [_thread_blocked, id=19032, stack(0x000000203e600000,0x000000203e700000) (1024K)]
  0x0000012810c06ca0 JavaThread "pool-32-thread-5"                  [_thread_blocked, id=22700, stack(0x000000203e700000,0x000000203e800000) (1024K)]
  0x0000012810c0c1f0 JavaThread "pool-32-thread-6"                  [_thread_blocked, id=27436, stack(0x000000203e800000,0x000000203e900000) (1024K)]
  0x0000012810c0bb60 JavaThread "pool-32-thread-7"                  [_thread_blocked, id=4448, stack(0x000000203e900000,0x000000203ea00000) (1024K)]
  0x0000012810c0c880 JavaThread "pool-32-thread-8"                  [_thread_blocked, id=23724, stack(0x000000203ea00000,0x000000203eb00000) (1024K)]
  0x0000012810c0cf10 JavaThread "pool-32-thread-9"                  [_thread_blocked, id=14824, stack(0x000000203eb00000,0x000000203ec00000) (1024K)]
  0x0000012810c0b4d0 JavaThread "pool-32-thread-10"                 [_thread_blocked, id=12020, stack(0x000000203ec00000,0x000000203ed00000) (1024K)]
  0x0000012810c0d5a0 JavaThread "pool-32-thread-11"                 [_thread_blocked, id=30412, stack(0x000000203ed00000,0x000000203ee00000) (1024K)]
  0x0000012810c0dc30 JavaThread "pool-32-thread-12"                 [_thread_blocked, id=4808, stack(0x000000203ee00000,0x000000203ef00000) (1024K)]
  0x0000012810c0ae40 JavaThread "pool-32-thread-13"                 [_thread_blocked, id=13700, stack(0x000000203ef00000,0x000000203f000000) (1024K)]
  0x0000012810c0a7b0 JavaThread "pool-32-thread-14"                 [_thread_blocked, id=19468, stack(0x000000203f000000,0x000000203f100000) (1024K)]
  0x0000012810c0fd00 JavaThread "pool-32-thread-15"                 [_thread_blocked, id=12972, stack(0x000000203f100000,0x000000203f200000) (1024K)]
  0x0000012810c10390 JavaThread "pool-32-thread-16"                 [_thread_blocked, id=16224, stack(0x000000203f200000,0x000000203f300000) (1024K)]
  0x0000012810c02470 JavaThread "pool-33-thread-1"                  [_thread_blocked, id=27144, stack(0x000000203f300000,0x000000203f400000) (1024K)]
  0x0000012810c10a20 JavaThread "pool-33-thread-2"                  [_thread_blocked, id=17704, stack(0x000000203f400000,0x000000203f500000) (1024K)]
  0x0000012810c110b0 JavaThread "pool-33-thread-3"                  [_thread_blocked, id=5504, stack(0x000000203f500000,0x000000203f600000) (1024K)]
  0x0000012810c11740 JavaThread "pool-33-thread-4"                  [_thread_blocked, id=11304, stack(0x000000203f600000,0x000000203f700000) (1024K)]
  0x0000012810c0e2c0 JavaThread "pool-33-thread-5"                  [_thread_blocked, id=3108, stack(0x000000203f700000,0x000000203f800000) (1024K)]
  0x0000012810c11dd0 JavaThread "pool-33-thread-6"                  [_thread_blocked, id=7524, stack(0x000000203f800000,0x000000203f900000) (1024K)]
  0x0000012810c0e950 JavaThread "pool-33-thread-7"                  [_thread_blocked, id=11032, stack(0x000000203f900000,0x000000203fa00000) (1024K)]
  0x0000012810c12460 JavaThread "pool-33-thread-8"                  [_thread_blocked, id=8500, stack(0x000000203fa00000,0x000000203fb00000) (1024K)]
  0x0000012810c0efe0 JavaThread "pool-33-thread-9"                  [_thread_blocked, id=2172, stack(0x000000203fb00000,0x000000203fc00000) (1024K)]
  0x0000012810c12af0 JavaThread "pool-33-thread-10"                 [_thread_blocked, id=13924, stack(0x000000203fc00000,0x000000203fd00000) (1024K)]
  0x0000012810c0f670 JavaThread "pool-33-thread-11"                 [_thread_blocked, id=30464, stack(0x000000203fd00000,0x000000203fe00000) (1024K)]
  0x0000012810c15f70 JavaThread "pool-33-thread-12"                 [_thread_blocked, id=17752, stack(0x000000203fe00000,0x000000203ff00000) (1024K)]
  0x0000012810c13180 JavaThread "pool-33-thread-13"                 [_thread_blocked, id=25828, stack(0x000000203ff00000,0x0000002040000000) (1024K)]
  0x0000012810c14530 JavaThread "pool-33-thread-14"                 [_thread_blocked, id=4412, stack(0x0000002040000000,0x0000002040100000) (1024K)]
  0x0000012810c13ea0 JavaThread "pool-33-thread-15"                 [_thread_blocked, id=27236, stack(0x0000002040100000,0x0000002040200000) (1024K)]
  0x0000012810c16600 JavaThread "pool-33-thread-16"                 [_thread_blocked, id=8944, stack(0x0000002040200000,0x0000002040300000) (1024K)]
  0x0000012810c15250 JavaThread "WorkerExecutor Queue Thread 14"        [_thread_blocked, id=21420, stack(0x0000002040300000,0x0000002040400000) (1024K)]
  0x0000012810c14bc0 JavaThread "WorkerExecutor Queue Thread 15"        [_thread_blocked, id=9040, stack(0x0000002040400000,0x0000002040500000) (1024K)]
  0x0000012810c16c90 JavaThread "pool-34-thread-1"                  [_thread_blocked, id=7092, stack(0x0000002040500000,0x0000002040600000) (1024K)]
  0x0000012810c158e0 JavaThread "pool-34-thread-2"                  [_thread_blocked, id=30068, stack(0x0000002040600000,0x0000002040700000) (1024K)]
  0x0000012810c13810 JavaThread "pool-34-thread-3"                  [_thread_blocked, id=1408, stack(0x0000002040700000,0x0000002040800000) (1024K)]
  0x0000012810c17320 JavaThread "pool-34-thread-4"                  [_thread_blocked, id=24292, stack(0x0000002040800000,0x0000002040900000) (1024K)]
  0x0000012810c179b0 JavaThread "pool-34-thread-5"                  [_thread_blocked, id=17736, stack(0x0000002040900000,0x0000002040a00000) (1024K)]
  0x0000012810c186d0 JavaThread "pool-34-thread-6"                  [_thread_blocked, id=26404, stack(0x0000002040a00000,0x0000002040b00000) (1024K)]
  0x0000012810c18040 JavaThread "pool-34-thread-7"                  [_thread_blocked, id=29556, stack(0x0000002040b00000,0x0000002040c00000) (1024K)]
  0x0000012810c19a80 JavaThread "pool-34-thread-8"                  [_thread_blocked, id=18596, stack(0x0000002040c00000,0x0000002040d00000) (1024K)]
  0x0000012810c193f0 JavaThread "pool-34-thread-9"                  [_thread_blocked, id=28500, stack(0x0000002040d00000,0x0000002040e00000) (1024K)]
  0x0000012810c18d60 JavaThread "pool-34-thread-10"                 [_thread_blocked, id=6820, stack(0x0000002040e00000,0x0000002040f00000) (1024K)]
  0x0000012810c1a110 JavaThread "pool-34-thread-11"                 [_thread_blocked, id=20084, stack(0x0000002040f00000,0x0000002041000000) (1024K)]
  0x0000012810c1b4c0 JavaThread "pool-34-thread-12"                 [_thread_blocked, id=15276, stack(0x0000002041000000,0x0000002041100000) (1024K)]
  0x0000012810c1d590 JavaThread "pool-34-thread-13"                 [_thread_blocked, id=27520, stack(0x0000002041100000,0x0000002041200000) (1024K)]
  0x0000012810c1dc20 JavaThread "pool-34-thread-14"                 [_thread_blocked, id=19548, stack(0x0000002041200000,0x0000002041300000) (1024K)]
  0x0000012810c1ae30 JavaThread "pool-34-thread-15"                 [_thread_blocked, id=2756, stack(0x0000002041300000,0x0000002041400000) (1024K)]
  0x0000012810c1cf00 JavaThread "pool-34-thread-16"                 [_thread_blocked, id=13476, stack(0x0000002041400000,0x0000002041500000) (1024K)]
  0x0000012810c1bb50 JavaThread "WorkerExecutor Queue Thread 16"        [_thread_blocked, id=14400, stack(0x0000002041500000,0x0000002041600000) (1024K)]
  0x0000012810c1c1e0 JavaThread "pool-35-thread-1"                  [_thread_blocked, id=11376, stack(0x0000002041600000,0x0000002041700000) (1024K)]
  0x0000012810c1c870 JavaThread "pool-35-thread-2"                  [_thread_blocked, id=420, stack(0x0000002041700000,0x0000002041800000) (1024K)]
  0x0000012810c1a7a0 JavaThread "pool-35-thread-3"                  [_thread_blocked, id=9420, stack(0x0000002041800000,0x0000002041900000) (1024K)]
  0x0000012810c1e2b0 JavaThread "pool-35-thread-4"                  [_thread_blocked, id=28952, stack(0x0000002041900000,0x0000002041a00000) (1024K)]
  0x0000012810c1e940 JavaThread "pool-35-thread-5"                  [_thread_blocked, id=9044, stack(0x0000002041a00000,0x0000002041b00000) (1024K)]
  0x0000012810c1efd0 JavaThread "pool-35-thread-6"                  [_thread_blocked, id=4332, stack(0x0000002041b00000,0x0000002041c00000) (1024K)]
  0x00000127c3965fb0 JavaThread "pool-35-thread-7"                  [_thread_blocked, id=12588, stack(0x0000002041c00000,0x0000002041d00000) (1024K)]
  0x0000012825faedb0 JavaThread "pool-35-thread-8"                  [_thread_blocked, id=27244, stack(0x0000002041d00000,0x0000002041e00000) (1024K)]
  0x0000012825faf440 JavaThread "pool-35-thread-9"                  [_thread_blocked, id=29912, stack(0x0000002041e00000,0x0000002041f00000) (1024K)]
  0x0000012825fafad0 JavaThread "pool-35-thread-10"                 [_thread_blocked, id=11328, stack(0x0000002041f00000,0x0000002042000000) (1024K)]
  0x0000012825fae090 JavaThread "pool-35-thread-11"                 [_thread_blocked, id=7972, stack(0x0000002042000000,0x0000002042100000) (1024K)]
  0x0000012825fb0160 JavaThread "pool-35-thread-12"                 [_thread_blocked, id=16244, stack(0x0000002042100000,0x0000002042200000) (1024K)]
  0x0000012825fb07f0 JavaThread "pool-35-thread-13"                 [_thread_blocked, id=16888, stack(0x0000002042200000,0x0000002042300000) (1024K)]
  0x0000012825fb0e80 JavaThread "pool-35-thread-14"                 [_thread_blocked, id=28720, stack(0x0000002042300000,0x0000002042400000) (1024K)]
  0x0000012825fb1ba0 JavaThread "pool-35-thread-15"                 [_thread_blocked, id=4548, stack(0x0000002042400000,0x0000002042500000) (1024K)]
  0x0000012825fb1510 JavaThread "pool-35-thread-16"                 [_thread_blocked, id=3688, stack(0x0000002042500000,0x0000002042600000) (1024K)]
  0x0000012825fae720 JavaThread "pool-36-thread-1"                  [_thread_blocked, id=2504, stack(0x0000002042600000,0x0000002042700000) (1024K)]
  0x0000012825fb2230 JavaThread "pool-36-thread-2"                  [_thread_blocked, id=12300, stack(0x0000002042700000,0x0000002042800000) (1024K)]
  0x0000012825fb56b0 JavaThread "pool-36-thread-3"                  [_thread_blocked, id=16652, stack(0x0000002042800000,0x0000002042900000) (1024K)]
  0x0000012825fb2f50 JavaThread "pool-36-thread-4"                  [_thread_blocked, id=4848, stack(0x0000002042900000,0x0000002042a00000) (1024K)]
  0x0000012825fb5020 JavaThread "pool-36-thread-5"                  [_thread_blocked, id=7828, stack(0x0000002042a00000,0x0000002042b00000) (1024K)]
  0x0000012825fb35e0 JavaThread "pool-36-thread-6"                  [_thread_blocked, id=17676, stack(0x0000002042b00000,0x0000002042c00000) (1024K)]
  0x0000012825fb5d40 JavaThread "pool-36-thread-7"                  [_thread_blocked, id=7560, stack(0x0000002042c00000,0x0000002042d00000) (1024K)]
  0x0000012825fb3c70 JavaThread "pool-36-thread-8"                  [_thread_blocked, id=16600, stack(0x0000002042d00000,0x0000002042e00000) (1024K)]
  0x0000012825fb28c0 JavaThread "pool-36-thread-9"                  [_thread_blocked, id=18984, stack(0x0000002042e00000,0x0000002042f00000) (1024K)]
  0x0000012825fb4990 JavaThread "pool-36-thread-10"                 [_thread_blocked, id=24748, stack(0x0000002042f00000,0x0000002043000000) (1024K)]
  0x0000012825fb63d0 JavaThread "pool-36-thread-11"                 [_thread_blocked, id=16984, stack(0x0000002043000000,0x0000002043100000) (1024K)]
  0x0000012825fb4300 JavaThread "pool-36-thread-12"                 [_thread_blocked, id=13744, stack(0x0000002043100000,0x0000002043200000) (1024K)]
  0x0000012825fb8b30 JavaThread "pool-36-thread-13"                 [_thread_blocked, id=14292, stack(0x0000002043200000,0x0000002043300000) (1024K)]
  0x0000012825fb9ee0 JavaThread "pool-36-thread-14"                 [_thread_blocked, id=7920, stack(0x0000002043300000,0x0000002043400000) (1024K)]
  0x0000012825fb70f0 JavaThread "pool-36-thread-15"                 [_thread_blocked, id=16492, stack(0x0000002043400000,0x0000002043500000) (1024K)]
  0x0000012825fb91c0 JavaThread "pool-36-thread-16"                 [_thread_blocked, id=24776, stack(0x0000002043500000,0x0000002043600000) (1024K)]
  0x0000012825fb6a60 JavaThread "pool-37-thread-1"                  [_thread_blocked, id=9356, stack(0x0000002043600000,0x0000002043700000) (1024K)]
  0x0000012825fba570 JavaThread "pool-37-thread-2"                  [_thread_blocked, id=28908, stack(0x0000002043700000,0x0000002043800000) (1024K)]
  0x0000012825fb7e10 JavaThread "pool-37-thread-3"                  [_thread_blocked, id=6112, stack(0x0000002043800000,0x0000002043900000) (1024K)]
  0x0000012825fb9850 JavaThread "pool-37-thread-4"                  [_thread_blocked, id=20072, stack(0x0000002043900000,0x0000002043a00000) (1024K)]
  0x0000012825fbac00 JavaThread "pool-37-thread-5"                  [_thread_blocked, id=12816, stack(0x0000002043a00000,0x0000002043b00000) (1024K)]
  0x0000012825fb84a0 JavaThread "pool-37-thread-6"                  [_thread_blocked, id=23772, stack(0x0000002043b00000,0x0000002043c00000) (1024K)]
  0x0000012825fb7780 JavaThread "pool-37-thread-7"                  [_thread_blocked, id=9816, stack(0x0000002043c00000,0x0000002043d00000) (1024K)]
  0x0000012825fbbfb0 JavaThread "pool-37-thread-8"                  [_thread_blocked, id=20008, stack(0x0000002043d00000,0x0000002043e00000) (1024K)]
  0x0000012825fbb290 JavaThread "pool-37-thread-9"                  [_thread_blocked, id=17624, stack(0x0000002043e00000,0x0000002043f00000) (1024K)]
  0x0000012825fbd360 JavaThread "pool-37-thread-10"                 [_thread_blocked, id=5776, stack(0x0000002043f00000,0x0000002044000000) (1024K)]
  0x0000012825fbc640 JavaThread "pool-37-thread-11"                 [_thread_blocked, id=27492, stack(0x0000002044000000,0x0000002044100000) (1024K)]
  0x0000012825fbccd0 JavaThread "pool-37-thread-12"                 [_thread_blocked, id=18776, stack(0x0000002044100000,0x0000002044200000) (1024K)]
  0x0000012825fbb920 JavaThread "pool-37-thread-13"                 [_thread_blocked, id=18196, stack(0x0000002044200000,0x0000002044300000) (1024K)]
  0x000001280eeb4cb0 JavaThread "pool-37-thread-14"                 [_thread_blocked, id=20336, stack(0x0000002044300000,0x0000002044400000) (1024K)]
  0x000001280eeb6060 JavaThread "pool-37-thread-15"                 [_thread_blocked, id=27788, stack(0x0000002044400000,0x0000002044500000) (1024K)]
  0x000001280eeb3900 JavaThread "pool-37-thread-16"                 [_thread_blocked, id=26364, stack(0x0000002044500000,0x0000002044600000) (1024K)]
Total: 422

Other Threads:
=>0x00000127c02b06e0 VMThread "VM Thread"                           [id=20896, stack(0x0000002028e00000,0x0000002028f00000) (1024K)]
  0x00000127c02a1400 WatcherThread "VM Periodic Task Thread"        [id=29328, stack(0x0000002028d00000,0x0000002028e00000) (1024K)]
  0x000001279e4901a0 WorkerThread "GC Thread#0"                     [id=13128, stack(0x0000002028800000,0x0000002028900000) (1024K)]
  0x00000128095de970 WorkerThread "GC Thread#1"                     [id=19644, stack(0x0000002029f00000,0x000000202a000000) (1024K)]
  0x00000128095ded10 WorkerThread "GC Thread#2"                     [id=26172, stack(0x000000202a000000,0x000000202a100000) (1024K)]
  0x00000127c3c8a890 WorkerThread "GC Thread#3"                     [id=7608, stack(0x000000202a100000,0x000000202a200000) (1024K)]
  0x00000127c3c8ac30 WorkerThread "GC Thread#4"                     [id=16556, stack(0x000000202a200000,0x000000202a300000) (1024K)]
  0x000001280d7bf5a0 WorkerThread "GC Thread#5"                     [id=3320, stack(0x000000202b000000,0x000000202b100000) (1024K)]
  0x000001280d7bf200 WorkerThread "GC Thread#6"                     [id=26488, stack(0x000000202b100000,0x000000202b200000) (1024K)]
  0x000001280d7bfce0 WorkerThread "GC Thread#7"                     [id=30292, stack(0x000000202b200000,0x000000202b300000) (1024K)]
  0x000001280d7bf940 WorkerThread "GC Thread#8"                     [id=5164, stack(0x000000202b300000,0x000000202b400000) (1024K)]
  0x000001280d7c0b60 WorkerThread "GC Thread#9"                     [id=22872, stack(0x000000202b400000,0x000000202b500000) (1024K)]
  0x000001280d7c0080 WorkerThread "GC Thread#10"                    [id=29320, stack(0x000000202b500000,0x000000202b600000) (1024K)]
  0x000001280d7c0420 WorkerThread "GC Thread#11"                    [id=26324, stack(0x000000202b600000,0x000000202b700000) (1024K)]
  0x000001280dd7a240 WorkerThread "GC Thread#12"                    [id=21624, stack(0x000000202b700000,0x000000202b800000) (1024K)]
  0x00000127c0122010 ConcurrentGCThread "G1 Main Marker"            [id=4900, stack(0x0000002028900000,0x0000002028a00000) (1024K)]
  0x00000127c01238d0 WorkerThread "G1 Conc#0"                       [id=23356, stack(0x0000002028a00000,0x0000002028b00000) (1024K)]
  0x000001280dd78540 WorkerThread "G1 Conc#1"                       [id=29772, stack(0x000000202b800000,0x000000202b900000) (1024K)]
  0x000001280dd79ea0 WorkerThread "G1 Conc#2"                       [id=19052, stack(0x000000202b900000,0x000000202ba00000) (1024K)]
  0x00000127c0170bc0 ConcurrentGCThread "G1 Refine#0"               [id=17652, stack(0x0000002028b00000,0x0000002028c00000) (1024K)]
  0x00000127c01733f0 ConcurrentGCThread "G1 Service"                [id=25676, stack(0x0000002028c00000,0x0000002028d00000) (1024K)]
Total: 21

Threads with active compile tasks:
Total: 0

VM state: at safepoint (normal execution)

VM Mutex/Monitor currently owned by a thread:  ([mutex/lock_event])
[0x00007ffdf60ede98] Threads_lock - owner thread: 0x00000127c02b06e0
[0x00007ffdf60edf98] Heap_lock - owner thread: 0x00000127c0122010

Heap address: 0x0000000600000000, size: 8192 MB, Compressed Oops mode: Zero based, Oop shift amount: 3

CDS archive(s) mapped at: [0x00000127c4000000-0x00000127c4c90000-0x00000127c4c90000), size 13172736, SharedBaseAddress: 0x00000127c4000000, ArchiveRelocationMode: 1.
Compressed class space mapped at: 0x00000127c5000000-0x0000012805000000, reserved size: 1073741824
Narrow klass base: 0x00000127c4000000, Narrow klass shift: 0, Narrow klass range: 0x100000000

GC Precious Log:
 CardTable entry size: 512
 Card Set container configuration: InlinePtr #cards 4 size 8 Array Of Cards #cards 32 size 80 Howl #buckets 8 coarsen threshold 7372 Howl Bitmap #cards 1024 size 144 coarsen threshold 921 Card regions per heap region 1 cards per card region 8192
 CPUs: 16 total, 16 available
 Memory: 14004M
 Large Page Support: Disabled
 NUMA Support: Disabled
 Compressed Oops: Enabled (Zero based)
 Heap Region Size: 4M
 Heap Min Capacity: 8M
 Heap Initial Capacity: 220M
 Heap Max Capacity: 8G
 Pre-touch: Disabled
 Parallel Workers: 13
 Concurrent Workers: 3
 Concurrent Refinement Workers: 13
 Periodic GC: Disabled

Heap:
 garbage-first heap   total 4280320K, used 3444736K [0x0000000600000000, 0x0000000800000000)
  region size 4096K, 368 young (1507328K), 6 survivors (24576K)
 Metaspace       used 107638K, committed 110656K, reserved 1179648K
  class space    used 14440K, committed 15936K, reserved 1048576K

Heap Regions: E=young(eden), S=young(survivor), O=old, HS=humongous(starts), HC=humongous(continues), CS=collection set, F=free, TAMS=top-at-mark-start, PB=parsable bottom
|   0|0x0000000600000000, 0x0000000600400000, 0x0000000600400000|100%|HS|  |TAMS 0x0000000600400000| PB 0x0000000600000000| Complete 
|   1|0x0000000600400000, 0x0000000600800000, 0x0000000600800000|100%| O|  |TAMS 0x0000000600800000| PB 0x0000000600800000| Untracked 
|   2|0x0000000600800000, 0x0000000600c00000, 0x0000000600c00000|100%| O|  |TAMS 0x0000000600c00000| PB 0x0000000600c00000| Untracked 
|   3|0x0000000600c00000, 0x0000000601000000, 0x0000000601000000|100%| O|  |TAMS 0x0000000601000000| PB 0x0000000601000000| Untracked 
|   4|0x0000000601000000, 0x0000000601400000, 0x0000000601400000|100%| O|  |TAMS 0x0000000601400000| PB 0x0000000601400000| Untracked 
|   5|0x0000000601400000, 0x0000000601800000, 0x0000000601800000|100%| O|  |TAMS 0x0000000601800000| PB 0x0000000601800000| Untracked 
|   6|0x0000000601800000, 0x0000000601c00000, 0x0000000601c00000|100%| O|  |TAMS 0x0000000601c00000| PB 0x0000000601c00000| Untracked 
|   7|0x0000000601c00000, 0x0000000602000000, 0x0000000602000000|100%| O|  |TAMS 0x0000000602000000| PB 0x0000000602000000| Untracked 
|   8|0x0000000602000000, 0x0000000602400000, 0x0000000602400000|100%| O|  |TAMS 0x0000000602400000| PB 0x0000000602400000| Untracked 
|   9|0x0000000602400000, 0x0000000602800000, 0x0000000602800000|100%| O|  |TAMS 0x0000000602800000| PB 0x0000000602800000| Untracked 
|  10|0x0000000602800000, 0x0000000602c00000, 0x0000000602c00000|100%| O|  |TAMS 0x0000000602c00000| PB 0x0000000602c00000| Untracked 
|  11|0x0000000602c00000, 0x0000000603000000, 0x0000000603000000|100%| O|  |TAMS 0x0000000603000000| PB 0x0000000603000000| Untracked 
|  12|0x0000000603000000, 0x0000000603400000, 0x0000000603400000|100%| O|  |TAMS 0x0000000603400000| PB 0x0000000603400000| Untracked 
|  13|0x0000000603400000, 0x0000000603800000, 0x0000000603800000|100%| O|  |TAMS 0x0000000603800000| PB 0x0000000603800000| Untracked 
|  14|0x0000000603800000, 0x0000000603c00000, 0x0000000603c00000|100%| O|  |TAMS 0x0000000603c00000| PB 0x0000000603c00000| Untracked 
|  15|0x0000000603c00000, 0x0000000604000000, 0x0000000604000000|100%| O|  |TAMS 0x0000000604000000| PB 0x0000000604000000| Untracked 
|  16|0x0000000604000000, 0x0000000604400000, 0x0000000604400000|100%| O|  |TAMS 0x0000000604400000| PB 0x0000000604400000| Untracked 
|  17|0x0000000604400000, 0x0000000604800000, 0x0000000604800000|100%| O|  |TAMS 0x0000000604800000| PB 0x0000000604800000| Untracked 
|  18|0x0000000604800000, 0x0000000604c00000, 0x0000000604c00000|100%| O|  |TAMS 0x0000000604c00000| PB 0x0000000604c00000| Untracked 
|  19|0x0000000604c00000, 0x0000000605000000, 0x0000000605000000|100%| O|  |TAMS 0x0000000605000000| PB 0x0000000605000000| Updating 
|  20|0x0000000605000000, 0x0000000605400000, 0x0000000605400000|100%| O|  |TAMS 0x0000000605400000| PB 0x0000000605400000| Untracked 
|  21|0x0000000605400000, 0x0000000605800000, 0x0000000605800000|100%| O|  |TAMS 0x0000000605800000| PB 0x0000000605800000| Untracked 
|  22|0x0000000605800000, 0x0000000605c00000, 0x0000000605c00000|100%| O|  |TAMS 0x0000000605c00000| PB 0x0000000605c00000| Untracked 
|  23|0x0000000605c00000, 0x0000000606000000, 0x0000000606000000|100%| O|  |TAMS 0x0000000606000000| PB 0x0000000606000000| Untracked 
|  24|0x0000000606000000, 0x0000000606400000, 0x0000000606400000|100%| O|  |TAMS 0x0000000606400000| PB 0x0000000606400000| Untracked 
|  25|0x0000000606400000, 0x0000000606800000, 0x0000000606800000|100%| O|  |TAMS 0x0000000606800000| PB 0x0000000606800000| Untracked 
|  26|0x0000000606800000, 0x0000000606c00000, 0x0000000606c00000|100%| O|  |TAMS 0x0000000606c00000| PB 0x0000000606c00000| Updating 
|  27|0x0000000606c00000, 0x0000000607000000, 0x0000000607000000|100%| O|  |TAMS 0x0000000607000000| PB 0x0000000607000000| Untracked 
|  28|0x0000000607000000, 0x0000000607400000, 0x0000000607400000|100%| O|  |TAMS 0x0000000607400000| PB 0x0000000607400000| Untracked 
|  29|0x0000000607400000, 0x0000000607800000, 0x0000000607800000|100%| O|  |TAMS 0x0000000607800000| PB 0x0000000607800000| Untracked 
|  30|0x0000000607800000, 0x0000000607c00000, 0x0000000607c00000|100%| O|  |TAMS 0x0000000607c00000| PB 0x0000000607c00000| Updating 
|  31|0x0000000607c00000, 0x0000000608000000, 0x0000000608000000|100%| O|  |TAMS 0x0000000608000000| PB 0x0000000608000000| Updating 
|  32|0x0000000608000000, 0x0000000608400000, 0x0000000608400000|100%| O|  |TAMS 0x0000000608400000| PB 0x0000000608400000| Updating 
|  33|0x0000000608400000, 0x0000000608800000, 0x0000000608800000|100%| O|  |TAMS 0x0000000608800000| PB 0x0000000608800000| Updating 
|  34|0x0000000608800000, 0x0000000608c00000, 0x0000000608c00000|100%| O|  |TAMS 0x0000000608c00000| PB 0x0000000608c00000| Updating 
|  35|0x0000000608c00000, 0x0000000609000000, 0x0000000609000000|100%| O|  |TAMS 0x0000000609000000| PB 0x0000000609000000| Untracked 
|  36|0x0000000609000000, 0x0000000609400000, 0x0000000609400000|100%| O|  |TAMS 0x0000000609400000| PB 0x0000000609400000| Untracked 
|  37|0x0000000609400000, 0x0000000609800000, 0x0000000609800000|100%| O|  |TAMS 0x0000000609800000| PB 0x0000000609800000| Untracked 
|  38|0x0000000609800000, 0x0000000609c00000, 0x0000000609c00000|100%| O|  |TAMS 0x0000000609c00000| PB 0x0000000609c00000| Untracked 
|  39|0x0000000609c00000, 0x000000060a000000, 0x000000060a000000|100%| O|  |TAMS 0x000000060a000000| PB 0x000000060a000000| Updating 
|  40|0x000000060a000000, 0x000000060a400000, 0x000000060a400000|100%| O|  |TAMS 0x000000060a400000| PB 0x000000060a400000| Updating 
|  41|0x000000060a400000, 0x000000060a800000, 0x000000060a800000|100%| O|  |TAMS 0x000000060a800000| PB 0x000000060a800000| Untracked 
|  42|0x000000060a800000, 0x000000060ac00000, 0x000000060ac00000|100%| O|  |TAMS 0x000000060ac00000| PB 0x000000060ac00000| Untracked 
|  43|0x000000060ac00000, 0x000000060b000000, 0x000000060b000000|100%| O|  |TAMS 0x000000060b000000| PB 0x000000060b000000| Untracked 
|  44|0x000000060b000000, 0x000000060b400000, 0x000000060b400000|100%| O|  |TAMS 0x000000060b400000| PB 0x000000060b400000| Updating 
|  45|0x000000060b400000, 0x000000060b800000, 0x000000060b800000|100%| O|  |TAMS 0x000000060b800000| PB 0x000000060b800000| Untracked 
|  46|0x000000060b800000, 0x000000060bc00000, 0x000000060bc00000|100%| O|  |TAMS 0x000000060bc00000| PB 0x000000060bc00000| Untracked 
|  47|0x000000060bc00000, 0x000000060c000000, 0x000000060c000000|100%| O|  |TAMS 0x000000060c000000| PB 0x000000060c000000| Untracked 
|  48|0x000000060c000000, 0x000000060c400000, 0x000000060c400000|100%| O|  |TAMS 0x000000060c400000| PB 0x000000060c400000| Updating 
|  49|0x000000060c400000, 0x000000060c800000, 0x000000060c800000|100%| O|  |TAMS 0x000000060c800000| PB 0x000000060c800000| Untracked 
|  50|0x000000060c800000, 0x000000060cc00000, 0x000000060cc00000|100%| O|  |TAMS 0x000000060cc00000| PB 0x000000060cc00000| Untracked 
|  51|0x000000060cc00000, 0x000000060d000000, 0x000000060d000000|100%| O|  |TAMS 0x000000060d000000| PB 0x000000060d000000| Untracked 
|  52|0x000000060d000000, 0x000000060d400000, 0x000000060d400000|100%| O|  |TAMS 0x000000060d400000| PB 0x000000060d400000| Updating 
|  53|0x000000060d400000, 0x000000060d800000, 0x000000060d800000|100%| O|  |TAMS 0x000000060d800000| PB 0x000000060d800000| Updating 
|  54|0x000000060d800000, 0x000000060dc00000, 0x000000060dc00000|100%| O|  |TAMS 0x000000060dc00000| PB 0x000000060dc00000| Untracked 
|  55|0x000000060dc00000, 0x000000060e000000, 0x000000060e000000|100%| O|  |TAMS 0x000000060e000000| PB 0x000000060e000000| Untracked 
|  56|0x000000060e000000, 0x000000060e400000, 0x000000060e400000|100%| O|  |TAMS 0x000000060e400000| PB 0x000000060e400000| Untracked 
|  57|0x000000060e400000, 0x000000060e800000, 0x000000060e800000|100%| O|  |TAMS 0x000000060e800000| PB 0x000000060e800000| Updating 
|  58|0x000000060e800000, 0x000000060ec00000, 0x000000060ec00000|100%| O|  |TAMS 0x000000060ec00000| PB 0x000000060ec00000| Updating 
|  59|0x000000060ec00000, 0x000000060f000000, 0x000000060f000000|100%| O|  |TAMS 0x000000060f000000| PB 0x000000060f000000| Updating 
|  60|0x000000060f000000, 0x000000060f400000, 0x000000060f400000|100%| O|  |TAMS 0x000000060f400000| PB 0x000000060f400000| Updating 
|  61|0x000000060f400000, 0x000000060f800000, 0x000000060f800000|100%| O|  |TAMS 0x000000060f800000| PB 0x000000060f800000| Updating 
|  62|0x000000060f800000, 0x000000060fc00000, 0x000000060fc00000|100%| O|  |TAMS 0x000000060f800000| PB 0x000000060f800000| Untracked 
|  63|0x000000060fc00000, 0x0000000610000000, 0x0000000610000000|100%| O|  |TAMS 0x0000000610000000| PB 0x0000000610000000| Untracked 
|  64|0x0000000610000000, 0x0000000610400000, 0x0000000610400000|100%| O|  |TAMS 0x0000000610400000| PB 0x0000000610400000| Updating 
|  65|0x0000000610400000, 0x0000000610800000, 0x0000000610800000|100%| O|  |TAMS 0x0000000610800000| PB 0x0000000610800000| Updating 
|  66|0x0000000610800000, 0x0000000610c00000, 0x0000000610c00000|100%| O|  |TAMS 0x0000000610c00000| PB 0x0000000610c00000| Untracked 
|  67|0x0000000610c00000, 0x0000000611000000, 0x0000000611000000|100%| O|  |TAMS 0x0000000610c00000| PB 0x0000000610c00000| Untracked 
|  68|0x0000000611000000, 0x0000000611400000, 0x0000000611400000|100%| O|  |TAMS 0x0000000611400000| PB 0x0000000611400000| Updating 
|  69|0x0000000611400000, 0x0000000611800000, 0x0000000611800000|100%|HS|  |TAMS 0x0000000611800000| PB 0x0000000611400000| Complete 
|  70|0x0000000611800000, 0x0000000611c00000, 0x0000000611c00000|100%| O|  |TAMS 0x0000000611c00000| PB 0x0000000611c00000| Updating 
|  71|0x0000000611c00000, 0x0000000612000000, 0x0000000612000000|100%| O|  |TAMS 0x0000000612000000| PB 0x0000000612000000| Updating 
|  72|0x0000000612000000, 0x0000000612400000, 0x0000000612400000|100%|HS|  |TAMS 0x0000000612400000| PB 0x0000000612000000| Complete 
|  73|0x0000000612400000, 0x0000000612800000, 0x0000000612800000|100%|HS|  |TAMS 0x0000000612800000| PB 0x0000000612400000| Complete 
|  74|0x0000000612800000, 0x0000000612c00000, 0x0000000612c00000|100%|HS|  |TAMS 0x0000000612c00000| PB 0x0000000612800000| Complete 
|  75|0x0000000612c00000, 0x0000000613000000, 0x0000000613000000|100%|HS|  |TAMS 0x0000000613000000| PB 0x0000000612c00000| Complete 
|  76|0x0000000613000000, 0x0000000613400000, 0x0000000613400000|100%|HS|  |TAMS 0x0000000613400000| PB 0x0000000613000000| Complete 
|  77|0x0000000613400000, 0x0000000613800000, 0x0000000613800000|100%|HS|  |TAMS 0x0000000613800000| PB 0x0000000613400000| Complete 
|  78|0x0000000613800000, 0x0000000613c00000, 0x0000000613c00000|100%| O|  |TAMS 0x0000000613c00000| PB 0x0000000613c00000| Untracked 
|  79|0x0000000613c00000, 0x0000000614000000, 0x0000000614000000|100%| O|  |TAMS 0x0000000614000000| PB 0x0000000614000000| Untracked 
|  80|0x0000000614000000, 0x0000000614400000, 0x0000000614400000|100%| O|  |TAMS 0x0000000614400000| PB 0x0000000614400000| Untracked 
|  81|0x0000000614400000, 0x0000000614800000, 0x0000000614800000|100%| O|  |TAMS 0x0000000614800000| PB 0x0000000614800000| Untracked 
|  82|0x0000000614800000, 0x0000000614c00000, 0x0000000614c00000|100%| O|  |TAMS 0x0000000614c00000| PB 0x0000000614c00000| Updating 
|  83|0x0000000614c00000, 0x0000000615000000, 0x0000000615000000|100%| O|  |TAMS 0x0000000614c00000| PB 0x0000000614c00000| Untracked 
|  84|0x0000000615000000, 0x0000000615400000, 0x0000000615400000|100%| O|  |TAMS 0x0000000615400000| PB 0x0000000615400000| Updating 
|  85|0x0000000615400000, 0x0000000615800000, 0x0000000615800000|100%| O|  |TAMS 0x0000000615400000| PB 0x0000000615400000| Untracked 
|  86|0x0000000615800000, 0x0000000615c00000, 0x0000000615c00000|100%| O|  |TAMS 0x0000000615c00000| PB 0x0000000615c00000| Untracked 
|  87|0x0000000615c00000, 0x0000000616000000, 0x0000000616000000|100%| O|  |TAMS 0x0000000616000000| PB 0x0000000616000000| Updating 
|  88|0x0000000616000000, 0x0000000616400000, 0x0000000616400000|100%| O|  |TAMS 0x0000000616000000| PB 0x0000000616000000| Untracked 
|  89|0x0000000616400000, 0x0000000616800000, 0x0000000616800000|100%| O|  |TAMS 0x0000000616400000| PB 0x0000000616400000| Untracked 
|  90|0x0000000616800000, 0x0000000616c00000, 0x0000000616c00000|100%| O|  |TAMS 0x0000000616c00000| PB 0x0000000616c00000| Untracked 
|  91|0x0000000616c00000, 0x0000000617000000, 0x0000000617000000|100%| O|  |TAMS 0x0000000617000000| PB 0x0000000617000000| Untracked 
|  92|0x0000000617000000, 0x0000000617400000, 0x0000000617400000|100%| O|  |TAMS 0x0000000617400000| PB 0x0000000617400000| Updating 
|  93|0x0000000617400000, 0x0000000617800000, 0x0000000617800000|100%| O|  |TAMS 0x0000000617800000| PB 0x0000000617800000| Updating 
|  94|0x0000000617800000, 0x0000000617c00000, 0x0000000617c00000|100%| O|  |TAMS 0x0000000617c00000| PB 0x0000000617c00000| Updating 
|  95|0x0000000617c00000, 0x0000000618000000, 0x0000000618000000|100%|HS|  |TAMS 0x0000000618000000| PB 0x0000000617c00000| Complete 
|  96|0x0000000618000000, 0x0000000618400000, 0x0000000618400000|100%| O|  |TAMS 0x0000000618400000| PB 0x0000000618400000| Untracked 
|  97|0x0000000618400000, 0x0000000618800000, 0x0000000618800000|100%| O|  |TAMS 0x0000000618800000| PB 0x0000000618800000| Untracked 
|  98|0x0000000618800000, 0x0000000618c00000, 0x0000000618c00000|100%| O|  |TAMS 0x0000000618c00000| PB 0x0000000618c00000| Untracked 
|  99|0x0000000618c00000, 0x0000000619000000, 0x0000000619000000|100%| O|  |TAMS 0x0000000619000000| PB 0x0000000619000000| Untracked 
| 100|0x0000000619000000, 0x0000000619400000, 0x0000000619400000|100%| O|  |TAMS 0x0000000619400000| PB 0x0000000619400000| Untracked 
| 101|0x0000000619400000, 0x0000000619800000, 0x0000000619800000|100%| O|  |TAMS 0x0000000619800000| PB 0x0000000619800000| Untracked 
| 102|0x0000000619800000, 0x0000000619c00000, 0x0000000619c00000|100%| O|  |TAMS 0x0000000619c00000| PB 0x0000000619c00000| Untracked 
| 103|0x0000000619c00000, 0x000000061a000000, 0x000000061a000000|100%| O|  |TAMS 0x000000061a000000| PB 0x000000061a000000| Untracked 
| 104|0x000000061a000000, 0x000000061a400000, 0x000000061a400000|100%| O|  |TAMS 0x000000061a400000| PB 0x000000061a400000| Untracked 
| 105|0x000000061a400000, 0x000000061a800000, 0x000000061a800000|100%| O|  |TAMS 0x000000061a800000| PB 0x000000061a800000| Untracked 
| 106|0x000000061a800000, 0x000000061ac00000, 0x000000061ac00000|100%| O|  |TAMS 0x000000061ac00000| PB 0x000000061ac00000| Untracked 
| 107|0x000000061ac00000, 0x000000061b000000, 0x000000061b000000|100%| O|  |TAMS 0x000000061b000000| PB 0x000000061b000000| Untracked 
| 108|0x000000061b000000, 0x000000061b400000, 0x000000061b400000|100%| O|  |TAMS 0x000000061b400000| PB 0x000000061b400000| Untracked 
| 109|0x000000061b400000, 0x000000061b800000, 0x000000061b800000|100%| O|  |TAMS 0x000000061b800000| PB 0x000000061b800000| Untracked 
| 110|0x000000061b800000, 0x000000061bc00000, 0x000000061bc00000|100%| O|  |TAMS 0x000000061b800000| PB 0x000000061b800000| Untracked 
| 111|0x000000061bc00000, 0x000000061c000000, 0x000000061c000000|100%| O|  |TAMS 0x000000061c000000| PB 0x000000061c000000| Untracked 
| 112|0x000000061c000000, 0x000000061c400000, 0x000000061c400000|100%| O|  |TAMS 0x000000061c000000| PB 0x000000061c000000| Untracked 
| 113|0x000000061c400000, 0x000000061c800000, 0x000000061c800000|100%| O|  |TAMS 0x000000061c800000| PB 0x000000061c800000| Untracked 
| 114|0x000000061c800000, 0x000000061cc00000, 0x000000061cc00000|100%| O|  |TAMS 0x000000061cc00000| PB 0x000000061cc00000| Untracked 
| 115|0x000000061cc00000, 0x000000061d000000, 0x000000061d000000|100%| O|  |TAMS 0x000000061d000000| PB 0x000000061d000000| Untracked 
| 116|0x000000061d000000, 0x000000061d400000, 0x000000061d400000|100%| O|  |TAMS 0x000000061d400000| PB 0x000000061d400000| Untracked 
| 117|0x000000061d400000, 0x000000061d800000, 0x000000061d800000|100%| O|  |TAMS 0x000000061d800000| PB 0x000000061d800000| Untracked 
| 118|0x000000061d800000, 0x000000061dc00000, 0x000000061dc00000|100%| O|  |TAMS 0x000000061dc00000| PB 0x000000061dc00000| Untracked 
| 119|0x000000061dc00000, 0x000000061e000000, 0x000000061e000000|100%| O|  |TAMS 0x000000061e000000| PB 0x000000061e000000| Untracked 
| 120|0x000000061e000000, 0x000000061e400000, 0x000000061e400000|100%| O|  |TAMS 0x000000061e400000| PB 0x000000061e400000| Untracked 
| 121|0x000000061e400000, 0x000000061e800000, 0x000000061e800000|100%| O|  |TAMS 0x000000061e800000| PB 0x000000061e800000| Updating 
| 122|0x000000061e800000, 0x000000061ec00000, 0x000000061ec00000|100%| O|  |TAMS 0x000000061ec00000| PB 0x000000061ec00000| Updating 
| 123|0x000000061ec00000, 0x000000061f000000, 0x000000061f000000|100%| O|  |TAMS 0x000000061f000000| PB 0x000000061f000000| Updating 
| 124|0x000000061f000000, 0x000000061f400000, 0x000000061f400000|100%| O|  |TAMS 0x000000061f400000| PB 0x000000061f400000| Updating 
| 125|0x000000061f400000, 0x000000061f800000, 0x000000061f800000|100%| O|  |TAMS 0x000000061f800000| PB 0x000000061f800000| Updating 
| 126|0x000000061f800000, 0x000000061fc00000, 0x000000061fc00000|100%| O|  |TAMS 0x000000061fc00000| PB 0x000000061fc00000| Untracked 
| 127|0x000000061fc00000, 0x0000000620000000, 0x0000000620000000|100%| O|  |TAMS 0x0000000620000000| PB 0x0000000620000000| Untracked 
| 128|0x0000000620000000, 0x0000000620400000, 0x0000000620400000|100%| O|  |TAMS 0x0000000620400000| PB 0x0000000620400000| Untracked 
| 129|0x0000000620400000, 0x0000000620800000, 0x0000000620800000|100%| O|  |TAMS 0x0000000620800000| PB 0x0000000620800000| Untracked 
| 130|0x0000000620800000, 0x0000000620c00000, 0x0000000620c00000|100%| O|  |TAMS 0x0000000620c00000| PB 0x0000000620c00000| Untracked 
| 131|0x0000000620c00000, 0x0000000621000000, 0x0000000621000000|100%| O|  |TAMS 0x0000000621000000| PB 0x0000000621000000| Updating 
| 132|0x0000000621000000, 0x0000000621400000, 0x0000000621400000|100%| O|  |TAMS 0x0000000621400000| PB 0x0000000621400000| Untracked 
| 133|0x0000000621400000, 0x0000000621800000, 0x0000000621800000|100%| O|  |TAMS 0x0000000621800000| PB 0x0000000621800000| Untracked 
| 134|0x0000000621800000, 0x0000000621c00000, 0x0000000621c00000|100%| O|  |TAMS 0x0000000621c00000| PB 0x0000000621c00000| Untracked 
| 135|0x0000000621c00000, 0x0000000622000000, 0x0000000622000000|100%| O|  |TAMS 0x0000000622000000| PB 0x0000000622000000| Untracked 
| 136|0x0000000622000000, 0x0000000622400000, 0x0000000622400000|100%| O|  |TAMS 0x0000000622400000| PB 0x0000000622400000| Untracked 
| 137|0x0000000622400000, 0x0000000622800000, 0x0000000622800000|100%| O|  |TAMS 0x0000000622800000| PB 0x0000000622800000| Untracked 
| 138|0x0000000622800000, 0x0000000622c00000, 0x0000000622c00000|100%| O|  |TAMS 0x0000000622c00000| PB 0x0000000622c00000| Untracked 
| 139|0x0000000622c00000, 0x0000000623000000, 0x0000000623000000|100%| O|  |TAMS 0x0000000623000000| PB 0x0000000623000000| Untracked 
| 140|0x0000000623000000, 0x0000000623400000, 0x0000000623400000|100%| O|  |TAMS 0x0000000623400000| PB 0x0000000623400000| Untracked 
| 141|0x0000000623400000, 0x0000000623800000, 0x0000000623800000|100%| O|  |TAMS 0x0000000623800000| PB 0x0000000623800000| Untracked 
| 142|0x0000000623800000, 0x0000000623c00000, 0x0000000623c00000|100%| O|  |TAMS 0x0000000623c00000| PB 0x0000000623c00000| Untracked 
| 143|0x0000000623c00000, 0x0000000624000000, 0x0000000624000000|100%| O|  |TAMS 0x0000000624000000| PB 0x0000000624000000| Untracked 
| 144|0x0000000624000000, 0x0000000624400000, 0x0000000624400000|100%| O|  |TAMS 0x0000000624400000| PB 0x0000000624400000| Untracked 
| 145|0x0000000624400000, 0x0000000624800000, 0x0000000624800000|100%| O|  |TAMS 0x0000000624800000| PB 0x0000000624800000| Untracked 
| 146|0x0000000624800000, 0x0000000624c00000, 0x0000000624c00000|100%| O|  |TAMS 0x0000000624c00000| PB 0x0000000624c00000| Untracked 
| 147|0x0000000624c00000, 0x0000000625000000, 0x0000000625000000|100%| O|  |TAMS 0x0000000625000000| PB 0x0000000625000000| Untracked 
| 148|0x0000000625000000, 0x0000000625400000, 0x0000000625400000|100%| O|  |TAMS 0x0000000625400000| PB 0x0000000625400000| Untracked 
| 149|0x0000000625400000, 0x0000000625800000, 0x0000000625800000|100%| O|  |TAMS 0x0000000625800000| PB 0x0000000625800000| Untracked 
| 150|0x0000000625800000, 0x0000000625c00000, 0x0000000625c00000|100%| O|  |TAMS 0x0000000625c00000| PB 0x0000000625c00000| Untracked 
| 151|0x0000000625c00000, 0x0000000626000000, 0x0000000626000000|100%| O|  |TAMS 0x0000000626000000| PB 0x0000000626000000| Untracked 
| 152|0x0000000626000000, 0x0000000626400000, 0x0000000626400000|100%| O|  |TAMS 0x0000000626400000| PB 0x0000000626400000| Untracked 
| 153|0x0000000626400000, 0x0000000626800000, 0x0000000626800000|100%| O|  |TAMS 0x0000000626800000| PB 0x0000000626800000| Untracked 
| 154|0x0000000626800000, 0x0000000626c00000, 0x0000000626c00000|100%| O|  |TAMS 0x0000000626c00000| PB 0x0000000626c00000| Untracked 
| 155|0x0000000626c00000, 0x0000000627000000, 0x0000000627000000|100%| O|  |TAMS 0x0000000627000000| PB 0x0000000627000000| Untracked 
| 156|0x0000000627000000, 0x0000000627400000, 0x0000000627400000|100%| O|  |TAMS 0x0000000627400000| PB 0x0000000627400000| Untracked 
| 157|0x0000000627400000, 0x0000000627800000, 0x0000000627800000|100%| O|  |TAMS 0x0000000627800000| PB 0x0000000627800000| Untracked 
| 158|0x0000000627800000, 0x0000000627c00000, 0x0000000627c00000|100%| O|  |TAMS 0x0000000627c00000| PB 0x0000000627c00000| Untracked 
| 159|0x0000000627c00000, 0x0000000628000000, 0x0000000628000000|100%| O|  |TAMS 0x0000000628000000| PB 0x0000000628000000| Untracked 
| 160|0x0000000628000000, 0x0000000628400000, 0x0000000628400000|100%| O|  |TAMS 0x0000000628400000| PB 0x0000000628400000| Untracked 
| 161|0x0000000628400000, 0x0000000628800000, 0x0000000628800000|100%| O|  |TAMS 0x0000000628800000| PB 0x0000000628800000| Untracked 
| 162|0x0000000628800000, 0x0000000628c00000, 0x0000000628c00000|100%| O|  |TAMS 0x0000000628c00000| PB 0x0000000628c00000| Untracked 
| 163|0x0000000628c00000, 0x0000000629000000, 0x0000000629000000|100%| O|  |TAMS 0x0000000629000000| PB 0x0000000629000000| Untracked 
| 164|0x0000000629000000, 0x0000000629400000, 0x0000000629400000|100%| O|  |TAMS 0x0000000629400000| PB 0x0000000629400000| Untracked 
| 165|0x0000000629400000, 0x0000000629800000, 0x0000000629800000|100%| O|  |TAMS 0x0000000629800000| PB 0x0000000629800000| Untracked 
| 166|0x0000000629800000, 0x0000000629c00000, 0x0000000629c00000|100%| O|  |TAMS 0x0000000629c00000| PB 0x0000000629c00000| Untracked 
| 167|0x0000000629c00000, 0x000000062a000000, 0x000000062a000000|100%| O|  |TAMS 0x000000062a000000| PB 0x000000062a000000| Untracked 
| 168|0x000000062a000000, 0x000000062a400000, 0x000000062a400000|100%| O|  |TAMS 0x000000062a400000| PB 0x000000062a400000| Untracked 
| 169|0x000000062a400000, 0x000000062a800000, 0x000000062a800000|100%| O|  |TAMS 0x000000062a800000| PB 0x000000062a800000| Untracked 
| 170|0x000000062a800000, 0x000000062ac00000, 0x000000062ac00000|100%| O|  |TAMS 0x000000062ac00000| PB 0x000000062ac00000| Untracked 
| 171|0x000000062ac00000, 0x000000062b000000, 0x000000062b000000|100%| O|  |TAMS 0x000000062b000000| PB 0x000000062b000000| Untracked 
| 172|0x000000062b000000, 0x000000062b400000, 0x000000062b400000|100%| O|  |TAMS 0x000000062b400000| PB 0x000000062b400000| Untracked 
| 173|0x000000062b400000, 0x000000062b800000, 0x000000062b800000|100%| O|  |TAMS 0x000000062b800000| PB 0x000000062b800000| Updating 
| 174|0x000000062b800000, 0x000000062bc00000, 0x000000062bc00000|100%| O|  |TAMS 0x000000062bc00000| PB 0x000000062bc00000| Untracked 
| 175|0x000000062bc00000, 0x000000062c000000, 0x000000062c000000|100%| O|  |TAMS 0x000000062c000000| PB 0x000000062c000000| Untracked 
| 176|0x000000062c000000, 0x000000062c400000, 0x000000062c400000|100%| O|  |TAMS 0x000000062c400000| PB 0x000000062c400000| Untracked 
| 177|0x000000062c400000, 0x000000062c800000, 0x000000062c800000|100%| O|  |TAMS 0x000000062c800000| PB 0x000000062c800000| Untracked 
| 178|0x000000062c800000, 0x000000062cc00000, 0x000000062cc00000|100%| O|  |TAMS 0x000000062cc00000| PB 0x000000062cc00000| Untracked 
| 179|0x000000062cc00000, 0x000000062d000000, 0x000000062d000000|100%| O|  |TAMS 0x000000062d000000| PB 0x000000062d000000| Untracked 
| 180|0x000000062d000000, 0x000000062d400000, 0x000000062d400000|100%| O|  |TAMS 0x000000062d400000| PB 0x000000062d400000| Untracked 
| 181|0x000000062d400000, 0x000000062d800000, 0x000000062d800000|100%| O|  |TAMS 0x000000062d800000| PB 0x000000062d800000| Untracked 
| 182|0x000000062d800000, 0x000000062dc00000, 0x000000062dc00000|100%| O|  |TAMS 0x000000062dc00000| PB 0x000000062dc00000| Untracked 
| 183|0x000000062dc00000, 0x000000062e000000, 0x000000062e000000|100%| O|  |TAMS 0x000000062e000000| PB 0x000000062e000000| Untracked 
| 184|0x000000062e000000, 0x000000062e400000, 0x000000062e400000|100%| O|  |TAMS 0x000000062e400000| PB 0x000000062e400000| Untracked 
| 185|0x000000062e400000, 0x000000062e800000, 0x000000062e800000|100%| O|  |TAMS 0x000000062e800000| PB 0x000000062e800000| Untracked 
| 186|0x000000062e800000, 0x000000062ec00000, 0x000000062ec00000|100%| O|  |TAMS 0x000000062ec00000| PB 0x000000062ec00000| Untracked 
| 187|0x000000062ec00000, 0x000000062f000000, 0x000000062f000000|100%| O|  |TAMS 0x000000062f000000| PB 0x000000062f000000| Untracked 
| 188|0x000000062f000000, 0x000000062f400000, 0x000000062f400000|100%| O|  |TAMS 0x000000062f400000| PB 0x000000062f400000| Untracked 
| 189|0x000000062f400000, 0x000000062f800000, 0x000000062f800000|100%| O|  |TAMS 0x000000062f800000| PB 0x000000062f800000| Untracked 
| 190|0x000000062f800000, 0x000000062fc00000, 0x000000062fc00000|100%| O|  |TAMS 0x000000062fc00000| PB 0x000000062fc00000| Untracked 
| 191|0x000000062fc00000, 0x0000000630000000, 0x0000000630000000|100%| O|  |TAMS 0x0000000630000000| PB 0x0000000630000000| Untracked 
| 192|0x0000000630000000, 0x0000000630400000, 0x0000000630400000|100%| O|  |TAMS 0x0000000630400000| PB 0x0000000630400000| Untracked 
| 193|0x0000000630400000, 0x0000000630800000, 0x0000000630800000|100%| O|  |TAMS 0x0000000630800000| PB 0x0000000630800000| Untracked 
| 194|0x0000000630800000, 0x0000000630c00000, 0x0000000630c00000|100%| O|  |TAMS 0x0000000630c00000| PB 0x0000000630c00000| Updating 
| 195|0x0000000630c00000, 0x0000000631000000, 0x0000000631000000|100%| O|  |TAMS 0x0000000631000000| PB 0x0000000631000000| Untracked 
| 196|0x0000000631000000, 0x0000000631400000, 0x0000000631400000|100%| O|  |TAMS 0x0000000631400000| PB 0x0000000631400000| Untracked 
| 197|0x0000000631400000, 0x0000000631800000, 0x0000000631800000|100%| O|  |TAMS 0x0000000631800000| PB 0x0000000631800000| Untracked 
| 198|0x0000000631800000, 0x0000000631c00000, 0x0000000631c00000|100%| O|  |TAMS 0x0000000631c00000| PB 0x0000000631c00000| Untracked 
| 199|0x0000000631c00000, 0x0000000632000000, 0x0000000632000000|100%| O|  |TAMS 0x0000000632000000| PB 0x0000000632000000| Untracked 
| 200|0x0000000632000000, 0x0000000632400000, 0x0000000632400000|100%| O|  |TAMS 0x0000000632400000| PB 0x0000000632400000| Untracked 
| 201|0x0000000632400000, 0x0000000632800000, 0x0000000632800000|100%| O|  |TAMS 0x0000000632800000| PB 0x0000000632800000| Untracked 
| 202|0x0000000632800000, 0x0000000632c00000, 0x0000000632c00000|100%| O|  |TAMS 0x0000000632c00000| PB 0x0000000632c00000| Untracked 
| 203|0x0000000632c00000, 0x0000000633000000, 0x0000000633000000|100%| O|  |TAMS 0x0000000633000000| PB 0x0000000633000000| Untracked 
| 204|0x0000000633000000, 0x0000000633400000, 0x0000000633400000|100%| O|  |TAMS 0x0000000633400000| PB 0x0000000633400000| Untracked 
| 205|0x0000000633400000, 0x0000000633800000, 0x0000000633800000|100%| O|  |TAMS 0x0000000633800000| PB 0x0000000633800000| Untracked 
| 206|0x0000000633800000, 0x0000000633c00000, 0x0000000633c00000|100%| O|  |TAMS 0x0000000633c00000| PB 0x0000000633c00000| Untracked 
| 207|0x0000000633c00000, 0x0000000634000000, 0x0000000634000000|100%| O|  |TAMS 0x0000000634000000| PB 0x0000000634000000| Untracked 
| 208|0x0000000634000000, 0x0000000634400000, 0x0000000634400000|100%| O|  |TAMS 0x0000000634400000| PB 0x0000000634400000| Untracked 
| 209|0x0000000634400000, 0x0000000634800000, 0x0000000634800000|100%| O|  |TAMS 0x0000000634800000| PB 0x0000000634800000| Untracked 
| 210|0x0000000634800000, 0x0000000634c00000, 0x0000000634c00000|100%| O|  |TAMS 0x0000000634c00000| PB 0x0000000634c00000| Untracked 
| 211|0x0000000634c00000, 0x0000000635000000, 0x0000000635000000|100%| O|  |TAMS 0x0000000635000000| PB 0x0000000635000000| Untracked 
| 212|0x0000000635000000, 0x0000000635400000, 0x0000000635400000|100%| O|  |TAMS 0x0000000635400000| PB 0x0000000635400000| Untracked 
| 213|0x0000000635400000, 0x0000000635800000, 0x0000000635800000|100%| O|  |TAMS 0x0000000635800000| PB 0x0000000635800000| Untracked 
| 214|0x0000000635800000, 0x0000000635c00000, 0x0000000635c00000|100%| O|  |TAMS 0x0000000635c00000| PB 0x0000000635c00000| Untracked 
| 215|0x0000000635c00000, 0x0000000636000000, 0x0000000636000000|100%| O|  |TAMS 0x0000000636000000| PB 0x0000000636000000| Untracked 
| 216|0x0000000636000000, 0x0000000636400000, 0x0000000636400000|100%| O|  |TAMS 0x0000000636400000| PB 0x0000000636400000| Untracked 
| 217|0x0000000636400000, 0x0000000636800000, 0x0000000636800000|100%| O|  |TAMS 0x0000000636800000| PB 0x0000000636800000| Untracked 
| 218|0x0000000636800000, 0x0000000636c00000, 0x0000000636c00000|100%| O|  |TAMS 0x0000000636c00000| PB 0x0000000636c00000| Updating 
| 219|0x0000000636c00000, 0x0000000637000000, 0x0000000637000000|100%| O|  |TAMS 0x0000000637000000| PB 0x0000000637000000| Updating 
| 220|0x0000000637000000, 0x0000000637400000, 0x0000000637400000|100%| O|  |TAMS 0x0000000637400000| PB 0x0000000637400000| Untracked 
| 221|0x0000000637400000, 0x0000000637800000, 0x0000000637800000|100%| O|  |TAMS 0x0000000637800000| PB 0x0000000637800000| Untracked 
| 222|0x0000000637800000, 0x0000000637c00000, 0x0000000637c00000|100%| O|  |TAMS 0x0000000637c00000| PB 0x0000000637c00000| Untracked 
| 223|0x0000000637c00000, 0x0000000638000000, 0x0000000638000000|100%| O|  |TAMS 0x0000000638000000| PB 0x0000000638000000| Untracked 
| 224|0x0000000638000000, 0x0000000638400000, 0x0000000638400000|100%| O|  |TAMS 0x0000000638400000| PB 0x0000000638400000| Untracked 
| 225|0x0000000638400000, 0x0000000638800000, 0x0000000638800000|100%| O|  |TAMS 0x0000000638800000| PB 0x0000000638800000| Untracked 
| 226|0x0000000638800000, 0x0000000638c00000, 0x0000000638c00000|100%| O|  |TAMS 0x0000000638c00000| PB 0x0000000638c00000| Untracked 
| 227|0x0000000638c00000, 0x0000000639000000, 0x0000000639000000|100%| O|  |TAMS 0x0000000639000000| PB 0x0000000639000000| Untracked 
| 228|0x0000000639000000, 0x0000000639400000, 0x0000000639400000|100%| O|  |TAMS 0x0000000639400000| PB 0x0000000639400000| Untracked 
| 229|0x0000000639400000, 0x0000000639800000, 0x0000000639800000|100%| O|  |TAMS 0x0000000639800000| PB 0x0000000639800000| Untracked 
| 230|0x0000000639800000, 0x0000000639c00000, 0x0000000639c00000|100%| O|  |TAMS 0x0000000639c00000| PB 0x0000000639c00000| Untracked 
| 231|0x0000000639c00000, 0x000000063a000000, 0x000000063a000000|100%| O|  |TAMS 0x000000063a000000| PB 0x000000063a000000| Untracked 
| 232|0x000000063a000000, 0x000000063a400000, 0x000000063a400000|100%| O|  |TAMS 0x000000063a400000| PB 0x000000063a400000| Untracked 
| 233|0x000000063a400000, 0x000000063a800000, 0x000000063a800000|100%| O|  |TAMS 0x000000063a800000| PB 0x000000063a800000| Untracked 
| 234|0x000000063a800000, 0x000000063ac00000, 0x000000063ac00000|100%| O|  |TAMS 0x000000063ac00000| PB 0x000000063ac00000| Untracked 
| 235|0x000000063ac00000, 0x000000063b000000, 0x000000063b000000|100%| O|  |TAMS 0x000000063b000000| PB 0x000000063b000000| Untracked 
| 236|0x000000063b000000, 0x000000063b400000, 0x000000063b400000|100%| O|  |TAMS 0x000000063b400000| PB 0x000000063b400000| Untracked 
| 237|0x000000063b400000, 0x000000063b800000, 0x000000063b800000|100%| O|  |TAMS 0x000000063b800000| PB 0x000000063b800000| Untracked 
| 238|0x000000063b800000, 0x000000063bc00000, 0x000000063bc00000|100%| O|  |TAMS 0x000000063bc00000| PB 0x000000063bc00000| Untracked 
| 239|0x000000063bc00000, 0x000000063c000000, 0x000000063c000000|100%| O|  |TAMS 0x000000063c000000| PB 0x000000063c000000| Untracked 
| 240|0x000000063c000000, 0x000000063c400000, 0x000000063c400000|100%| O|  |TAMS 0x000000063c400000| PB 0x000000063c400000| Updating 
| 241|0x000000063c400000, 0x000000063c800000, 0x000000063c800000|100%| O|  |TAMS 0x000000063c800000| PB 0x000000063c800000| Updating 
| 242|0x000000063c800000, 0x000000063cc00000, 0x000000063cc00000|100%| O|  |TAMS 0x000000063cc00000| PB 0x000000063cc00000| Updating 
| 243|0x000000063cc00000, 0x000000063d000000, 0x000000063d000000|100%| O|  |TAMS 0x000000063d000000| PB 0x000000063d000000| Updating 
| 244|0x000000063d000000, 0x000000063d400000, 0x000000063d400000|100%| O|  |TAMS 0x000000063d400000| PB 0x000000063d400000| Updating 
| 245|0x000000063d400000, 0x000000063d800000, 0x000000063d800000|100%| O|  |TAMS 0x000000063d800000| PB 0x000000063d800000| Untracked 
| 246|0x000000063d800000, 0x000000063dc00000, 0x000000063dc00000|100%| O|  |TAMS 0x000000063dc00000| PB 0x000000063dc00000| Untracked 
| 247|0x000000063dc00000, 0x000000063e000000, 0x000000063e000000|100%| O|  |TAMS 0x000000063e000000| PB 0x000000063e000000| Untracked 
| 248|0x000000063e000000, 0x000000063e400000, 0x000000063e400000|100%| O|  |TAMS 0x000000063e400000| PB 0x000000063e400000| Untracked 
| 249|0x000000063e400000, 0x000000063e800000, 0x000000063e800000|100%| O|  |TAMS 0x000000063e800000| PB 0x000000063e800000| Untracked 
| 250|0x000000063e800000, 0x000000063ec00000, 0x000000063ec00000|100%| O|  |TAMS 0x000000063ec00000| PB 0x000000063ec00000| Updating 
| 251|0x000000063ec00000, 0x000000063f000000, 0x000000063f000000|100%| O|  |TAMS 0x000000063f000000| PB 0x000000063f000000| Updating 
| 252|0x000000063f000000, 0x000000063f400000, 0x000000063f400000|100%| O|  |TAMS 0x000000063f400000| PB 0x000000063f400000| Updating 
| 253|0x000000063f400000, 0x000000063f800000, 0x000000063f800000|100%| O|  |TAMS 0x000000063f800000| PB 0x000000063f800000| Updating 
| 254|0x000000063f800000, 0x000000063fc00000, 0x000000063fc00000|100%| O|  |TAMS 0x000000063fc00000| PB 0x000000063fc00000| Updating 
| 255|0x000000063fc00000, 0x0000000640000000, 0x0000000640000000|100%| O|  |TAMS 0x0000000640000000| PB 0x0000000640000000| Untracked 
| 256|0x0000000640000000, 0x0000000640400000, 0x0000000640400000|100%| O|  |TAMS 0x0000000640400000| PB 0x0000000640400000| Updating 
| 257|0x0000000640400000, 0x0000000640800000, 0x0000000640800000|100%| O|  |TAMS 0x0000000640800000| PB 0x0000000640800000| Updating 
| 258|0x0000000640800000, 0x0000000640c00000, 0x0000000640c00000|100%| O|  |TAMS 0x0000000640c00000| PB 0x0000000640c00000| Updating 
| 259|0x0000000640c00000, 0x0000000641000000, 0x0000000641000000|100%| O|  |TAMS 0x0000000641000000| PB 0x0000000641000000| Untracked 
| 260|0x0000000641000000, 0x0000000641400000, 0x0000000641400000|100%| O|  |TAMS 0x0000000641400000| PB 0x0000000641400000| Untracked 
| 261|0x0000000641400000, 0x0000000641800000, 0x0000000641800000|100%| O|  |TAMS 0x0000000641800000| PB 0x0000000641800000| Updating 
| 262|0x0000000641800000, 0x0000000641c00000, 0x0000000641c00000|100%| O|  |TAMS 0x0000000641c00000| PB 0x0000000641c00000| Untracked 
| 263|0x0000000641c00000, 0x0000000642000000, 0x0000000642000000|100%| O|  |TAMS 0x0000000642000000| PB 0x0000000642000000| Untracked 
| 264|0x0000000642000000, 0x0000000642400000, 0x0000000642400000|100%| O|  |TAMS 0x0000000642400000| PB 0x0000000642400000| Untracked 
| 265|0x0000000642400000, 0x0000000642800000, 0x0000000642800000|100%| O|  |TAMS 0x0000000642800000| PB 0x0000000642800000| Untracked 
| 266|0x0000000642800000, 0x0000000642c00000, 0x0000000642c00000|100%| O|  |TAMS 0x0000000642c00000| PB 0x0000000642c00000| Untracked 
| 267|0x0000000642c00000, 0x0000000643000000, 0x0000000643000000|100%| O|  |TAMS 0x0000000643000000| PB 0x0000000643000000| Untracked 
| 268|0x0000000643000000, 0x0000000643400000, 0x0000000643400000|100%| O|  |TAMS 0x0000000643400000| PB 0x0000000643400000| Untracked 
| 269|0x0000000643400000, 0x0000000643800000, 0x0000000643800000|100%| O|  |TAMS 0x0000000643800000| PB 0x0000000643800000| Untracked 
| 270|0x0000000643800000, 0x0000000643c00000, 0x0000000643c00000|100%| O|  |TAMS 0x0000000643c00000| PB 0x0000000643c00000| Untracked 
| 271|0x0000000643c00000, 0x0000000644000000, 0x0000000644000000|100%| O|  |TAMS 0x0000000644000000| PB 0x0000000644000000| Untracked 
| 272|0x0000000644000000, 0x0000000644400000, 0x0000000644400000|100%| O|  |TAMS 0x0000000644400000| PB 0x0000000644400000| Untracked 
| 273|0x0000000644400000, 0x0000000644800000, 0x0000000644800000|100%| O|  |TAMS 0x0000000644800000| PB 0x0000000644800000| Updating 
| 274|0x0000000644800000, 0x0000000644c00000, 0x0000000644c00000|100%| O|  |TAMS 0x0000000644c00000| PB 0x0000000644c00000| Untracked 
| 275|0x0000000644c00000, 0x0000000645000000, 0x0000000645000000|100%| O|  |TAMS 0x0000000645000000| PB 0x0000000645000000| Updating 
| 276|0x0000000645000000, 0x0000000645400000, 0x0000000645400000|100%| O|  |TAMS 0x0000000645400000| PB 0x0000000645400000| Untracked 
| 277|0x0000000645400000, 0x0000000645800000, 0x0000000645800000|100%| O|  |TAMS 0x0000000645800000| PB 0x0000000645800000| Untracked 
| 278|0x0000000645800000, 0x0000000645c00000, 0x0000000645c00000|100%| O|  |TAMS 0x0000000645c00000| PB 0x0000000645c00000| Updating 
| 279|0x0000000645c00000, 0x0000000646000000, 0x0000000646000000|100%| O|  |TAMS 0x0000000646000000| PB 0x0000000646000000| Untracked 
| 280|0x0000000646000000, 0x0000000646400000, 0x0000000646400000|100%| O|  |TAMS 0x0000000646400000| PB 0x0000000646400000| Untracked 
| 281|0x0000000646400000, 0x0000000646800000, 0x0000000646800000|100%| O|  |TAMS 0x0000000646800000| PB 0x0000000646800000| Updating 
| 282|0x0000000646800000, 0x0000000646c00000, 0x0000000646c00000|100%| O|  |TAMS 0x0000000646c00000| PB 0x0000000646c00000| Untracked 
| 283|0x0000000646c00000, 0x0000000647000000, 0x0000000647000000|100%| O|  |TAMS 0x0000000647000000| PB 0x0000000647000000| Untracked 
| 284|0x0000000647000000, 0x0000000647400000, 0x0000000647400000|100%| O|  |TAMS 0x0000000647400000| PB 0x0000000647400000| Untracked 
| 285|0x0000000647400000, 0x0000000647800000, 0x0000000647800000|100%| O|  |TAMS 0x0000000647800000| PB 0x0000000647800000| Untracked 
| 286|0x0000000647800000, 0x0000000647c00000, 0x0000000647c00000|100%| O|  |TAMS 0x0000000647c00000| PB 0x0000000647c00000| Updating 
| 287|0x0000000647c00000, 0x0000000648000000, 0x0000000648000000|100%| O|  |TAMS 0x0000000648000000| PB 0x0000000648000000| Updating 
| 288|0x0000000648000000, 0x0000000648400000, 0x0000000648400000|100%| O|  |TAMS 0x0000000648400000| PB 0x0000000648400000| Untracked 
| 289|0x0000000648400000, 0x0000000648800000, 0x0000000648800000|100%| O|  |TAMS 0x0000000648800000| PB 0x0000000648800000| Untracked 
| 290|0x0000000648800000, 0x0000000648c00000, 0x0000000648c00000|100%| O|  |TAMS 0x0000000648c00000| PB 0x0000000648c00000| Untracked 
| 291|0x0000000648c00000, 0x0000000649000000, 0x0000000649000000|100%| O|  |TAMS 0x0000000649000000| PB 0x0000000649000000| Untracked 
| 292|0x0000000649000000, 0x0000000649400000, 0x0000000649400000|100%| O|  |TAMS 0x0000000649400000| PB 0x0000000649400000| Untracked 
| 293|0x0000000649400000, 0x0000000649800000, 0x0000000649800000|100%| O|  |TAMS 0x0000000649800000| PB 0x0000000649800000| Untracked 
| 294|0x0000000649800000, 0x0000000649c00000, 0x0000000649c00000|100%| O|  |TAMS 0x0000000649c00000| PB 0x0000000649c00000| Untracked 
| 295|0x0000000649c00000, 0x000000064a000000, 0x000000064a000000|100%| O|  |TAMS 0x000000064a000000| PB 0x000000064a000000| Untracked 
| 296|0x000000064a000000, 0x000000064a400000, 0x000000064a400000|100%| O|  |TAMS 0x000000064a400000| PB 0x000000064a400000| Untracked 
| 297|0x000000064a400000, 0x000000064a800000, 0x000000064a800000|100%| O|  |TAMS 0x000000064a800000| PB 0x000000064a800000| Untracked 
| 298|0x000000064a800000, 0x000000064ac00000, 0x000000064ac00000|100%| O|  |TAMS 0x000000064ac00000| PB 0x000000064ac00000| Untracked 
| 299|0x000000064ac00000, 0x000000064b000000, 0x000000064b000000|100%| O|  |TAMS 0x000000064b000000| PB 0x000000064b000000| Untracked 
| 300|0x000000064b000000, 0x000000064b400000, 0x000000064b400000|100%| O|  |TAMS 0x000000064b400000| PB 0x000000064b400000| Untracked 
| 301|0x000000064b400000, 0x000000064b800000, 0x000000064b800000|100%| O|  |TAMS 0x000000064b800000| PB 0x000000064b800000| Untracked 
| 302|0x000000064b800000, 0x000000064bc00000, 0x000000064bc00000|100%| O|  |TAMS 0x000000064bc00000| PB 0x000000064bc00000| Updating 
| 303|0x000000064bc00000, 0x000000064c000000, 0x000000064c000000|100%| O|  |TAMS 0x000000064c000000| PB 0x000000064c000000| Untracked 
| 304|0x000000064c000000, 0x000000064c400000, 0x000000064c400000|100%| O|  |TAMS 0x000000064c400000| PB 0x000000064c400000| Untracked 
| 305|0x000000064c400000, 0x000000064c800000, 0x000000064c800000|100%| O|  |TAMS 0x000000064c800000| PB 0x000000064c800000| Untracked 
| 306|0x000000064c800000, 0x000000064cc00000, 0x000000064cc00000|100%| O|  |TAMS 0x000000064cc00000| PB 0x000000064cc00000| Untracked 
| 307|0x000000064cc00000, 0x000000064d000000, 0x000000064d000000|100%| O|  |TAMS 0x000000064d000000| PB 0x000000064d000000| Untracked 
| 308|0x000000064d000000, 0x000000064d400000, 0x000000064d400000|100%| O|  |TAMS 0x000000064d400000| PB 0x000000064d400000| Untracked 
| 309|0x000000064d400000, 0x000000064d800000, 0x000000064d800000|100%| O|  |TAMS 0x000000064d800000| PB 0x000000064d800000| Untracked 
| 310|0x000000064d800000, 0x000000064dc00000, 0x000000064dc00000|100%| O|  |TAMS 0x000000064dc00000| PB 0x000000064dc00000| Untracked 
| 311|0x000000064dc00000, 0x000000064e000000, 0x000000064e000000|100%| O|  |TAMS 0x000000064e000000| PB 0x000000064e000000| Untracked 
| 312|0x000000064e000000, 0x000000064e400000, 0x000000064e400000|100%| O|  |TAMS 0x000000064e400000| PB 0x000000064e400000| Untracked 
| 313|0x000000064e400000, 0x000000064e800000, 0x000000064e800000|100%| O|  |TAMS 0x000000064e800000| PB 0x000000064e800000| Untracked 
| 314|0x000000064e800000, 0x000000064ec00000, 0x000000064ec00000|100%| O|  |TAMS 0x000000064ec00000| PB 0x000000064ec00000| Untracked 
| 315|0x000000064ec00000, 0x000000064f000000, 0x000000064f000000|100%| O|  |TAMS 0x000000064f000000| PB 0x000000064f000000| Updating 
| 316|0x000000064f000000, 0x000000064f400000, 0x000000064f400000|100%| O|  |TAMS 0x000000064f400000| PB 0x000000064f400000| Untracked 
| 317|0x000000064f400000, 0x000000064f800000, 0x000000064f800000|100%| O|  |TAMS 0x000000064f800000| PB 0x000000064f800000| Untracked 
| 318|0x000000064f800000, 0x000000064fc00000, 0x000000064fc00000|100%| O|  |TAMS 0x000000064fc00000| PB 0x000000064fc00000| Updating 
| 319|0x000000064fc00000, 0x0000000650000000, 0x0000000650000000|100%| O|  |TAMS 0x0000000650000000| PB 0x0000000650000000| Updating 
| 320|0x0000000650000000, 0x0000000650400000, 0x0000000650400000|100%| O|  |TAMS 0x0000000650400000| PB 0x0000000650400000| Updating 
| 321|0x0000000650400000, 0x0000000650800000, 0x0000000650800000|100%| O|  |TAMS 0x0000000650800000| PB 0x0000000650800000| Updating 
| 322|0x0000000650800000, 0x0000000650c00000, 0x0000000650c00000|100%| O|  |TAMS 0x0000000650c00000| PB 0x0000000650c00000| Untracked 
| 323|0x0000000650c00000, 0x0000000651000000, 0x0000000651000000|100%| O|  |TAMS 0x0000000651000000| PB 0x0000000651000000| Untracked 
| 324|0x0000000651000000, 0x0000000651400000, 0x0000000651400000|100%| O|  |TAMS 0x0000000651400000| PB 0x0000000651400000| Untracked 
| 325|0x0000000651400000, 0x0000000651800000, 0x0000000651800000|100%| O|  |TAMS 0x0000000651800000| PB 0x0000000651800000| Untracked 
| 326|0x0000000651800000, 0x0000000651c00000, 0x0000000651c00000|100%| O|  |TAMS 0x0000000651c00000| PB 0x0000000651c00000| Untracked 
| 327|0x0000000651c00000, 0x0000000652000000, 0x0000000652000000|100%| O|  |TAMS 0x0000000652000000| PB 0x0000000652000000| Untracked 
| 328|0x0000000652000000, 0x0000000652400000, 0x0000000652400000|100%| O|  |TAMS 0x0000000652400000| PB 0x0000000652400000| Untracked 
| 329|0x0000000652400000, 0x0000000652800000, 0x0000000652800000|100%| O|  |TAMS 0x0000000652800000| PB 0x0000000652800000| Untracked 
| 330|0x0000000652800000, 0x0000000652c00000, 0x0000000652c00000|100%| O|  |TAMS 0x0000000652c00000| PB 0x0000000652c00000| Untracked 
| 331|0x0000000652c00000, 0x0000000653000000, 0x0000000653000000|100%| O|  |TAMS 0x0000000653000000| PB 0x0000000653000000| Untracked 
| 332|0x0000000653000000, 0x0000000653400000, 0x0000000653400000|100%| O|  |TAMS 0x0000000653400000| PB 0x0000000653400000| Untracked 
| 333|0x0000000653400000, 0x0000000653800000, 0x0000000653800000|100%| O|  |TAMS 0x0000000653800000| PB 0x0000000653800000| Untracked 
| 334|0x0000000653800000, 0x0000000653c00000, 0x0000000653c00000|100%| O|  |TAMS 0x0000000653c00000| PB 0x0000000653c00000| Untracked 
| 335|0x0000000653c00000, 0x0000000654000000, 0x0000000654000000|100%| O|  |TAMS 0x0000000654000000| PB 0x0000000654000000| Untracked 
| 336|0x0000000654000000, 0x0000000654400000, 0x0000000654400000|100%| O|  |TAMS 0x0000000654400000| PB 0x0000000654400000| Untracked 
| 337|0x0000000654400000, 0x0000000654800000, 0x0000000654800000|100%| O|  |TAMS 0x0000000654800000| PB 0x0000000654800000| Untracked 
| 338|0x0000000654800000, 0x0000000654c00000, 0x0000000654c00000|100%| O|  |TAMS 0x0000000654c00000| PB 0x0000000654c00000| Updating 
| 339|0x0000000654c00000, 0x0000000655000000, 0x0000000655000000|100%| O|  |TAMS 0x0000000655000000| PB 0x0000000655000000| Untracked 
| 340|0x0000000655000000, 0x0000000655400000, 0x0000000655400000|100%| O|  |TAMS 0x0000000655400000| PB 0x0000000655400000| Untracked 
| 341|0x0000000655400000, 0x0000000655800000, 0x0000000655800000|100%| O|  |TAMS 0x0000000655800000| PB 0x0000000655800000| Untracked 
| 342|0x0000000655800000, 0x0000000655c00000, 0x0000000655c00000|100%| O|  |TAMS 0x0000000655c00000| PB 0x0000000655c00000| Untracked 
| 343|0x0000000655c00000, 0x0000000656000000, 0x0000000656000000|100%| O|  |TAMS 0x0000000656000000| PB 0x0000000656000000| Untracked 
| 344|0x0000000656000000, 0x0000000656400000, 0x0000000656400000|100%| O|  |TAMS 0x0000000656400000| PB 0x0000000656400000| Untracked 
| 345|0x0000000656400000, 0x0000000656800000, 0x0000000656800000|100%| O|  |TAMS 0x0000000656800000| PB 0x0000000656800000| Untracked 
| 346|0x0000000656800000, 0x0000000656c00000, 0x0000000656c00000|100%| O|  |TAMS 0x0000000656c00000| PB 0x0000000656c00000| Updating 
| 347|0x0000000656c00000, 0x0000000657000000, 0x0000000657000000|100%| O|  |TAMS 0x0000000657000000| PB 0x0000000657000000| Untracked 
| 348|0x0000000657000000, 0x0000000657400000, 0x0000000657400000|100%| O|  |TAMS 0x0000000657400000| PB 0x0000000657400000| Untracked 
| 349|0x0000000657400000, 0x0000000657800000, 0x0000000657800000|100%| O|  |TAMS 0x0000000657800000| PB 0x0000000657800000| Untracked 
| 350|0x0000000657800000, 0x0000000657c00000, 0x0000000657c00000|100%| O|  |TAMS 0x0000000657c00000| PB 0x0000000657c00000| Updating 
| 351|0x0000000657c00000, 0x0000000658000000, 0x0000000658000000|100%| O|  |TAMS 0x0000000658000000| PB 0x0000000658000000| Untracked 
| 352|0x0000000658000000, 0x0000000658400000, 0x0000000658400000|100%| O|  |TAMS 0x0000000658400000| PB 0x0000000658400000| Untracked 
| 353|0x0000000658400000, 0x0000000658800000, 0x0000000658800000|100%| O|  |TAMS 0x0000000658800000| PB 0x0000000658800000| Updating 
| 354|0x0000000658800000, 0x0000000658c00000, 0x0000000658c00000|100%| O|  |TAMS 0x0000000658c00000| PB 0x0000000658c00000| Updating 
| 355|0x0000000658c00000, 0x0000000659000000, 0x0000000659000000|100%| O|  |TAMS 0x0000000659000000| PB 0x0000000659000000| Updating 
| 356|0x0000000659000000, 0x0000000659400000, 0x0000000659400000|100%| O|  |TAMS 0x0000000659400000| PB 0x0000000659400000| Updating 
| 357|0x0000000659400000, 0x0000000659800000, 0x0000000659800000|100%|HS|  |TAMS 0x0000000659800000| PB 0x0000000659400000| Complete 
| 358|0x0000000659800000, 0x0000000659c00000, 0x0000000659c00000|100%|HS|  |TAMS 0x0000000659c00000| PB 0x0000000659800000| Complete 
| 359|0x0000000659c00000, 0x000000065a000000, 0x000000065a000000|100%|HS|  |TAMS 0x000000065a000000| PB 0x0000000659c00000| Complete 
| 360|0x000000065a000000, 0x000000065a400000, 0x000000065a400000|100%| O|  |TAMS 0x000000065a400000| PB 0x000000065a400000| Untracked 
| 361|0x000000065a400000, 0x000000065a800000, 0x000000065a800000|100%| O|  |TAMS 0x000000065a800000| PB 0x000000065a800000| Untracked 
| 362|0x000000065a800000, 0x000000065ac00000, 0x000000065ac00000|100%| O|  |TAMS 0x000000065ac00000| PB 0x000000065ac00000| Untracked 
| 363|0x000000065ac00000, 0x000000065b000000, 0x000000065b000000|100%| O|  |TAMS 0x000000065b000000| PB 0x000000065b000000| Untracked 
| 364|0x000000065b000000, 0x000000065b400000, 0x000000065b400000|100%| O|  |TAMS 0x000000065b400000| PB 0x000000065b400000| Untracked 
| 365|0x000000065b400000, 0x000000065b800000, 0x000000065b800000|100%| O|  |TAMS 0x000000065b800000| PB 0x000000065b800000| Untracked 
| 366|0x000000065b800000, 0x000000065bc00000, 0x000000065bc00000|100%| O|  |TAMS 0x000000065bc00000| PB 0x000000065bc00000| Untracked 
| 367|0x000000065bc00000, 0x000000065c000000, 0x000000065c000000|100%| O|  |TAMS 0x000000065c000000| PB 0x000000065c000000| Untracked 
| 368|0x000000065c000000, 0x000000065c400000, 0x000000065c400000|100%| O|  |TAMS 0x000000065c400000| PB 0x000000065c400000| Untracked 
| 369|0x000000065c400000, 0x000000065c800000, 0x000000065c800000|100%| O|  |TAMS 0x000000065c800000| PB 0x000000065c800000| Untracked 
| 370|0x000000065c800000, 0x000000065cc00000, 0x000000065cc00000|100%| O|  |TAMS 0x000000065cc00000| PB 0x000000065cc00000| Untracked 
| 371|0x000000065cc00000, 0x000000065d000000, 0x000000065d000000|100%| O|  |TAMS 0x000000065d000000| PB 0x000000065d000000| Untracked 
| 372|0x000000065d000000, 0x000000065d400000, 0x000000065d400000|100%| O|  |TAMS 0x000000065d400000| PB 0x000000065d400000| Untracked 
| 373|0x000000065d400000, 0x000000065d800000, 0x000000065d800000|100%| O|  |TAMS 0x000000065d800000| PB 0x000000065d800000| Untracked 
| 374|0x000000065d800000, 0x000000065dc00000, 0x000000065dc00000|100%| O|  |TAMS 0x000000065dc00000| PB 0x000000065dc00000| Untracked 
| 375|0x000000065dc00000, 0x000000065e000000, 0x000000065e000000|100%| O|  |TAMS 0x000000065e000000| PB 0x000000065e000000| Untracked 
| 376|0x000000065e000000, 0x000000065e400000, 0x000000065e400000|100%| O|  |TAMS 0x000000065e400000| PB 0x000000065e400000| Untracked 
| 377|0x000000065e400000, 0x000000065e800000, 0x000000065e800000|100%| O|  |TAMS 0x000000065e800000| PB 0x000000065e800000| Untracked 
| 378|0x000000065e800000, 0x000000065ec00000, 0x000000065ec00000|100%| O|  |TAMS 0x000000065ec00000| PB 0x000000065ec00000| Untracked 
| 379|0x000000065ec00000, 0x000000065f000000, 0x000000065f000000|100%| O|  |TAMS 0x000000065f000000| PB 0x000000065f000000| Untracked 
| 380|0x000000065f000000, 0x000000065f400000, 0x000000065f400000|100%| O|  |TAMS 0x000000065f400000| PB 0x000000065f400000| Untracked 
| 381|0x000000065f400000, 0x000000065f800000, 0x000000065f800000|100%| O|  |TAMS 0x000000065f800000| PB 0x000000065f800000| Untracked 
| 382|0x000000065f800000, 0x000000065fc00000, 0x000000065fc00000|100%| O|  |TAMS 0x000000065fc00000| PB 0x000000065fc00000| Untracked 
| 383|0x000000065fc00000, 0x0000000660000000, 0x0000000660000000|100%| O|  |TAMS 0x0000000660000000| PB 0x0000000660000000| Untracked 
| 384|0x0000000660000000, 0x0000000660400000, 0x0000000660400000|100%| O|  |TAMS 0x0000000660400000| PB 0x0000000660400000| Untracked 
| 385|0x0000000660400000, 0x0000000660800000, 0x0000000660800000|100%| O|  |TAMS 0x0000000660800000| PB 0x0000000660800000| Untracked 
| 386|0x0000000660800000, 0x0000000660c00000, 0x0000000660c00000|100%| O|  |TAMS 0x0000000660c00000| PB 0x0000000660c00000| Untracked 
| 387|0x0000000660c00000, 0x0000000661000000, 0x0000000661000000|100%| O|  |TAMS 0x0000000661000000| PB 0x0000000661000000| Untracked 
| 388|0x0000000661000000, 0x0000000661400000, 0x0000000661400000|100%| O|  |TAMS 0x0000000661400000| PB 0x0000000661400000| Updating 
| 389|0x0000000661400000, 0x0000000661800000, 0x0000000661800000|100%| O|  |TAMS 0x0000000661800000| PB 0x0000000661800000| Untracked 
| 390|0x0000000661800000, 0x0000000661c00000, 0x0000000661c00000|100%| O|  |TAMS 0x0000000661c00000| PB 0x0000000661c00000| Updating 
| 391|0x0000000661c00000, 0x0000000662000000, 0x0000000662000000|100%| O|  |TAMS 0x0000000662000000| PB 0x0000000662000000| Updating 
| 392|0x0000000662000000, 0x0000000662400000, 0x0000000662400000|100%| O|  |TAMS 0x0000000662400000| PB 0x0000000662400000| Updating 
| 393|0x0000000662400000, 0x0000000662800000, 0x0000000662800000|100%| O|  |TAMS 0x0000000662800000| PB 0x0000000662800000| Updating 
| 394|0x0000000662800000, 0x0000000662c00000, 0x0000000662c00000|100%| O|  |TAMS 0x0000000662800000| PB 0x0000000662800000| Untracked 
| 395|0x0000000662c00000, 0x0000000663000000, 0x0000000663000000|100%| O|  |TAMS 0x0000000662c00000| PB 0x0000000662c00000| Untracked 
| 396|0x0000000663000000, 0x0000000663400000, 0x0000000663400000|100%| O|  |TAMS 0x0000000663000000| PB 0x0000000663000000| Untracked 
| 397|0x0000000663400000, 0x0000000663800000, 0x0000000663800000|100%| O|  |TAMS 0x0000000663400000| PB 0x0000000663400000| Untracked 
| 398|0x0000000663800000, 0x0000000663c00000, 0x0000000663c00000|100%| O|  |TAMS 0x0000000663800000| PB 0x0000000663800000| Untracked 
| 399|0x0000000663c00000, 0x0000000664000000, 0x0000000664000000|100%| O|  |TAMS 0x0000000663c00000| PB 0x0000000663c00000| Untracked 
| 400|0x0000000664000000, 0x0000000664400000, 0x0000000664400000|100%| O|  |TAMS 0x0000000664000000| PB 0x0000000664000000| Untracked 
| 401|0x0000000664400000, 0x0000000664800000, 0x0000000664800000|100%| O|  |TAMS 0x0000000664400000| PB 0x0000000664400000| Untracked 
| 402|0x0000000664800000, 0x0000000664c00000, 0x0000000664c00000|100%| O|  |TAMS 0x0000000664800000| PB 0x0000000664800000| Untracked 
| 403|0x0000000664c00000, 0x0000000665000000, 0x0000000665000000|100%| O|  |TAMS 0x0000000664c00000| PB 0x0000000664c00000| Untracked 
| 404|0x0000000665000000, 0x0000000665400000, 0x0000000665400000|100%| O|  |TAMS 0x0000000665000000| PB 0x0000000665000000| Untracked 
| 405|0x0000000665400000, 0x0000000665800000, 0x0000000665800000|100%| O|  |TAMS 0x0000000665400000| PB 0x0000000665400000| Untracked 
| 406|0x0000000665800000, 0x0000000665c00000, 0x0000000665c00000|100%| O|  |TAMS 0x0000000665800000| PB 0x0000000665800000| Untracked 
| 407|0x0000000665c00000, 0x0000000666000000, 0x0000000666000000|100%| O|  |TAMS 0x0000000665c00000| PB 0x0000000665c00000| Untracked 
| 408|0x0000000666000000, 0x0000000666400000, 0x0000000666400000|100%| O|  |TAMS 0x0000000666000000| PB 0x0000000666000000| Untracked 
| 409|0x0000000666400000, 0x0000000666800000, 0x0000000666800000|100%| O|  |TAMS 0x0000000666400000| PB 0x0000000666400000| Untracked 
| 410|0x0000000666800000, 0x0000000666c00000, 0x0000000666c00000|100%| O|  |TAMS 0x0000000666800000| PB 0x0000000666800000| Untracked 
| 411|0x0000000666c00000, 0x0000000667000000, 0x0000000667000000|100%| O|  |TAMS 0x0000000666c00000| PB 0x0000000666c00000| Untracked 
| 412|0x0000000667000000, 0x0000000667400000, 0x0000000667400000|100%| O|  |TAMS 0x0000000667000000| PB 0x0000000667000000| Untracked 
| 413|0x0000000667400000, 0x0000000667800000, 0x0000000667800000|100%| O|  |TAMS 0x0000000667400000| PB 0x0000000667400000| Untracked 
| 414|0x0000000667800000, 0x0000000667c00000, 0x0000000667c00000|100%| O|  |TAMS 0x0000000667800000| PB 0x0000000667800000| Untracked 
| 415|0x0000000667c00000, 0x0000000668000000, 0x0000000668000000|100%| O|  |TAMS 0x0000000667c00000| PB 0x0000000667c00000| Untracked 
| 416|0x0000000668000000, 0x0000000668400000, 0x0000000668400000|100%| O|  |TAMS 0x0000000668000000| PB 0x0000000668000000| Untracked 
| 417|0x0000000668400000, 0x0000000668800000, 0x0000000668800000|100%| O|  |TAMS 0x0000000668400000| PB 0x0000000668400000| Untracked 
| 418|0x0000000668800000, 0x0000000668c00000, 0x0000000668c00000|100%| O|  |TAMS 0x0000000668800000| PB 0x0000000668800000| Untracked 
| 419|0x0000000668c00000, 0x0000000669000000, 0x0000000669000000|100%| O|  |TAMS 0x0000000668c00000| PB 0x0000000668c00000| Untracked 
| 420|0x0000000669000000, 0x0000000669400000, 0x0000000669400000|100%|HS|  |TAMS 0x0000000669000000| PB 0x0000000669000000| Complete 
| 421|0x0000000669400000, 0x0000000669800000, 0x0000000669800000|100%|HS|  |TAMS 0x0000000669400000| PB 0x0000000669400000| Complete 
| 422|0x0000000669800000, 0x0000000669800000, 0x0000000669c00000|  0%| F|  |TAMS 0x0000000669800000| PB 0x0000000669800000| Untracked 
| 423|0x0000000669c00000, 0x0000000669c00000, 0x000000066a000000|  0%| F|  |TAMS 0x0000000669c00000| PB 0x0000000669c00000| Untracked 
| 424|0x000000066a000000, 0x000000066a000000, 0x000000066a400000|  0%| F|  |TAMS 0x000000066a000000| PB 0x000000066a000000| Untracked 
| 425|0x000000066a400000, 0x000000066a400000, 0x000000066a800000|  0%| F|  |TAMS 0x000000066a400000| PB 0x000000066a400000| Untracked 
| 426|0x000000066a800000, 0x000000066a800000, 0x000000066ac00000|  0%| F|  |TAMS 0x000000066a800000| PB 0x000000066a800000| Untracked 
| 427|0x000000066ac00000, 0x000000066ac00000, 0x000000066b000000|  0%| F|  |TAMS 0x000000066ac00000| PB 0x000000066ac00000| Untracked 
| 428|0x000000066b000000, 0x000000066b000000, 0x000000066b400000|  0%| F|  |TAMS 0x000000066b000000| PB 0x000000066b000000| Untracked 
| 429|0x000000066b400000, 0x000000066b400000, 0x000000066b800000|  0%| F|  |TAMS 0x000000066b400000| PB 0x000000066b400000| Untracked 
| 430|0x000000066b800000, 0x000000066b800000, 0x000000066bc00000|  0%| F|  |TAMS 0x000000066b800000| PB 0x000000066b800000| Untracked 
| 431|0x000000066bc00000, 0x000000066bc00000, 0x000000066c000000|  0%| F|  |TAMS 0x000000066bc00000| PB 0x000000066bc00000| Untracked 
| 432|0x000000066c000000, 0x000000066c000000, 0x000000066c400000|  0%| F|  |TAMS 0x000000066c000000| PB 0x000000066c000000| Untracked 
| 433|0x000000066c400000, 0x000000066c400000, 0x000000066c800000|  0%| F|  |TAMS 0x000000066c400000| PB 0x000000066c400000| Untracked 
| 434|0x000000066c800000, 0x000000066c800000, 0x000000066cc00000|  0%| F|  |TAMS 0x000000066c800000| PB 0x000000066c800000| Untracked 
| 435|0x000000066cc00000, 0x000000066cc00000, 0x000000066d000000|  0%| F|  |TAMS 0x000000066cc00000| PB 0x000000066cc00000| Untracked 
| 436|0x000000066d000000, 0x000000066d000000, 0x000000066d400000|  0%| F|  |TAMS 0x000000066d000000| PB 0x000000066d000000| Untracked 
| 437|0x000000066d400000, 0x000000066d400000, 0x000000066d800000|  0%| F|  |TAMS 0x000000066d400000| PB 0x000000066d400000| Untracked 
| 438|0x000000066d800000, 0x000000066d800000, 0x000000066dc00000|  0%| F|  |TAMS 0x000000066d800000| PB 0x000000066d800000| Untracked 
| 439|0x000000066dc00000, 0x000000066dc00000, 0x000000066e000000|  0%| F|  |TAMS 0x000000066dc00000| PB 0x000000066dc00000| Untracked 
| 440|0x000000066e000000, 0x000000066e000000, 0x000000066e400000|  0%| F|  |TAMS 0x000000066e000000| PB 0x000000066e000000| Untracked 
| 441|0x000000066e400000, 0x000000066e400000, 0x000000066e800000|  0%| F|  |TAMS 0x000000066e400000| PB 0x000000066e400000| Untracked 
| 442|0x000000066e800000, 0x000000066e800000, 0x000000066ec00000|  0%| F|  |TAMS 0x000000066e800000| PB 0x000000066e800000| Untracked 
| 443|0x000000066ec00000, 0x000000066ec00000, 0x000000066f000000|  0%| F|  |TAMS 0x000000066ec00000| PB 0x000000066ec00000| Untracked 
| 444|0x000000066f000000, 0x000000066f000000, 0x000000066f400000|  0%| F|  |TAMS 0x000000066f000000| PB 0x000000066f000000| Untracked 
| 445|0x000000066f400000, 0x000000066f400000, 0x000000066f800000|  0%| F|  |TAMS 0x000000066f400000| PB 0x000000066f400000| Untracked 
| 446|0x000000066f800000, 0x000000066f800000, 0x000000066fc00000|  0%| F|  |TAMS 0x000000066f800000| PB 0x000000066f800000| Untracked 
| 447|0x000000066fc00000, 0x000000066fc00000, 0x0000000670000000|  0%| F|  |TAMS 0x000000066fc00000| PB 0x000000066fc00000| Untracked 
| 448|0x0000000670000000, 0x0000000670000000, 0x0000000670400000|  0%| F|  |TAMS 0x0000000670000000| PB 0x0000000670000000| Untracked 
| 449|0x0000000670400000, 0x0000000670400000, 0x0000000670800000|  0%| F|  |TAMS 0x0000000670400000| PB 0x0000000670400000| Untracked 
| 450|0x0000000670800000, 0x0000000670800000, 0x0000000670c00000|  0%| F|  |TAMS 0x0000000670800000| PB 0x0000000670800000| Untracked 
| 451|0x0000000670c00000, 0x0000000670c00000, 0x0000000671000000|  0%| F|  |TAMS 0x0000000670c00000| PB 0x0000000670c00000| Untracked 
| 452|0x0000000671000000, 0x0000000671000000, 0x0000000671400000|  0%| F|  |TAMS 0x0000000671000000| PB 0x0000000671000000| Untracked 
| 453|0x0000000671400000, 0x0000000671400000, 0x0000000671800000|  0%| F|  |TAMS 0x0000000671400000| PB 0x0000000671400000| Untracked 
| 454|0x0000000671800000, 0x0000000671800000, 0x0000000671c00000|  0%| F|  |TAMS 0x0000000671800000| PB 0x0000000671800000| Untracked 
| 455|0x0000000671c00000, 0x0000000671c00000, 0x0000000672000000|  0%| F|  |TAMS 0x0000000671c00000| PB 0x0000000671c00000| Untracked 
| 456|0x0000000672000000, 0x0000000672000000, 0x0000000672400000|  0%| F|  |TAMS 0x0000000672000000| PB 0x0000000672000000| Untracked 
| 457|0x0000000672400000, 0x0000000672400000, 0x0000000672800000|  0%| F|  |TAMS 0x0000000672400000| PB 0x0000000672400000| Untracked 
| 458|0x0000000672800000, 0x0000000672800000, 0x0000000672c00000|  0%| F|  |TAMS 0x0000000672800000| PB 0x0000000672800000| Untracked 
| 459|0x0000000672c00000, 0x0000000672c00000, 0x0000000673000000|  0%| F|  |TAMS 0x0000000672c00000| PB 0x0000000672c00000| Untracked 
| 460|0x0000000673000000, 0x0000000673000000, 0x0000000673400000|  0%| F|  |TAMS 0x0000000673000000| PB 0x0000000673000000| Untracked 
| 461|0x0000000673400000, 0x0000000673400000, 0x0000000673800000|  0%| F|  |TAMS 0x0000000673400000| PB 0x0000000673400000| Untracked 
| 462|0x0000000673800000, 0x0000000673800000, 0x0000000673c00000|  0%| F|  |TAMS 0x0000000673800000| PB 0x0000000673800000| Untracked 
| 463|0x0000000673c00000, 0x0000000673c00000, 0x0000000674000000|  0%| F|  |TAMS 0x0000000673c00000| PB 0x0000000673c00000| Untracked 
| 464|0x0000000674000000, 0x0000000674000000, 0x0000000674400000|  0%| F|  |TAMS 0x0000000674000000| PB 0x0000000674000000| Untracked 
| 465|0x0000000674400000, 0x0000000674400000, 0x0000000674800000|  0%| F|  |TAMS 0x0000000674400000| PB 0x0000000674400000| Untracked 
| 466|0x0000000674800000, 0x0000000674800000, 0x0000000674c00000|  0%| F|  |TAMS 0x0000000674800000| PB 0x0000000674800000| Untracked 
| 467|0x0000000674c00000, 0x0000000674c00000, 0x0000000675000000|  0%| F|  |TAMS 0x0000000674c00000| PB 0x0000000674c00000| Untracked 
| 468|0x0000000675000000, 0x0000000675000000, 0x0000000675400000|  0%| F|  |TAMS 0x0000000675000000| PB 0x0000000675000000| Untracked 
| 469|0x0000000675400000, 0x0000000675400000, 0x0000000675800000|  0%| F|  |TAMS 0x0000000675400000| PB 0x0000000675400000| Untracked 
| 470|0x0000000675800000, 0x0000000675800000, 0x0000000675c00000|  0%| F|  |TAMS 0x0000000675800000| PB 0x0000000675800000| Untracked 
| 471|0x0000000675c00000, 0x0000000675c00000, 0x0000000676000000|  0%| F|  |TAMS 0x0000000675c00000| PB 0x0000000675c00000| Untracked 
| 472|0x0000000676000000, 0x0000000676000000, 0x0000000676400000|  0%| F|  |TAMS 0x0000000676000000| PB 0x0000000676000000| Untracked 
| 473|0x0000000676400000, 0x0000000676400000, 0x0000000676800000|  0%| F|  |TAMS 0x0000000676400000| PB 0x0000000676400000| Untracked 
| 474|0x0000000676800000, 0x0000000676800000, 0x0000000676c00000|  0%| F|  |TAMS 0x0000000676800000| PB 0x0000000676800000| Untracked 
| 475|0x0000000676c00000, 0x0000000676c00000, 0x0000000677000000|  0%| F|  |TAMS 0x0000000676c00000| PB 0x0000000676c00000| Untracked 
| 476|0x0000000677000000, 0x0000000677000000, 0x0000000677400000|  0%| F|  |TAMS 0x0000000677000000| PB 0x0000000677000000| Untracked 
| 477|0x0000000677400000, 0x0000000677400000, 0x0000000677800000|  0%| F|  |TAMS 0x0000000677400000| PB 0x0000000677400000| Untracked 
| 478|0x0000000677800000, 0x0000000677800000, 0x0000000677c00000|  0%| F|  |TAMS 0x0000000677800000| PB 0x0000000677800000| Untracked 
| 479|0x0000000677c00000, 0x0000000677c00000, 0x0000000678000000|  0%| F|  |TAMS 0x0000000677c00000| PB 0x0000000677c00000| Untracked 
| 480|0x0000000678000000, 0x0000000678000000, 0x0000000678400000|  0%| F|  |TAMS 0x0000000678000000| PB 0x0000000678000000| Untracked 
| 481|0x0000000678400000, 0x0000000678400000, 0x0000000678800000|  0%| F|  |TAMS 0x0000000678400000| PB 0x0000000678400000| Untracked 
| 482|0x0000000678800000, 0x0000000678800000, 0x0000000678c00000|  0%| F|  |TAMS 0x0000000678800000| PB 0x0000000678800000| Untracked 
| 483|0x0000000678c00000, 0x0000000678c00000, 0x0000000679000000|  0%| F|  |TAMS 0x0000000678c00000| PB 0x0000000678c00000| Untracked 
| 484|0x0000000679000000, 0x0000000679000000, 0x0000000679400000|  0%| F|  |TAMS 0x0000000679000000| PB 0x0000000679000000| Untracked 
| 485|0x0000000679400000, 0x0000000679400000, 0x0000000679800000|  0%| F|  |TAMS 0x0000000679400000| PB 0x0000000679400000| Untracked 
| 486|0x0000000679800000, 0x0000000679800000, 0x0000000679c00000|  0%| F|  |TAMS 0x0000000679800000| PB 0x0000000679800000| Untracked 
| 487|0x0000000679c00000, 0x0000000679c00000, 0x000000067a000000|  0%| F|  |TAMS 0x0000000679c00000| PB 0x0000000679c00000| Untracked 
| 488|0x000000067a000000, 0x000000067a000000, 0x000000067a400000|  0%| F|  |TAMS 0x000000067a000000| PB 0x000000067a000000| Untracked 
| 489|0x000000067a400000, 0x000000067a400000, 0x000000067a800000|  0%| F|  |TAMS 0x000000067a400000| PB 0x000000067a400000| Untracked 
| 490|0x000000067a800000, 0x000000067a800000, 0x000000067ac00000|  0%| F|  |TAMS 0x000000067a800000| PB 0x000000067a800000| Untracked 
| 491|0x000000067ac00000, 0x000000067ac00000, 0x000000067b000000|  0%| F|  |TAMS 0x000000067ac00000| PB 0x000000067ac00000| Untracked 
| 492|0x000000067b000000, 0x000000067b000000, 0x000000067b400000|  0%| F|  |TAMS 0x000000067b000000| PB 0x000000067b000000| Untracked 
| 493|0x000000067b400000, 0x000000067b400000, 0x000000067b800000|  0%| F|  |TAMS 0x000000067b400000| PB 0x000000067b400000| Untracked 
| 494|0x000000067b800000, 0x000000067b800000, 0x000000067bc00000|  0%| F|  |TAMS 0x000000067b800000| PB 0x000000067b800000| Untracked 
| 495|0x000000067bc00000, 0x000000067bc00000, 0x000000067c000000|  0%| F|  |TAMS 0x000000067bc00000| PB 0x000000067bc00000| Untracked 
| 496|0x000000067c000000, 0x000000067c000000, 0x000000067c400000|  0%| F|  |TAMS 0x000000067c000000| PB 0x000000067c000000| Untracked 
| 497|0x000000067c400000, 0x000000067c400000, 0x000000067c800000|  0%| F|  |TAMS 0x000000067c400000| PB 0x000000067c400000| Untracked 
| 498|0x000000067c800000, 0x000000067c800000, 0x000000067cc00000|  0%| F|  |TAMS 0x000000067c800000| PB 0x000000067c800000| Untracked 
| 499|0x000000067cc00000, 0x000000067cc00000, 0x000000067d000000|  0%| F|  |TAMS 0x000000067cc00000| PB 0x000000067cc00000| Untracked 
| 500|0x000000067d000000, 0x000000067d000000, 0x000000067d400000|  0%| F|  |TAMS 0x000000067d000000| PB 0x000000067d000000| Untracked 
| 501|0x000000067d400000, 0x000000067d400000, 0x000000067d800000|  0%| F|  |TAMS 0x000000067d400000| PB 0x000000067d400000| Untracked 
| 502|0x000000067d800000, 0x000000067d800000, 0x000000067dc00000|  0%| F|  |TAMS 0x000000067d800000| PB 0x000000067d800000| Untracked 
| 503|0x000000067dc00000, 0x000000067dc00000, 0x000000067e000000|  0%| F|  |TAMS 0x000000067dc00000| PB 0x000000067dc00000| Untracked 
| 504|0x000000067e000000, 0x000000067e000000, 0x000000067e400000|  0%| F|  |TAMS 0x000000067e000000| PB 0x000000067e000000| Untracked 
| 505|0x000000067e400000, 0x000000067e400000, 0x000000067e800000|  0%| F|  |TAMS 0x000000067e400000| PB 0x000000067e400000| Untracked 
| 506|0x000000067e800000, 0x000000067e800000, 0x000000067ec00000|  0%| F|  |TAMS 0x000000067e800000| PB 0x000000067e800000| Untracked 
| 507|0x000000067ec00000, 0x000000067ec00000, 0x000000067f000000|  0%| F|  |TAMS 0x000000067ec00000| PB 0x000000067ec00000| Untracked 
| 508|0x000000067f000000, 0x000000067f000000, 0x000000067f400000|  0%| F|  |TAMS 0x000000067f000000| PB 0x000000067f000000| Untracked 
| 509|0x000000067f400000, 0x000000067f400000, 0x000000067f800000|  0%| F|  |TAMS 0x000000067f400000| PB 0x000000067f400000| Untracked 
| 510|0x000000067f800000, 0x000000067f800000, 0x000000067fc00000|  0%| F|  |TAMS 0x000000067f800000| PB 0x000000067f800000| Untracked 
| 511|0x000000067fc00000, 0x000000067fc00000, 0x0000000680000000|  0%| F|  |TAMS 0x000000067fc00000| PB 0x000000067fc00000| Untracked 
| 512|0x0000000680000000, 0x0000000680000000, 0x0000000680400000|  0%| F|  |TAMS 0x0000000680000000| PB 0x0000000680000000| Untracked 
| 513|0x0000000680400000, 0x0000000680400000, 0x0000000680800000|  0%| F|  |TAMS 0x0000000680400000| PB 0x0000000680400000| Untracked 
| 514|0x0000000680800000, 0x0000000680800000, 0x0000000680c00000|  0%| F|  |TAMS 0x0000000680800000| PB 0x0000000680800000| Untracked 
| 515|0x0000000680c00000, 0x0000000680c00000, 0x0000000681000000|  0%| F|  |TAMS 0x0000000680c00000| PB 0x0000000680c00000| Untracked 
| 516|0x0000000681000000, 0x0000000681000000, 0x0000000681400000|  0%| F|  |TAMS 0x0000000681000000| PB 0x0000000681000000| Untracked 
| 517|0x0000000681400000, 0x0000000681400000, 0x0000000681800000|  0%| F|  |TAMS 0x0000000681400000| PB 0x0000000681400000| Untracked 
| 518|0x0000000681800000, 0x0000000681800000, 0x0000000681c00000|  0%| F|  |TAMS 0x0000000681800000| PB 0x0000000681800000| Untracked 
| 519|0x0000000681c00000, 0x0000000681c00000, 0x0000000682000000|  0%| F|  |TAMS 0x0000000681c00000| PB 0x0000000681c00000| Untracked 
| 520|0x0000000682000000, 0x0000000682000000, 0x0000000682400000|  0%| F|  |TAMS 0x0000000682000000| PB 0x0000000682000000| Untracked 
| 521|0x0000000682400000, 0x0000000682400000, 0x0000000682800000|  0%| F|  |TAMS 0x0000000682400000| PB 0x0000000682400000| Untracked 
| 522|0x0000000682800000, 0x0000000682800000, 0x0000000682c00000|  0%| F|  |TAMS 0x0000000682800000| PB 0x0000000682800000| Untracked 
| 523|0x0000000682c00000, 0x0000000682c00000, 0x0000000683000000|  0%| F|  |TAMS 0x0000000682c00000| PB 0x0000000682c00000| Untracked 
| 524|0x0000000683000000, 0x0000000683000000, 0x0000000683400000|  0%| F|  |TAMS 0x0000000683000000| PB 0x0000000683000000| Untracked 
| 525|0x0000000683400000, 0x0000000683400000, 0x0000000683800000|  0%| F|  |TAMS 0x0000000683400000| PB 0x0000000683400000| Untracked 
| 526|0x0000000683800000, 0x0000000683800000, 0x0000000683c00000|  0%| F|  |TAMS 0x0000000683800000| PB 0x0000000683800000| Untracked 
| 527|0x0000000683c00000, 0x0000000683c00000, 0x0000000684000000|  0%| F|  |TAMS 0x0000000683c00000| PB 0x0000000683c00000| Untracked 
| 528|0x0000000684000000, 0x0000000684000000, 0x0000000684400000|  0%| F|  |TAMS 0x0000000684000000| PB 0x0000000684000000| Untracked 
| 529|0x0000000684400000, 0x0000000684400000, 0x0000000684800000|  0%| F|  |TAMS 0x0000000684400000| PB 0x0000000684400000| Untracked 
| 530|0x0000000684800000, 0x0000000684800000, 0x0000000684c00000|  0%| F|  |TAMS 0x0000000684800000| PB 0x0000000684800000| Untracked 
| 531|0x0000000684c00000, 0x0000000684c00000, 0x0000000685000000|  0%| F|  |TAMS 0x0000000684c00000| PB 0x0000000684c00000| Untracked 
| 532|0x0000000685000000, 0x0000000685000000, 0x0000000685400000|  0%| F|  |TAMS 0x0000000685000000| PB 0x0000000685000000| Untracked 
| 533|0x0000000685400000, 0x0000000685400000, 0x0000000685800000|  0%| F|  |TAMS 0x0000000685400000| PB 0x0000000685400000| Untracked 
| 534|0x0000000685800000, 0x0000000685800000, 0x0000000685c00000|  0%| F|  |TAMS 0x0000000685800000| PB 0x0000000685800000| Untracked 
| 535|0x0000000685c00000, 0x0000000685c00000, 0x0000000686000000|  0%| F|  |TAMS 0x0000000685c00000| PB 0x0000000685c00000| Untracked 
| 536|0x0000000686000000, 0x0000000686000000, 0x0000000686400000|  0%| F|  |TAMS 0x0000000686000000| PB 0x0000000686000000| Untracked 
| 537|0x0000000686400000, 0x0000000686400000, 0x0000000686800000|  0%| F|  |TAMS 0x0000000686400000| PB 0x0000000686400000| Untracked 
| 538|0x0000000686800000, 0x0000000686800000, 0x0000000686c00000|  0%| F|  |TAMS 0x0000000686800000| PB 0x0000000686800000| Untracked 
| 539|0x0000000686c00000, 0x0000000686c00000, 0x0000000687000000|  0%| F|  |TAMS 0x0000000686c00000| PB 0x0000000686c00000| Untracked 
| 540|0x0000000687000000, 0x0000000687000000, 0x0000000687400000|  0%| F|  |TAMS 0x0000000687000000| PB 0x0000000687000000| Untracked 
| 541|0x0000000687400000, 0x0000000687400000, 0x0000000687800000|  0%| F|  |TAMS 0x0000000687400000| PB 0x0000000687400000| Untracked 
| 542|0x0000000687800000, 0x0000000687800000, 0x0000000687c00000|  0%| F|  |TAMS 0x0000000687800000| PB 0x0000000687800000| Untracked 
| 543|0x0000000687c00000, 0x0000000687c00000, 0x0000000688000000|  0%| F|  |TAMS 0x0000000687c00000| PB 0x0000000687c00000| Untracked 
| 544|0x0000000688000000, 0x0000000688000000, 0x0000000688400000|  0%| F|  |TAMS 0x0000000688000000| PB 0x0000000688000000| Untracked 
| 545|0x0000000688400000, 0x0000000688400000, 0x0000000688800000|  0%| F|  |TAMS 0x0000000688400000| PB 0x0000000688400000| Untracked 
| 546|0x0000000688800000, 0x0000000688800000, 0x0000000688c00000|  0%| F|  |TAMS 0x0000000688800000| PB 0x0000000688800000| Untracked 
| 547|0x0000000688c00000, 0x0000000688c00000, 0x0000000689000000|  0%| F|  |TAMS 0x0000000688c00000| PB 0x0000000688c00000| Untracked 
| 548|0x0000000689000000, 0x0000000689000000, 0x0000000689400000|  0%| F|  |TAMS 0x0000000689000000| PB 0x0000000689000000| Untracked 
| 549|0x0000000689400000, 0x0000000689400000, 0x0000000689800000|  0%| F|  |TAMS 0x0000000689400000| PB 0x0000000689400000| Untracked 
| 550|0x0000000689800000, 0x0000000689800000, 0x0000000689c00000|  0%| F|  |TAMS 0x0000000689800000| PB 0x0000000689800000| Untracked 
| 551|0x0000000689c00000, 0x0000000689c00000, 0x000000068a000000|  0%| F|  |TAMS 0x0000000689c00000| PB 0x0000000689c00000| Untracked 
| 552|0x000000068a000000, 0x000000068a000000, 0x000000068a400000|  0%| F|  |TAMS 0x000000068a000000| PB 0x000000068a000000| Untracked 
| 553|0x000000068a400000, 0x000000068a400000, 0x000000068a800000|  0%| F|  |TAMS 0x000000068a400000| PB 0x000000068a400000| Untracked 
| 554|0x000000068a800000, 0x000000068a800000, 0x000000068ac00000|  0%| F|  |TAMS 0x000000068a800000| PB 0x000000068a800000| Untracked 
| 555|0x000000068ac00000, 0x000000068ac00000, 0x000000068b000000|  0%| F|  |TAMS 0x000000068ac00000| PB 0x000000068ac00000| Untracked 
| 556|0x000000068b000000, 0x000000068b000000, 0x000000068b400000|  0%| F|  |TAMS 0x000000068b000000| PB 0x000000068b000000| Untracked 
| 557|0x000000068b400000, 0x000000068b400000, 0x000000068b800000|  0%| F|  |TAMS 0x000000068b400000| PB 0x000000068b400000| Untracked 
| 558|0x000000068b800000, 0x000000068b800000, 0x000000068bc00000|  0%| F|  |TAMS 0x000000068b800000| PB 0x000000068b800000| Untracked 
| 559|0x000000068bc00000, 0x000000068bc00000, 0x000000068c000000|  0%| F|  |TAMS 0x000000068bc00000| PB 0x000000068bc00000| Untracked 
| 560|0x000000068c000000, 0x000000068c000000, 0x000000068c400000|  0%| F|  |TAMS 0x000000068c000000| PB 0x000000068c000000| Untracked 
| 561|0x000000068c400000, 0x000000068c400000, 0x000000068c800000|  0%| F|  |TAMS 0x000000068c400000| PB 0x000000068c400000| Untracked 
| 562|0x000000068c800000, 0x000000068c800000, 0x000000068cc00000|  0%| F|  |TAMS 0x000000068c800000| PB 0x000000068c800000| Untracked 
| 563|0x000000068cc00000, 0x000000068cc00000, 0x000000068d000000|  0%| F|  |TAMS 0x000000068cc00000| PB 0x000000068cc00000| Untracked 
| 564|0x000000068d000000, 0x000000068d000000, 0x000000068d400000|  0%| F|  |TAMS 0x000000068d000000| PB 0x000000068d000000| Untracked 
| 565|0x000000068d400000, 0x000000068d400000, 0x000000068d800000|  0%| F|  |TAMS 0x000000068d400000| PB 0x000000068d400000| Untracked 
| 566|0x000000068d800000, 0x000000068d800000, 0x000000068dc00000|  0%| F|  |TAMS 0x000000068d800000| PB 0x000000068d800000| Untracked 
| 567|0x000000068dc00000, 0x000000068dc00000, 0x000000068e000000|  0%| F|  |TAMS 0x000000068dc00000| PB 0x000000068dc00000| Untracked 
| 568|0x000000068e000000, 0x000000068e000000, 0x000000068e400000|  0%| F|  |TAMS 0x000000068e000000| PB 0x000000068e000000| Untracked 
| 569|0x000000068e400000, 0x000000068e400000, 0x000000068e800000|  0%| F|  |TAMS 0x000000068e400000| PB 0x000000068e400000| Untracked 
| 570|0x000000068e800000, 0x000000068e800000, 0x000000068ec00000|  0%| F|  |TAMS 0x000000068e800000| PB 0x000000068e800000| Untracked 
| 571|0x000000068ec00000, 0x000000068ec00000, 0x000000068f000000|  0%| F|  |TAMS 0x000000068ec00000| PB 0x000000068ec00000| Untracked 
| 572|0x000000068f000000, 0x000000068f000000, 0x000000068f400000|  0%| F|  |TAMS 0x000000068f000000| PB 0x000000068f000000| Untracked 
| 573|0x000000068f400000, 0x000000068f400000, 0x000000068f800000|  0%| F|  |TAMS 0x000000068f400000| PB 0x000000068f400000| Untracked 
| 574|0x000000068f800000, 0x000000068f800000, 0x000000068fc00000|  0%| F|  |TAMS 0x000000068f800000| PB 0x000000068f800000| Untracked 
| 575|0x000000068fc00000, 0x000000068fc00000, 0x0000000690000000|  0%| F|  |TAMS 0x000000068fc00000| PB 0x000000068fc00000| Untracked 
| 576|0x0000000690000000, 0x0000000690000000, 0x0000000690400000|  0%| F|  |TAMS 0x0000000690000000| PB 0x0000000690000000| Untracked 
| 577|0x0000000690400000, 0x0000000690400000, 0x0000000690800000|  0%| F|  |TAMS 0x0000000690400000| PB 0x0000000690400000| Untracked 
| 578|0x0000000690800000, 0x0000000690800000, 0x0000000690c00000|  0%| F|  |TAMS 0x0000000690800000| PB 0x0000000690800000| Untracked 
| 579|0x0000000690c00000, 0x0000000690c00000, 0x0000000691000000|  0%| F|  |TAMS 0x0000000690c00000| PB 0x0000000690c00000| Untracked 
| 580|0x0000000691000000, 0x0000000691000000, 0x0000000691400000|  0%| F|  |TAMS 0x0000000691000000| PB 0x0000000691000000| Untracked 
| 581|0x0000000691400000, 0x0000000691400000, 0x0000000691800000|  0%| F|  |TAMS 0x0000000691400000| PB 0x0000000691400000| Untracked 
| 582|0x0000000691800000, 0x0000000691800000, 0x0000000691c00000|  0%| F|  |TAMS 0x0000000691800000| PB 0x0000000691800000| Untracked 
| 583|0x0000000691c00000, 0x0000000691c00000, 0x0000000692000000|  0%| F|  |TAMS 0x0000000691c00000| PB 0x0000000691c00000| Untracked 
| 584|0x0000000692000000, 0x0000000692000000, 0x0000000692400000|  0%| F|  |TAMS 0x0000000692000000| PB 0x0000000692000000| Untracked 
| 585|0x0000000692400000, 0x0000000692400000, 0x0000000692800000|  0%| F|  |TAMS 0x0000000692400000| PB 0x0000000692400000| Untracked 
| 586|0x0000000692800000, 0x0000000692800000, 0x0000000692c00000|  0%| F|  |TAMS 0x0000000692800000| PB 0x0000000692800000| Untracked 
| 587|0x0000000692c00000, 0x0000000692c00000, 0x0000000693000000|  0%| F|  |TAMS 0x0000000692c00000| PB 0x0000000692c00000| Untracked 
| 588|0x0000000693000000, 0x0000000693000000, 0x0000000693400000|  0%| F|  |TAMS 0x0000000693000000| PB 0x0000000693000000| Untracked 
| 589|0x0000000693400000, 0x0000000693400000, 0x0000000693800000|  0%| F|  |TAMS 0x0000000693400000| PB 0x0000000693400000| Untracked 
| 590|0x0000000693800000, 0x0000000693800000, 0x0000000693c00000|  0%| F|  |TAMS 0x0000000693800000| PB 0x0000000693800000| Untracked 
| 591|0x0000000693c00000, 0x0000000693c00000, 0x0000000694000000|  0%| F|  |TAMS 0x0000000693c00000| PB 0x0000000693c00000| Untracked 
| 592|0x0000000694000000, 0x0000000694000000, 0x0000000694400000|  0%| F|  |TAMS 0x0000000694000000| PB 0x0000000694000000| Untracked 
| 593|0x0000000694400000, 0x0000000694400000, 0x0000000694800000|  0%| F|  |TAMS 0x0000000694400000| PB 0x0000000694400000| Untracked 
| 594|0x0000000694800000, 0x0000000694800000, 0x0000000694c00000|  0%| F|  |TAMS 0x0000000694800000| PB 0x0000000694800000| Untracked 
| 595|0x0000000694c00000, 0x0000000694c00000, 0x0000000695000000|  0%| F|  |TAMS 0x0000000694c00000| PB 0x0000000694c00000| Untracked 
| 596|0x0000000695000000, 0x0000000695000000, 0x0000000695400000|  0%| F|  |TAMS 0x0000000695000000| PB 0x0000000695000000| Untracked 
| 597|0x0000000695400000, 0x0000000695400000, 0x0000000695800000|  0%| F|  |TAMS 0x0000000695400000| PB 0x0000000695400000| Untracked 
| 598|0x0000000695800000, 0x0000000695800000, 0x0000000695c00000|  0%| F|  |TAMS 0x0000000695800000| PB 0x0000000695800000| Untracked 
| 599|0x0000000695c00000, 0x0000000695c00000, 0x0000000696000000|  0%| F|  |TAMS 0x0000000695c00000| PB 0x0000000695c00000| Untracked 
| 600|0x0000000696000000, 0x0000000696000000, 0x0000000696400000|  0%| F|  |TAMS 0x0000000696000000| PB 0x0000000696000000| Untracked 
| 601|0x0000000696400000, 0x0000000696400000, 0x0000000696800000|  0%| F|  |TAMS 0x0000000696400000| PB 0x0000000696400000| Untracked 
| 602|0x0000000696800000, 0x0000000696800000, 0x0000000696c00000|  0%| F|  |TAMS 0x0000000696800000| PB 0x0000000696800000| Untracked 
| 603|0x0000000696c00000, 0x0000000696c00000, 0x0000000697000000|  0%| F|  |TAMS 0x0000000696c00000| PB 0x0000000696c00000| Untracked 
| 604|0x0000000697000000, 0x0000000697000000, 0x0000000697400000|  0%| F|  |TAMS 0x0000000697000000| PB 0x0000000697000000| Untracked 
| 605|0x0000000697400000, 0x0000000697400000, 0x0000000697800000|  0%| F|  |TAMS 0x0000000697400000| PB 0x0000000697400000| Untracked 
| 606|0x0000000697800000, 0x0000000697800000, 0x0000000697c00000|  0%| F|  |TAMS 0x0000000697800000| PB 0x0000000697800000| Untracked 
| 607|0x0000000697c00000, 0x0000000697c00000, 0x0000000698000000|  0%| F|  |TAMS 0x0000000697c00000| PB 0x0000000697c00000| Untracked 
| 608|0x0000000698000000, 0x0000000698000000, 0x0000000698400000|  0%| F|  |TAMS 0x0000000698000000| PB 0x0000000698000000| Untracked 
| 609|0x0000000698400000, 0x0000000698400000, 0x0000000698800000|  0%| F|  |TAMS 0x0000000698400000| PB 0x0000000698400000| Untracked 
| 610|0x0000000698800000, 0x0000000698800000, 0x0000000698c00000|  0%| F|  |TAMS 0x0000000698800000| PB 0x0000000698800000| Untracked 
| 611|0x0000000698c00000, 0x0000000698c00000, 0x0000000699000000|  0%| F|  |TAMS 0x0000000698c00000| PB 0x0000000698c00000| Untracked 
| 612|0x0000000699000000, 0x0000000699000000, 0x0000000699400000|  0%| F|  |TAMS 0x0000000699000000| PB 0x0000000699000000| Untracked 
| 613|0x0000000699400000, 0x0000000699400000, 0x0000000699800000|  0%| F|  |TAMS 0x0000000699400000| PB 0x0000000699400000| Untracked 
| 614|0x0000000699800000, 0x0000000699800000, 0x0000000699c00000|  0%| F|  |TAMS 0x0000000699800000| PB 0x0000000699800000| Untracked 
| 615|0x0000000699c00000, 0x0000000699c00000, 0x000000069a000000|  0%| F|  |TAMS 0x0000000699c00000| PB 0x0000000699c00000| Untracked 
| 616|0x000000069a000000, 0x000000069a000000, 0x000000069a400000|  0%| F|  |TAMS 0x000000069a000000| PB 0x000000069a000000| Untracked 
| 617|0x000000069a400000, 0x000000069a400000, 0x000000069a800000|  0%| F|  |TAMS 0x000000069a400000| PB 0x000000069a400000| Untracked 
| 618|0x000000069a800000, 0x000000069a800000, 0x000000069ac00000|  0%| F|  |TAMS 0x000000069a800000| PB 0x000000069a800000| Untracked 
| 619|0x000000069ac00000, 0x000000069ac00000, 0x000000069b000000|  0%| F|  |TAMS 0x000000069ac00000| PB 0x000000069ac00000| Untracked 
| 620|0x000000069b000000, 0x000000069b000000, 0x000000069b400000|  0%| F|  |TAMS 0x000000069b000000| PB 0x000000069b000000| Untracked 
| 621|0x000000069b400000, 0x000000069b400000, 0x000000069b800000|  0%| F|  |TAMS 0x000000069b400000| PB 0x000000069b400000| Untracked 
| 622|0x000000069b800000, 0x000000069b800000, 0x000000069bc00000|  0%| F|  |TAMS 0x000000069b800000| PB 0x000000069b800000| Untracked 
| 623|0x000000069bc00000, 0x000000069bc00000, 0x000000069c000000|  0%| F|  |TAMS 0x000000069bc00000| PB 0x000000069bc00000| Untracked 
| 624|0x000000069c000000, 0x000000069c12ba68, 0x000000069c400000| 29%| E|  |TAMS 0x000000069c000000| PB 0x000000069c000000| Complete 
| 625|0x000000069c400000, 0x000000069c800000, 0x000000069c800000|100%| E|CS|TAMS 0x000000069c400000| PB 0x000000069c400000| Complete 
| 626|0x000000069c800000, 0x000000069cc00000, 0x000000069cc00000|100%| E|CS|TAMS 0x000000069c800000| PB 0x000000069c800000| Complete 
| 627|0x000000069cc00000, 0x000000069d000000, 0x000000069d000000|100%| E|CS|TAMS 0x000000069cc00000| PB 0x000000069cc00000| Complete 
| 628|0x000000069d000000, 0x000000069d400000, 0x000000069d400000|100%| E|CS|TAMS 0x000000069d000000| PB 0x000000069d000000| Complete 
| 629|0x000000069d400000, 0x000000069d800000, 0x000000069d800000|100%| E|CS|TAMS 0x000000069d400000| PB 0x000000069d400000| Complete 
| 630|0x000000069d800000, 0x000000069dc00000, 0x000000069dc00000|100%| E|CS|TAMS 0x000000069d800000| PB 0x000000069d800000| Complete 
| 631|0x000000069dc00000, 0x000000069e000000, 0x000000069e000000|100%| E|CS|TAMS 0x000000069dc00000| PB 0x000000069dc00000| Complete 
| 632|0x000000069e000000, 0x000000069e400000, 0x000000069e400000|100%| E|CS|TAMS 0x000000069e000000| PB 0x000000069e000000| Complete 
| 633|0x000000069e400000, 0x000000069e800000, 0x000000069e800000|100%| E|CS|TAMS 0x000000069e400000| PB 0x000000069e400000| Complete 
| 634|0x000000069e800000, 0x000000069ec00000, 0x000000069ec00000|100%| E|CS|TAMS 0x000000069e800000| PB 0x000000069e800000| Complete 
| 635|0x000000069ec00000, 0x000000069f000000, 0x000000069f000000|100%| E|CS|TAMS 0x000000069ec00000| PB 0x000000069ec00000| Complete 
| 636|0x000000069f000000, 0x000000069f400000, 0x000000069f400000|100%| E|CS|TAMS 0x000000069f000000| PB 0x000000069f000000| Complete 
| 637|0x000000069f400000, 0x000000069f800000, 0x000000069f800000|100%| E|CS|TAMS 0x000000069f400000| PB 0x000000069f400000| Complete 
| 638|0x000000069f800000, 0x000000069fc00000, 0x000000069fc00000|100%| E|CS|TAMS 0x000000069f800000| PB 0x000000069f800000| Complete 
| 639|0x000000069fc00000, 0x00000006a0000000, 0x00000006a0000000|100%| E|CS|TAMS 0x000000069fc00000| PB 0x000000069fc00000| Complete 
| 640|0x00000006a0000000, 0x00000006a0400000, 0x00000006a0400000|100%| E|  |TAMS 0x00000006a0000000| PB 0x00000006a0000000| Complete 
| 641|0x00000006a0400000, 0x00000006a0800000, 0x00000006a0800000|100%| E|CS|TAMS 0x00000006a0400000| PB 0x00000006a0400000| Complete 
| 642|0x00000006a0800000, 0x00000006a0c00000, 0x00000006a0c00000|100%| E|CS|TAMS 0x00000006a0800000| PB 0x00000006a0800000| Complete 
| 643|0x00000006a0c00000, 0x00000006a1000000, 0x00000006a1000000|100%| E|CS|TAMS 0x00000006a0c00000| PB 0x00000006a0c00000| Complete 
| 644|0x00000006a1000000, 0x00000006a1400000, 0x00000006a1400000|100%| E|CS|TAMS 0x00000006a1000000| PB 0x00000006a1000000| Complete 
| 645|0x00000006a1400000, 0x00000006a1800000, 0x00000006a1800000|100%| E|CS|TAMS 0x00000006a1400000| PB 0x00000006a1400000| Complete 
| 646|0x00000006a1800000, 0x00000006a1c00000, 0x00000006a1c00000|100%| E|CS|TAMS 0x00000006a1800000| PB 0x00000006a1800000| Complete 
| 647|0x00000006a1c00000, 0x00000006a2000000, 0x00000006a2000000|100%| E|CS|TAMS 0x00000006a1c00000| PB 0x00000006a1c00000| Complete 
| 648|0x00000006a2000000, 0x00000006a2400000, 0x00000006a2400000|100%| E|CS|TAMS 0x00000006a2000000| PB 0x00000006a2000000| Complete 
| 649|0x00000006a2400000, 0x00000006a2800000, 0x00000006a2800000|100%| E|CS|TAMS 0x00000006a2400000| PB 0x00000006a2400000| Complete 
| 650|0x00000006a2800000, 0x00000006a2c00000, 0x00000006a2c00000|100%| E|CS|TAMS 0x00000006a2800000| PB 0x00000006a2800000| Complete 
| 651|0x00000006a2c00000, 0x00000006a3000000, 0x00000006a3000000|100%| E|CS|TAMS 0x00000006a2c00000| PB 0x00000006a2c00000| Complete 
| 652|0x00000006a3000000, 0x00000006a3400000, 0x00000006a3400000|100%| E|CS|TAMS 0x00000006a3000000| PB 0x00000006a3000000| Complete 
| 653|0x00000006a3400000, 0x00000006a3800000, 0x00000006a3800000|100%| E|CS|TAMS 0x00000006a3400000| PB 0x00000006a3400000| Complete 
| 654|0x00000006a3800000, 0x00000006a3c00000, 0x00000006a3c00000|100%| E|CS|TAMS 0x00000006a3800000| PB 0x00000006a3800000| Complete 
| 655|0x00000006a3c00000, 0x00000006a4000000, 0x00000006a4000000|100%| E|CS|TAMS 0x00000006a3c00000| PB 0x00000006a3c00000| Complete 
| 656|0x00000006a4000000, 0x00000006a4400000, 0x00000006a4400000|100%| E|CS|TAMS 0x00000006a4000000| PB 0x00000006a4000000| Complete 
| 657|0x00000006a4400000, 0x00000006a4800000, 0x00000006a4800000|100%| E|CS|TAMS 0x00000006a4400000| PB 0x00000006a4400000| Complete 
| 658|0x00000006a4800000, 0x00000006a4c00000, 0x00000006a4c00000|100%| E|CS|TAMS 0x00000006a4800000| PB 0x00000006a4800000| Complete 
| 659|0x00000006a4c00000, 0x00000006a5000000, 0x00000006a5000000|100%| E|CS|TAMS 0x00000006a4c00000| PB 0x00000006a4c00000| Complete 
| 660|0x00000006a5000000, 0x00000006a5400000, 0x00000006a5400000|100%| E|CS|TAMS 0x00000006a5000000| PB 0x00000006a5000000| Complete 
| 661|0x00000006a5400000, 0x00000006a5800000, 0x00000006a5800000|100%| E|CS|TAMS 0x00000006a5400000| PB 0x00000006a5400000| Complete 
| 662|0x00000006a5800000, 0x00000006a5c00000, 0x00000006a5c00000|100%| E|CS|TAMS 0x00000006a5800000| PB 0x00000006a5800000| Complete 
| 663|0x00000006a5c00000, 0x00000006a6000000, 0x00000006a6000000|100%| E|CS|TAMS 0x00000006a5c00000| PB 0x00000006a5c00000| Complete 
| 664|0x00000006a6000000, 0x00000006a6400000, 0x00000006a6400000|100%| E|CS|TAMS 0x00000006a6000000| PB 0x00000006a6000000| Complete 
| 665|0x00000006a6400000, 0x00000006a6800000, 0x00000006a6800000|100%| E|CS|TAMS 0x00000006a6400000| PB 0x00000006a6400000| Complete 
| 666|0x00000006a6800000, 0x00000006a6c00000, 0x00000006a6c00000|100%| E|CS|TAMS 0x00000006a6800000| PB 0x00000006a6800000| Complete 
| 667|0x00000006a6c00000, 0x00000006a7000000, 0x00000006a7000000|100%| E|CS|TAMS 0x00000006a6c00000| PB 0x00000006a6c00000| Complete 
| 668|0x00000006a7000000, 0x00000006a7400000, 0x00000006a7400000|100%| E|CS|TAMS 0x00000006a7000000| PB 0x00000006a7000000| Complete 
| 669|0x00000006a7400000, 0x00000006a7800000, 0x00000006a7800000|100%| E|CS|TAMS 0x00000006a7400000| PB 0x00000006a7400000| Complete 
| 670|0x00000006a7800000, 0x00000006a7c00000, 0x00000006a7c00000|100%| E|CS|TAMS 0x00000006a7800000| PB 0x00000006a7800000| Complete 
| 671|0x00000006a7c00000, 0x00000006a8000000, 0x00000006a8000000|100%| E|CS|TAMS 0x00000006a7c00000| PB 0x00000006a7c00000| Complete 
| 672|0x00000006a8000000, 0x00000006a8400000, 0x00000006a8400000|100%| E|CS|TAMS 0x00000006a8000000| PB 0x00000006a8000000| Complete 
| 673|0x00000006a8400000, 0x00000006a8800000, 0x00000006a8800000|100%| E|CS|TAMS 0x00000006a8400000| PB 0x00000006a8400000| Complete 
| 674|0x00000006a8800000, 0x00000006a8c00000, 0x00000006a8c00000|100%| E|CS|TAMS 0x00000006a8800000| PB 0x00000006a8800000| Complete 
| 675|0x00000006a8c00000, 0x00000006a9000000, 0x00000006a9000000|100%| E|CS|TAMS 0x00000006a8c00000| PB 0x00000006a8c00000| Complete 
| 676|0x00000006a9000000, 0x00000006a9400000, 0x00000006a9400000|100%| E|CS|TAMS 0x00000006a9000000| PB 0x00000006a9000000| Complete 
| 677|0x00000006a9400000, 0x00000006a9800000, 0x00000006a9800000|100%| E|CS|TAMS 0x00000006a9400000| PB 0x00000006a9400000| Complete 
| 678|0x00000006a9800000, 0x00000006a9c00000, 0x00000006a9c00000|100%| E|CS|TAMS 0x00000006a9800000| PB 0x00000006a9800000| Complete 
| 679|0x00000006a9c00000, 0x00000006aa000000, 0x00000006aa000000|100%| E|CS|TAMS 0x00000006a9c00000| PB 0x00000006a9c00000| Complete 
| 680|0x00000006aa000000, 0x00000006aa400000, 0x00000006aa400000|100%| E|CS|TAMS 0x00000006aa000000| PB 0x00000006aa000000| Complete 
| 681|0x00000006aa400000, 0x00000006aa800000, 0x00000006aa800000|100%| E|CS|TAMS 0x00000006aa400000| PB 0x00000006aa400000| Complete 
| 682|0x00000006aa800000, 0x00000006aac00000, 0x00000006aac00000|100%| E|CS|TAMS 0x00000006aa800000| PB 0x00000006aa800000| Complete 
| 683|0x00000006aac00000, 0x00000006ab000000, 0x00000006ab000000|100%| E|CS|TAMS 0x00000006aac00000| PB 0x00000006aac00000| Complete 
| 684|0x00000006ab000000, 0x00000006ab400000, 0x00000006ab400000|100%| E|CS|TAMS 0x00000006ab000000| PB 0x00000006ab000000| Complete 
| 685|0x00000006ab400000, 0x00000006ab800000, 0x00000006ab800000|100%| E|CS|TAMS 0x00000006ab400000| PB 0x00000006ab400000| Complete 
| 686|0x00000006ab800000, 0x00000006abc00000, 0x00000006abc00000|100%| E|CS|TAMS 0x00000006ab800000| PB 0x00000006ab800000| Complete 
| 687|0x00000006abc00000, 0x00000006ac000000, 0x00000006ac000000|100%| E|CS|TAMS 0x00000006abc00000| PB 0x00000006abc00000| Complete 
| 688|0x00000006ac000000, 0x00000006ac400000, 0x00000006ac400000|100%| E|CS|TAMS 0x00000006ac000000| PB 0x00000006ac000000| Complete 
| 689|0x00000006ac400000, 0x00000006ac800000, 0x00000006ac800000|100%| E|CS|TAMS 0x00000006ac400000| PB 0x00000006ac400000| Complete 
| 690|0x00000006ac800000, 0x00000006acc00000, 0x00000006acc00000|100%| E|CS|TAMS 0x00000006ac800000| PB 0x00000006ac800000| Complete 
| 691|0x00000006acc00000, 0x00000006ad000000, 0x00000006ad000000|100%| E|CS|TAMS 0x00000006acc00000| PB 0x00000006acc00000| Complete 
| 692|0x00000006ad000000, 0x00000006ad400000, 0x00000006ad400000|100%| E|CS|TAMS 0x00000006ad000000| PB 0x00000006ad000000| Complete 
| 693|0x00000006ad400000, 0x00000006ad800000, 0x00000006ad800000|100%| E|CS|TAMS 0x00000006ad400000| PB 0x00000006ad400000| Complete 
| 694|0x00000006ad800000, 0x00000006adc00000, 0x00000006adc00000|100%| E|CS|TAMS 0x00000006ad800000| PB 0x00000006ad800000| Complete 
| 695|0x00000006adc00000, 0x00000006ae000000, 0x00000006ae000000|100%| E|CS|TAMS 0x00000006adc00000| PB 0x00000006adc00000| Complete 
| 696|0x00000006ae000000, 0x00000006ae400000, 0x00000006ae400000|100%| E|CS|TAMS 0x00000006ae000000| PB 0x00000006ae000000| Complete 
| 697|0x00000006ae400000, 0x00000006ae800000, 0x00000006ae800000|100%| E|CS|TAMS 0x00000006ae400000| PB 0x00000006ae400000| Complete 
| 698|0x00000006ae800000, 0x00000006aec00000, 0x00000006aec00000|100%| E|CS|TAMS 0x00000006ae800000| PB 0x00000006ae800000| Complete 
| 699|0x00000006aec00000, 0x00000006af000000, 0x00000006af000000|100%| E|CS|TAMS 0x00000006aec00000| PB 0x00000006aec00000| Complete 
| 700|0x00000006af000000, 0x00000006af400000, 0x00000006af400000|100%| E|CS|TAMS 0x00000006af000000| PB 0x00000006af000000| Complete 
| 701|0x00000006af400000, 0x00000006af800000, 0x00000006af800000|100%| E|CS|TAMS 0x00000006af400000| PB 0x00000006af400000| Complete 
| 702|0x00000006af800000, 0x00000006afc00000, 0x00000006afc00000|100%| E|CS|TAMS 0x00000006af800000| PB 0x00000006af800000| Complete 
| 703|0x00000006afc00000, 0x00000006b0000000, 0x00000006b0000000|100%| E|CS|TAMS 0x00000006afc00000| PB 0x00000006afc00000| Complete 
| 704|0x00000006b0000000, 0x00000006b0400000, 0x00000006b0400000|100%| E|CS|TAMS 0x00000006b0000000| PB 0x00000006b0000000| Complete 
| 705|0x00000006b0400000, 0x00000006b0800000, 0x00000006b0800000|100%| E|CS|TAMS 0x00000006b0400000| PB 0x00000006b0400000| Complete 
| 706|0x00000006b0800000, 0x00000006b0c00000, 0x00000006b0c00000|100%| E|CS|TAMS 0x00000006b0800000| PB 0x00000006b0800000| Complete 
| 707|0x00000006b0c00000, 0x00000006b1000000, 0x00000006b1000000|100%| E|CS|TAMS 0x00000006b0c00000| PB 0x00000006b0c00000| Complete 
| 708|0x00000006b1000000, 0x00000006b1400000, 0x00000006b1400000|100%| E|CS|TAMS 0x00000006b1000000| PB 0x00000006b1000000| Complete 
| 709|0x00000006b1400000, 0x00000006b1800000, 0x00000006b1800000|100%| E|CS|TAMS 0x00000006b1400000| PB 0x00000006b1400000| Complete 
| 710|0x00000006b1800000, 0x00000006b1c00000, 0x00000006b1c00000|100%| E|CS|TAMS 0x00000006b1800000| PB 0x00000006b1800000| Complete 
| 711|0x00000006b1c00000, 0x00000006b2000000, 0x00000006b2000000|100%| E|CS|TAMS 0x00000006b1c00000| PB 0x00000006b1c00000| Complete 
| 712|0x00000006b2000000, 0x00000006b2400000, 0x00000006b2400000|100%| E|CS|TAMS 0x00000006b2000000| PB 0x00000006b2000000| Complete 
| 713|0x00000006b2400000, 0x00000006b2800000, 0x00000006b2800000|100%| E|CS|TAMS 0x00000006b2400000| PB 0x00000006b2400000| Complete 
| 714|0x00000006b2800000, 0x00000006b2c00000, 0x00000006b2c00000|100%| E|CS|TAMS 0x00000006b2800000| PB 0x00000006b2800000| Complete 
| 715|0x00000006b2c00000, 0x00000006b3000000, 0x00000006b3000000|100%| E|CS|TAMS 0x00000006b2c00000| PB 0x00000006b2c00000| Complete 
| 716|0x00000006b3000000, 0x00000006b3400000, 0x00000006b3400000|100%| E|CS|TAMS 0x00000006b3000000| PB 0x00000006b3000000| Complete 
| 717|0x00000006b3400000, 0x00000006b3800000, 0x00000006b3800000|100%| E|CS|TAMS 0x00000006b3400000| PB 0x00000006b3400000| Complete 
| 718|0x00000006b3800000, 0x00000006b3c00000, 0x00000006b3c00000|100%| E|CS|TAMS 0x00000006b3800000| PB 0x00000006b3800000| Complete 
| 719|0x00000006b3c00000, 0x00000006b4000000, 0x00000006b4000000|100%| E|CS|TAMS 0x00000006b3c00000| PB 0x00000006b3c00000| Complete 
| 720|0x00000006b4000000, 0x00000006b4400000, 0x00000006b4400000|100%| E|CS|TAMS 0x00000006b4000000| PB 0x00000006b4000000| Complete 
| 721|0x00000006b4400000, 0x00000006b4800000, 0x00000006b4800000|100%| E|CS|TAMS 0x00000006b4400000| PB 0x00000006b4400000| Complete 
| 722|0x00000006b4800000, 0x00000006b4c00000, 0x00000006b4c00000|100%| E|CS|TAMS 0x00000006b4800000| PB 0x00000006b4800000| Complete 
| 723|0x00000006b4c00000, 0x00000006b5000000, 0x00000006b5000000|100%| E|CS|TAMS 0x00000006b4c00000| PB 0x00000006b4c00000| Complete 
| 724|0x00000006b5000000, 0x00000006b5400000, 0x00000006b5400000|100%| E|CS|TAMS 0x00000006b5000000| PB 0x00000006b5000000| Complete 
| 725|0x00000006b5400000, 0x00000006b5800000, 0x00000006b5800000|100%| E|CS|TAMS 0x00000006b5400000| PB 0x00000006b5400000| Complete 
| 726|0x00000006b5800000, 0x00000006b5c00000, 0x00000006b5c00000|100%| E|CS|TAMS 0x00000006b5800000| PB 0x00000006b5800000| Complete 
| 727|0x00000006b5c00000, 0x00000006b6000000, 0x00000006b6000000|100%| E|CS|TAMS 0x00000006b5c00000| PB 0x00000006b5c00000| Complete 
| 728|0x00000006b6000000, 0x00000006b6400000, 0x00000006b6400000|100%| E|CS|TAMS 0x00000006b6000000| PB 0x00000006b6000000| Complete 
| 729|0x00000006b6400000, 0x00000006b6800000, 0x00000006b6800000|100%| E|CS|TAMS 0x00000006b6400000| PB 0x00000006b6400000| Complete 
| 730|0x00000006b6800000, 0x00000006b6c00000, 0x00000006b6c00000|100%| E|CS|TAMS 0x00000006b6800000| PB 0x00000006b6800000| Complete 
| 731|0x00000006b6c00000, 0x00000006b7000000, 0x00000006b7000000|100%| E|CS|TAMS 0x00000006b6c00000| PB 0x00000006b6c00000| Complete 
| 732|0x00000006b7000000, 0x00000006b7400000, 0x00000006b7400000|100%| E|CS|TAMS 0x00000006b7000000| PB 0x00000006b7000000| Complete 
| 733|0x00000006b7400000, 0x00000006b7800000, 0x00000006b7800000|100%| E|CS|TAMS 0x00000006b7400000| PB 0x00000006b7400000| Complete 
| 734|0x00000006b7800000, 0x00000006b7c00000, 0x00000006b7c00000|100%| E|CS|TAMS 0x00000006b7800000| PB 0x00000006b7800000| Complete 
| 735|0x00000006b7c00000, 0x00000006b8000000, 0x00000006b8000000|100%| E|CS|TAMS 0x00000006b7c00000| PB 0x00000006b7c00000| Complete 
| 736|0x00000006b8000000, 0x00000006b8400000, 0x00000006b8400000|100%| E|CS|TAMS 0x00000006b8000000| PB 0x00000006b8000000| Complete 
| 737|0x00000006b8400000, 0x00000006b8800000, 0x00000006b8800000|100%| E|CS|TAMS 0x00000006b8400000| PB 0x00000006b8400000| Complete 
| 738|0x00000006b8800000, 0x00000006b8c00000, 0x00000006b8c00000|100%| E|CS|TAMS 0x00000006b8800000| PB 0x00000006b8800000| Complete 
| 739|0x00000006b8c00000, 0x00000006b9000000, 0x00000006b9000000|100%| E|CS|TAMS 0x00000006b8c00000| PB 0x00000006b8c00000| Complete 
| 740|0x00000006b9000000, 0x00000006b9400000, 0x00000006b9400000|100%| E|CS|TAMS 0x00000006b9000000| PB 0x00000006b9000000| Complete 
| 741|0x00000006b9400000, 0x00000006b9800000, 0x00000006b9800000|100%| E|CS|TAMS 0x00000006b9400000| PB 0x00000006b9400000| Complete 
| 742|0x00000006b9800000, 0x00000006b9c00000, 0x00000006b9c00000|100%| E|CS|TAMS 0x00000006b9800000| PB 0x00000006b9800000| Complete 
| 743|0x00000006b9c00000, 0x00000006ba000000, 0x00000006ba000000|100%| E|CS|TAMS 0x00000006b9c00000| PB 0x00000006b9c00000| Complete 
| 744|0x00000006ba000000, 0x00000006ba400000, 0x00000006ba400000|100%| E|CS|TAMS 0x00000006ba000000| PB 0x00000006ba000000| Complete 
| 745|0x00000006ba400000, 0x00000006ba800000, 0x00000006ba800000|100%| E|CS|TAMS 0x00000006ba400000| PB 0x00000006ba400000| Complete 
| 746|0x00000006ba800000, 0x00000006bac00000, 0x00000006bac00000|100%| E|CS|TAMS 0x00000006ba800000| PB 0x00000006ba800000| Complete 
| 747|0x00000006bac00000, 0x00000006bb000000, 0x00000006bb000000|100%| E|CS|TAMS 0x00000006bac00000| PB 0x00000006bac00000| Complete 
| 748|0x00000006bb000000, 0x00000006bb400000, 0x00000006bb400000|100%| E|CS|TAMS 0x00000006bb000000| PB 0x00000006bb000000| Complete 
| 749|0x00000006bb400000, 0x00000006bb800000, 0x00000006bb800000|100%| E|CS|TAMS 0x00000006bb400000| PB 0x00000006bb400000| Complete 
| 750|0x00000006bb800000, 0x00000006bbc00000, 0x00000006bbc00000|100%| E|CS|TAMS 0x00000006bb800000| PB 0x00000006bb800000| Complete 
| 751|0x00000006bbc00000, 0x00000006bc000000, 0x00000006bc000000|100%| E|CS|TAMS 0x00000006bbc00000| PB 0x00000006bbc00000| Complete 
| 752|0x00000006bc000000, 0x00000006bc400000, 0x00000006bc400000|100%| E|CS|TAMS 0x00000006bc000000| PB 0x00000006bc000000| Complete 
| 753|0x00000006bc400000, 0x00000006bc800000, 0x00000006bc800000|100%| E|CS|TAMS 0x00000006bc400000| PB 0x00000006bc400000| Complete 
| 754|0x00000006bc800000, 0x00000006bcc00000, 0x00000006bcc00000|100%| E|CS|TAMS 0x00000006bc800000| PB 0x00000006bc800000| Complete 
| 755|0x00000006bcc00000, 0x00000006bd000000, 0x00000006bd000000|100%| E|CS|TAMS 0x00000006bcc00000| PB 0x00000006bcc00000| Complete 
| 756|0x00000006bd000000, 0x00000006bd400000, 0x00000006bd400000|100%| E|CS|TAMS 0x00000006bd000000| PB 0x00000006bd000000| Complete 
| 757|0x00000006bd400000, 0x00000006bd800000, 0x00000006bd800000|100%| E|CS|TAMS 0x00000006bd400000| PB 0x00000006bd400000| Complete 
| 758|0x00000006bd800000, 0x00000006bdc00000, 0x00000006bdc00000|100%| E|CS|TAMS 0x00000006bd800000| PB 0x00000006bd800000| Complete 
| 759|0x00000006bdc00000, 0x00000006be000000, 0x00000006be000000|100%| E|CS|TAMS 0x00000006bdc00000| PB 0x00000006bdc00000| Complete 
| 760|0x00000006be000000, 0x00000006be400000, 0x00000006be400000|100%| E|CS|TAMS 0x00000006be000000| PB 0x00000006be000000| Complete 
| 761|0x00000006be400000, 0x00000006be800000, 0x00000006be800000|100%| E|CS|TAMS 0x00000006be400000| PB 0x00000006be400000| Complete 
| 762|0x00000006be800000, 0x00000006bec00000, 0x00000006bec00000|100%| E|CS|TAMS 0x00000006be800000| PB 0x00000006be800000| Complete 
| 763|0x00000006bec00000, 0x00000006bf000000, 0x00000006bf000000|100%| E|CS|TAMS 0x00000006bec00000| PB 0x00000006bec00000| Complete 
| 764|0x00000006bf000000, 0x00000006bf400000, 0x00000006bf400000|100%| E|CS|TAMS 0x00000006bf000000| PB 0x00000006bf000000| Complete 
| 765|0x00000006bf400000, 0x00000006bf800000, 0x00000006bf800000|100%| E|CS|TAMS 0x00000006bf400000| PB 0x00000006bf400000| Complete 
| 766|0x00000006bf800000, 0x00000006bfc00000, 0x00000006bfc00000|100%| E|CS|TAMS 0x00000006bf800000| PB 0x00000006bf800000| Complete 
| 767|0x00000006bfc00000, 0x00000006c0000000, 0x00000006c0000000|100%| E|CS|TAMS 0x00000006bfc00000| PB 0x00000006bfc00000| Complete 
| 768|0x00000006c0000000, 0x00000006c0400000, 0x00000006c0400000|100%| E|CS|TAMS 0x00000006c0000000| PB 0x00000006c0000000| Complete 
| 769|0x00000006c0400000, 0x00000006c0800000, 0x00000006c0800000|100%| E|CS|TAMS 0x00000006c0400000| PB 0x00000006c0400000| Complete 
| 770|0x00000006c0800000, 0x00000006c0c00000, 0x00000006c0c00000|100%| E|CS|TAMS 0x00000006c0800000| PB 0x00000006c0800000| Complete 
| 771|0x00000006c0c00000, 0x00000006c1000000, 0x00000006c1000000|100%| E|CS|TAMS 0x00000006c0c00000| PB 0x00000006c0c00000| Complete 
| 772|0x00000006c1000000, 0x00000006c1400000, 0x00000006c1400000|100%| E|CS|TAMS 0x00000006c1000000| PB 0x00000006c1000000| Complete 
| 773|0x00000006c1400000, 0x00000006c1800000, 0x00000006c1800000|100%| E|CS|TAMS 0x00000006c1400000| PB 0x00000006c1400000| Complete 
| 774|0x00000006c1800000, 0x00000006c1c00000, 0x00000006c1c00000|100%| E|CS|TAMS 0x00000006c1800000| PB 0x00000006c1800000| Complete 
| 775|0x00000006c1c00000, 0x00000006c2000000, 0x00000006c2000000|100%| E|CS|TAMS 0x00000006c1c00000| PB 0x00000006c1c00000| Complete 
| 776|0x00000006c2000000, 0x00000006c2400000, 0x00000006c2400000|100%| E|CS|TAMS 0x00000006c2000000| PB 0x00000006c2000000| Complete 
| 777|0x00000006c2400000, 0x00000006c2800000, 0x00000006c2800000|100%| E|CS|TAMS 0x00000006c2400000| PB 0x00000006c2400000| Complete 
| 778|0x00000006c2800000, 0x00000006c2c00000, 0x00000006c2c00000|100%| E|CS|TAMS 0x00000006c2800000| PB 0x00000006c2800000| Complete 
| 779|0x00000006c2c00000, 0x00000006c3000000, 0x00000006c3000000|100%| E|CS|TAMS 0x00000006c2c00000| PB 0x00000006c2c00000| Complete 
| 780|0x00000006c3000000, 0x00000006c3400000, 0x00000006c3400000|100%| E|CS|TAMS 0x00000006c3000000| PB 0x00000006c3000000| Complete 
| 781|0x00000006c3400000, 0x00000006c3800000, 0x00000006c3800000|100%| E|CS|TAMS 0x00000006c3400000| PB 0x00000006c3400000| Complete 
| 782|0x00000006c3800000, 0x00000006c3c00000, 0x00000006c3c00000|100%| E|CS|TAMS 0x00000006c3800000| PB 0x00000006c3800000| Complete 
| 783|0x00000006c3c00000, 0x00000006c4000000, 0x00000006c4000000|100%| E|CS|TAMS 0x00000006c3c00000| PB 0x00000006c3c00000| Complete 
| 784|0x00000006c4000000, 0x00000006c4400000, 0x00000006c4400000|100%| E|CS|TAMS 0x00000006c4000000| PB 0x00000006c4000000| Complete 
| 785|0x00000006c4400000, 0x00000006c4800000, 0x00000006c4800000|100%| E|CS|TAMS 0x00000006c4400000| PB 0x00000006c4400000| Complete 
| 786|0x00000006c4800000, 0x00000006c4c00000, 0x00000006c4c00000|100%| E|CS|TAMS 0x00000006c4800000| PB 0x00000006c4800000| Complete 
| 787|0x00000006c4c00000, 0x00000006c5000000, 0x00000006c5000000|100%| E|CS|TAMS 0x00000006c4c00000| PB 0x00000006c4c00000| Complete 
| 788|0x00000006c5000000, 0x00000006c5400000, 0x00000006c5400000|100%| E|CS|TAMS 0x00000006c5000000| PB 0x00000006c5000000| Complete 
| 789|0x00000006c5400000, 0x00000006c5800000, 0x00000006c5800000|100%| E|CS|TAMS 0x00000006c5400000| PB 0x00000006c5400000| Complete 
| 790|0x00000006c5800000, 0x00000006c5c00000, 0x00000006c5c00000|100%| E|CS|TAMS 0x00000006c5800000| PB 0x00000006c5800000| Complete 
| 791|0x00000006c5c00000, 0x00000006c6000000, 0x00000006c6000000|100%| E|CS|TAMS 0x00000006c5c00000| PB 0x00000006c5c00000| Complete 
| 792|0x00000006c6000000, 0x00000006c6400000, 0x00000006c6400000|100%| E|CS|TAMS 0x00000006c6000000| PB 0x00000006c6000000| Complete 
| 793|0x00000006c6400000, 0x00000006c6800000, 0x00000006c6800000|100%| E|CS|TAMS 0x00000006c6400000| PB 0x00000006c6400000| Complete 
| 794|0x00000006c6800000, 0x00000006c6c00000, 0x00000006c6c00000|100%| E|CS|TAMS 0x00000006c6800000| PB 0x00000006c6800000| Complete 
| 795|0x00000006c6c00000, 0x00000006c7000000, 0x00000006c7000000|100%| E|CS|TAMS 0x00000006c6c00000| PB 0x00000006c6c00000| Complete 
| 796|0x00000006c7000000, 0x00000006c7400000, 0x00000006c7400000|100%| E|CS|TAMS 0x00000006c7000000| PB 0x00000006c7000000| Complete 
| 797|0x00000006c7400000, 0x00000006c7800000, 0x00000006c7800000|100%| E|CS|TAMS 0x00000006c7400000| PB 0x00000006c7400000| Complete 
| 798|0x00000006c7800000, 0x00000006c7c00000, 0x00000006c7c00000|100%| E|CS|TAMS 0x00000006c7800000| PB 0x00000006c7800000| Complete 
| 799|0x00000006c7c00000, 0x00000006c8000000, 0x00000006c8000000|100%| E|CS|TAMS 0x00000006c7c00000| PB 0x00000006c7c00000| Complete 
| 800|0x00000006c8000000, 0x00000006c8400000, 0x00000006c8400000|100%| E|CS|TAMS 0x00000006c8000000| PB 0x00000006c8000000| Complete 
| 801|0x00000006c8400000, 0x00000006c8800000, 0x00000006c8800000|100%| E|CS|TAMS 0x00000006c8400000| PB 0x00000006c8400000| Complete 
| 802|0x00000006c8800000, 0x00000006c8c00000, 0x00000006c8c00000|100%| E|CS|TAMS 0x00000006c8800000| PB 0x00000006c8800000| Complete 
| 803|0x00000006c8c00000, 0x00000006c9000000, 0x00000006c9000000|100%| E|CS|TAMS 0x00000006c8c00000| PB 0x00000006c8c00000| Complete 
| 804|0x00000006c9000000, 0x00000006c9400000, 0x00000006c9400000|100%| E|CS|TAMS 0x00000006c9000000| PB 0x00000006c9000000| Complete 
| 805|0x00000006c9400000, 0x00000006c9800000, 0x00000006c9800000|100%| E|CS|TAMS 0x00000006c9400000| PB 0x00000006c9400000| Complete 
| 806|0x00000006c9800000, 0x00000006c9c00000, 0x00000006c9c00000|100%| E|CS|TAMS 0x00000006c9800000| PB 0x00000006c9800000| Complete 
| 807|0x00000006c9c00000, 0x00000006ca000000, 0x00000006ca000000|100%| E|CS|TAMS 0x00000006c9c00000| PB 0x00000006c9c00000| Complete 
| 808|0x00000006ca000000, 0x00000006ca400000, 0x00000006ca400000|100%| E|CS|TAMS 0x00000006ca000000| PB 0x00000006ca000000| Complete 
| 809|0x00000006ca400000, 0x00000006ca800000, 0x00000006ca800000|100%| E|CS|TAMS 0x00000006ca400000| PB 0x00000006ca400000| Complete 
| 810|0x00000006ca800000, 0x00000006cac00000, 0x00000006cac00000|100%| E|CS|TAMS 0x00000006ca800000| PB 0x00000006ca800000| Complete 
| 811|0x00000006cac00000, 0x00000006cb000000, 0x00000006cb000000|100%| E|CS|TAMS 0x00000006cac00000| PB 0x00000006cac00000| Complete 
| 812|0x00000006cb000000, 0x00000006cb400000, 0x00000006cb400000|100%| E|CS|TAMS 0x00000006cb000000| PB 0x00000006cb000000| Complete 
| 813|0x00000006cb400000, 0x00000006cb800000, 0x00000006cb800000|100%| E|CS|TAMS 0x00000006cb400000| PB 0x00000006cb400000| Complete 
| 814|0x00000006cb800000, 0x00000006cbc00000, 0x00000006cbc00000|100%| E|CS|TAMS 0x00000006cb800000| PB 0x00000006cb800000| Complete 
| 815|0x00000006cbc00000, 0x00000006cc000000, 0x00000006cc000000|100%| E|CS|TAMS 0x00000006cbc00000| PB 0x00000006cbc00000| Complete 
| 816|0x00000006cc000000, 0x00000006cc400000, 0x00000006cc400000|100%| E|CS|TAMS 0x00000006cc000000| PB 0x00000006cc000000| Complete 
| 817|0x00000006cc400000, 0x00000006cc800000, 0x00000006cc800000|100%| E|CS|TAMS 0x00000006cc400000| PB 0x00000006cc400000| Complete 
| 818|0x00000006cc800000, 0x00000006ccc00000, 0x00000006ccc00000|100%| E|CS|TAMS 0x00000006cc800000| PB 0x00000006cc800000| Complete 
| 819|0x00000006ccc00000, 0x00000006cd000000, 0x00000006cd000000|100%| E|CS|TAMS 0x00000006ccc00000| PB 0x00000006ccc00000| Complete 
| 820|0x00000006cd000000, 0x00000006cd400000, 0x00000006cd400000|100%| E|CS|TAMS 0x00000006cd000000| PB 0x00000006cd000000| Complete 
| 821|0x00000006cd400000, 0x00000006cd800000, 0x00000006cd800000|100%| E|CS|TAMS 0x00000006cd400000| PB 0x00000006cd400000| Complete 
| 822|0x00000006cd800000, 0x00000006cdc00000, 0x00000006cdc00000|100%| E|CS|TAMS 0x00000006cd800000| PB 0x00000006cd800000| Complete 
| 823|0x00000006cdc00000, 0x00000006ce000000, 0x00000006ce000000|100%| E|CS|TAMS 0x00000006cdc00000| PB 0x00000006cdc00000| Complete 
| 824|0x00000006ce000000, 0x00000006ce400000, 0x00000006ce400000|100%| E|CS|TAMS 0x00000006ce000000| PB 0x00000006ce000000| Complete 
| 825|0x00000006ce400000, 0x00000006ce800000, 0x00000006ce800000|100%| E|CS|TAMS 0x00000006ce400000| PB 0x00000006ce400000| Complete 
| 826|0x00000006ce800000, 0x00000006cec00000, 0x00000006cec00000|100%| E|CS|TAMS 0x00000006ce800000| PB 0x00000006ce800000| Complete 
| 827|0x00000006cec00000, 0x00000006cf000000, 0x00000006cf000000|100%| E|CS|TAMS 0x00000006cec00000| PB 0x00000006cec00000| Complete 
| 828|0x00000006cf000000, 0x00000006cf400000, 0x00000006cf400000|100%| E|CS|TAMS 0x00000006cf000000| PB 0x00000006cf000000| Complete 
| 829|0x00000006cf400000, 0x00000006cf800000, 0x00000006cf800000|100%| E|CS|TAMS 0x00000006cf400000| PB 0x00000006cf400000| Complete 
| 830|0x00000006cf800000, 0x00000006cfc00000, 0x00000006cfc00000|100%| E|CS|TAMS 0x00000006cf800000| PB 0x00000006cf800000| Complete 
| 831|0x00000006cfc00000, 0x00000006d0000000, 0x00000006d0000000|100%| E|CS|TAMS 0x00000006cfc00000| PB 0x00000006cfc00000| Complete 
| 832|0x00000006d0000000, 0x00000006d0400000, 0x00000006d0400000|100%| E|CS|TAMS 0x00000006d0000000| PB 0x00000006d0000000| Complete 
| 833|0x00000006d0400000, 0x00000006d0800000, 0x00000006d0800000|100%| E|CS|TAMS 0x00000006d0400000| PB 0x00000006d0400000| Complete 
| 834|0x00000006d0800000, 0x00000006d0c00000, 0x00000006d0c00000|100%| E|CS|TAMS 0x00000006d0800000| PB 0x00000006d0800000| Complete 
| 835|0x00000006d0c00000, 0x00000006d1000000, 0x00000006d1000000|100%| E|CS|TAMS 0x00000006d0c00000| PB 0x00000006d0c00000| Complete 
| 836|0x00000006d1000000, 0x00000006d1400000, 0x00000006d1400000|100%| E|CS|TAMS 0x00000006d1000000| PB 0x00000006d1000000| Complete 
| 837|0x00000006d1400000, 0x00000006d1800000, 0x00000006d1800000|100%| E|CS|TAMS 0x00000006d1400000| PB 0x00000006d1400000| Complete 
| 838|0x00000006d1800000, 0x00000006d1c00000, 0x00000006d1c00000|100%| E|CS|TAMS 0x00000006d1800000| PB 0x00000006d1800000| Complete 
| 839|0x00000006d1c00000, 0x00000006d2000000, 0x00000006d2000000|100%| E|CS|TAMS 0x00000006d1c00000| PB 0x00000006d1c00000| Complete 
| 840|0x00000006d2000000, 0x00000006d2400000, 0x00000006d2400000|100%| E|CS|TAMS 0x00000006d2000000| PB 0x00000006d2000000| Complete 
| 841|0x00000006d2400000, 0x00000006d2800000, 0x00000006d2800000|100%| E|CS|TAMS 0x00000006d2400000| PB 0x00000006d2400000| Complete 
| 842|0x00000006d2800000, 0x00000006d2c00000, 0x00000006d2c00000|100%| E|CS|TAMS 0x00000006d2800000| PB 0x00000006d2800000| Complete 
| 843|0x00000006d2c00000, 0x00000006d3000000, 0x00000006d3000000|100%| E|CS|TAMS 0x00000006d2c00000| PB 0x00000006d2c00000| Complete 
| 844|0x00000006d3000000, 0x00000006d3400000, 0x00000006d3400000|100%| E|CS|TAMS 0x00000006d3000000| PB 0x00000006d3000000| Complete 
| 845|0x00000006d3400000, 0x00000006d3800000, 0x00000006d3800000|100%| E|CS|TAMS 0x00000006d3400000| PB 0x00000006d3400000| Complete 
| 846|0x00000006d3800000, 0x00000006d3c00000, 0x00000006d3c00000|100%| E|CS|TAMS 0x00000006d3800000| PB 0x00000006d3800000| Complete 
| 847|0x00000006d3c00000, 0x00000006d4000000, 0x00000006d4000000|100%| E|CS|TAMS 0x00000006d3c00000| PB 0x00000006d3c00000| Complete 
| 848|0x00000006d4000000, 0x00000006d4400000, 0x00000006d4400000|100%| E|CS|TAMS 0x00000006d4000000| PB 0x00000006d4000000| Complete 
| 849|0x00000006d4400000, 0x00000006d4800000, 0x00000006d4800000|100%| E|CS|TAMS 0x00000006d4400000| PB 0x00000006d4400000| Complete 
| 850|0x00000006d4800000, 0x00000006d4c00000, 0x00000006d4c00000|100%| E|CS|TAMS 0x00000006d4800000| PB 0x00000006d4800000| Complete 
| 851|0x00000006d4c00000, 0x00000006d5000000, 0x00000006d5000000|100%| E|CS|TAMS 0x00000006d4c00000| PB 0x00000006d4c00000| Complete 
| 852|0x00000006d5000000, 0x00000006d5400000, 0x00000006d5400000|100%| E|CS|TAMS 0x00000006d5000000| PB 0x00000006d5000000| Complete 
| 853|0x00000006d5400000, 0x00000006d5800000, 0x00000006d5800000|100%| E|CS|TAMS 0x00000006d5400000| PB 0x00000006d5400000| Complete 
| 854|0x00000006d5800000, 0x00000006d5c00000, 0x00000006d5c00000|100%| E|CS|TAMS 0x00000006d5800000| PB 0x00000006d5800000| Complete 
| 855|0x00000006d5c00000, 0x00000006d6000000, 0x00000006d6000000|100%| E|CS|TAMS 0x00000006d5c00000| PB 0x00000006d5c00000| Complete 
| 856|0x00000006d6000000, 0x00000006d6400000, 0x00000006d6400000|100%| E|CS|TAMS 0x00000006d6000000| PB 0x00000006d6000000| Complete 
| 857|0x00000006d6400000, 0x00000006d6800000, 0x00000006d6800000|100%| E|CS|TAMS 0x00000006d6400000| PB 0x00000006d6400000| Complete 
| 858|0x00000006d6800000, 0x00000006d6c00000, 0x00000006d6c00000|100%| E|CS|TAMS 0x00000006d6800000| PB 0x00000006d6800000| Complete 
| 859|0x00000006d6c00000, 0x00000006d7000000, 0x00000006d7000000|100%| E|CS|TAMS 0x00000006d6c00000| PB 0x00000006d6c00000| Complete 
| 860|0x00000006d7000000, 0x00000006d7400000, 0x00000006d7400000|100%| E|CS|TAMS 0x00000006d7000000| PB 0x00000006d7000000| Complete 
| 861|0x00000006d7400000, 0x00000006d7800000, 0x00000006d7800000|100%| E|CS|TAMS 0x00000006d7400000| PB 0x00000006d7400000| Complete 
| 862|0x00000006d7800000, 0x00000006d7c00000, 0x00000006d7c00000|100%| E|CS|TAMS 0x00000006d7800000| PB 0x00000006d7800000| Complete 
| 863|0x00000006d7c00000, 0x00000006d8000000, 0x00000006d8000000|100%| E|CS|TAMS 0x00000006d7c00000| PB 0x00000006d7c00000| Complete 
| 864|0x00000006d8000000, 0x00000006d8400000, 0x00000006d8400000|100%| E|CS|TAMS 0x00000006d8000000| PB 0x00000006d8000000| Complete 
| 865|0x00000006d8400000, 0x00000006d8800000, 0x00000006d8800000|100%| E|CS|TAMS 0x00000006d8400000| PB 0x00000006d8400000| Complete 
| 866|0x00000006d8800000, 0x00000006d8c00000, 0x00000006d8c00000|100%| E|CS|TAMS 0x00000006d8800000| PB 0x00000006d8800000| Complete 
| 867|0x00000006d8c00000, 0x00000006d9000000, 0x00000006d9000000|100%| E|CS|TAMS 0x00000006d8c00000| PB 0x00000006d8c00000| Complete 
| 868|0x00000006d9000000, 0x00000006d9400000, 0x00000006d9400000|100%| E|CS|TAMS 0x00000006d9000000| PB 0x00000006d9000000| Complete 
| 869|0x00000006d9400000, 0x00000006d9800000, 0x00000006d9800000|100%| E|CS|TAMS 0x00000006d9400000| PB 0x00000006d9400000| Complete 
| 870|0x00000006d9800000, 0x00000006d9c00000, 0x00000006d9c00000|100%| E|CS|TAMS 0x00000006d9800000| PB 0x00000006d9800000| Complete 
| 871|0x00000006d9c00000, 0x00000006da000000, 0x00000006da000000|100%| E|CS|TAMS 0x00000006d9c00000| PB 0x00000006d9c00000| Complete 
| 872|0x00000006da000000, 0x00000006da400000, 0x00000006da400000|100%| E|CS|TAMS 0x00000006da000000| PB 0x00000006da000000| Complete 
| 873|0x00000006da400000, 0x00000006da800000, 0x00000006da800000|100%| E|CS|TAMS 0x00000006da400000| PB 0x00000006da400000| Complete 
| 874|0x00000006da800000, 0x00000006dac00000, 0x00000006dac00000|100%| E|CS|TAMS 0x00000006da800000| PB 0x00000006da800000| Complete 
| 875|0x00000006dac00000, 0x00000006db000000, 0x00000006db000000|100%| E|CS|TAMS 0x00000006dac00000| PB 0x00000006dac00000| Complete 
| 876|0x00000006db000000, 0x00000006db400000, 0x00000006db400000|100%| E|CS|TAMS 0x00000006db000000| PB 0x00000006db000000| Complete 
| 877|0x00000006db400000, 0x00000006db800000, 0x00000006db800000|100%| E|CS|TAMS 0x00000006db400000| PB 0x00000006db400000| Complete 
| 878|0x00000006db800000, 0x00000006dbc00000, 0x00000006dbc00000|100%| E|CS|TAMS 0x00000006db800000| PB 0x00000006db800000| Complete 
| 879|0x00000006dbc00000, 0x00000006dc000000, 0x00000006dc000000|100%| E|CS|TAMS 0x00000006dbc00000| PB 0x00000006dbc00000| Complete 
| 880|0x00000006dc000000, 0x00000006dc400000, 0x00000006dc400000|100%| E|CS|TAMS 0x00000006dc000000| PB 0x00000006dc000000| Complete 
| 881|0x00000006dc400000, 0x00000006dc800000, 0x00000006dc800000|100%| E|CS|TAMS 0x00000006dc400000| PB 0x00000006dc400000| Complete 
| 882|0x00000006dc800000, 0x00000006dcc00000, 0x00000006dcc00000|100%| E|CS|TAMS 0x00000006dc800000| PB 0x00000006dc800000| Complete 
| 883|0x00000006dcc00000, 0x00000006dd000000, 0x00000006dd000000|100%| E|CS|TAMS 0x00000006dcc00000| PB 0x00000006dcc00000| Complete 
| 884|0x00000006dd000000, 0x00000006dd400000, 0x00000006dd400000|100%| E|CS|TAMS 0x00000006dd000000| PB 0x00000006dd000000| Complete 
| 885|0x00000006dd400000, 0x00000006dd800000, 0x00000006dd800000|100%| E|CS|TAMS 0x00000006dd400000| PB 0x00000006dd400000| Complete 
| 886|0x00000006dd800000, 0x00000006ddc00000, 0x00000006ddc00000|100%| E|CS|TAMS 0x00000006dd800000| PB 0x00000006dd800000| Complete 
| 887|0x00000006ddc00000, 0x00000006de000000, 0x00000006de000000|100%| E|CS|TAMS 0x00000006ddc00000| PB 0x00000006ddc00000| Complete 
| 888|0x00000006de000000, 0x00000006de400000, 0x00000006de400000|100%| E|CS|TAMS 0x00000006de000000| PB 0x00000006de000000| Complete 
| 889|0x00000006de400000, 0x00000006de800000, 0x00000006de800000|100%| E|CS|TAMS 0x00000006de400000| PB 0x00000006de400000| Complete 
| 890|0x00000006de800000, 0x00000006dec00000, 0x00000006dec00000|100%| E|CS|TAMS 0x00000006de800000| PB 0x00000006de800000| Complete 
| 891|0x00000006dec00000, 0x00000006df000000, 0x00000006df000000|100%| E|CS|TAMS 0x00000006dec00000| PB 0x00000006dec00000| Complete 
| 892|0x00000006df000000, 0x00000006df400000, 0x00000006df400000|100%| E|CS|TAMS 0x00000006df000000| PB 0x00000006df000000| Complete 
| 893|0x00000006df400000, 0x00000006df800000, 0x00000006df800000|100%| E|CS|TAMS 0x00000006df400000| PB 0x00000006df400000| Complete 
| 894|0x00000006df800000, 0x00000006dfc00000, 0x00000006dfc00000|100%| E|CS|TAMS 0x00000006df800000| PB 0x00000006df800000| Complete 
| 895|0x00000006dfc00000, 0x00000006e0000000, 0x00000006e0000000|100%| E|CS|TAMS 0x00000006dfc00000| PB 0x00000006dfc00000| Complete 
| 896|0x00000006e0000000, 0x00000006e0400000, 0x00000006e0400000|100%| E|CS|TAMS 0x00000006e0000000| PB 0x00000006e0000000| Complete 
| 897|0x00000006e0400000, 0x00000006e0800000, 0x00000006e0800000|100%| E|CS|TAMS 0x00000006e0400000| PB 0x00000006e0400000| Complete 
| 898|0x00000006e0800000, 0x00000006e0c00000, 0x00000006e0c00000|100%| E|CS|TAMS 0x00000006e0800000| PB 0x00000006e0800000| Complete 
| 899|0x00000006e0c00000, 0x00000006e1000000, 0x00000006e1000000|100%| E|CS|TAMS 0x00000006e0c00000| PB 0x00000006e0c00000| Complete 
| 900|0x00000006e1000000, 0x00000006e1400000, 0x00000006e1400000|100%| E|CS|TAMS 0x00000006e1000000| PB 0x00000006e1000000| Complete 
| 901|0x00000006e1400000, 0x00000006e1800000, 0x00000006e1800000|100%| E|CS|TAMS 0x00000006e1400000| PB 0x00000006e1400000| Complete 
| 902|0x00000006e1800000, 0x00000006e1c00000, 0x00000006e1c00000|100%| E|CS|TAMS 0x00000006e1800000| PB 0x00000006e1800000| Complete 
| 903|0x00000006e1c00000, 0x00000006e2000000, 0x00000006e2000000|100%| E|CS|TAMS 0x00000006e1c00000| PB 0x00000006e1c00000| Complete 
| 904|0x00000006e2000000, 0x00000006e2400000, 0x00000006e2400000|100%| E|CS|TAMS 0x00000006e2000000| PB 0x00000006e2000000| Complete 
| 905|0x00000006e2400000, 0x00000006e2800000, 0x00000006e2800000|100%| E|CS|TAMS 0x00000006e2400000| PB 0x00000006e2400000| Complete 
| 906|0x00000006e2800000, 0x00000006e2c00000, 0x00000006e2c00000|100%| E|CS|TAMS 0x00000006e2800000| PB 0x00000006e2800000| Complete 
| 907|0x00000006e2c00000, 0x00000006e3000000, 0x00000006e3000000|100%| E|CS|TAMS 0x00000006e2c00000| PB 0x00000006e2c00000| Complete 
| 908|0x00000006e3000000, 0x00000006e3400000, 0x00000006e3400000|100%| E|CS|TAMS 0x00000006e3000000| PB 0x00000006e3000000| Complete 
| 909|0x00000006e3400000, 0x00000006e3800000, 0x00000006e3800000|100%| E|CS|TAMS 0x00000006e3400000| PB 0x00000006e3400000| Complete 
| 910|0x00000006e3800000, 0x00000006e3c00000, 0x00000006e3c00000|100%| E|CS|TAMS 0x00000006e3800000| PB 0x00000006e3800000| Complete 
| 911|0x00000006e3c00000, 0x00000006e4000000, 0x00000006e4000000|100%| E|CS|TAMS 0x00000006e3c00000| PB 0x00000006e3c00000| Complete 
| 912|0x00000006e4000000, 0x00000006e4400000, 0x00000006e4400000|100%| E|CS|TAMS 0x00000006e4000000| PB 0x00000006e4000000| Complete 
| 913|0x00000006e4400000, 0x00000006e4800000, 0x00000006e4800000|100%| E|CS|TAMS 0x00000006e4400000| PB 0x00000006e4400000| Complete 
| 914|0x00000006e4800000, 0x00000006e4c00000, 0x00000006e4c00000|100%| E|CS|TAMS 0x00000006e4800000| PB 0x00000006e4800000| Complete 
| 915|0x00000006e4c00000, 0x00000006e5000000, 0x00000006e5000000|100%| E|CS|TAMS 0x00000006e4c00000| PB 0x00000006e4c00000| Complete 
| 916|0x00000006e5000000, 0x00000006e5400000, 0x00000006e5400000|100%| E|CS|TAMS 0x00000006e5000000| PB 0x00000006e5000000| Complete 
| 917|0x00000006e5400000, 0x00000006e5800000, 0x00000006e5800000|100%| E|CS|TAMS 0x00000006e5400000| PB 0x00000006e5400000| Complete 
| 918|0x00000006e5800000, 0x00000006e5c00000, 0x00000006e5c00000|100%| E|CS|TAMS 0x00000006e5800000| PB 0x00000006e5800000| Complete 
| 919|0x00000006e5c00000, 0x00000006e6000000, 0x00000006e6000000|100%| E|CS|TAMS 0x00000006e5c00000| PB 0x00000006e5c00000| Complete 
| 920|0x00000006e6000000, 0x00000006e6400000, 0x00000006e6400000|100%| E|CS|TAMS 0x00000006e6000000| PB 0x00000006e6000000| Complete 
| 921|0x00000006e6400000, 0x00000006e6800000, 0x00000006e6800000|100%| E|CS|TAMS 0x00000006e6400000| PB 0x00000006e6400000| Complete 
| 922|0x00000006e6800000, 0x00000006e6c00000, 0x00000006e6c00000|100%| E|CS|TAMS 0x00000006e6800000| PB 0x00000006e6800000| Complete 
| 923|0x00000006e6c00000, 0x00000006e7000000, 0x00000006e7000000|100%| E|CS|TAMS 0x00000006e6c00000| PB 0x00000006e6c00000| Complete 
| 924|0x00000006e7000000, 0x00000006e7400000, 0x00000006e7400000|100%| E|CS|TAMS 0x00000006e7000000| PB 0x00000006e7000000| Complete 
| 925|0x00000006e7400000, 0x00000006e7800000, 0x00000006e7800000|100%| E|CS|TAMS 0x00000006e7400000| PB 0x00000006e7400000| Complete 
| 926|0x00000006e7800000, 0x00000006e7c00000, 0x00000006e7c00000|100%| E|CS|TAMS 0x00000006e7800000| PB 0x00000006e7800000| Complete 
| 927|0x00000006e7c00000, 0x00000006e8000000, 0x00000006e8000000|100%| E|CS|TAMS 0x00000006e7c00000| PB 0x00000006e7c00000| Complete 
| 928|0x00000006e8000000, 0x00000006e8400000, 0x00000006e8400000|100%| E|CS|TAMS 0x00000006e8000000| PB 0x00000006e8000000| Complete 
| 929|0x00000006e8400000, 0x00000006e8800000, 0x00000006e8800000|100%| E|CS|TAMS 0x00000006e8400000| PB 0x00000006e8400000| Complete 
| 930|0x00000006e8800000, 0x00000006e8c00000, 0x00000006e8c00000|100%| E|CS|TAMS 0x00000006e8800000| PB 0x00000006e8800000| Complete 
| 931|0x00000006e8c00000, 0x00000006e9000000, 0x00000006e9000000|100%| E|CS|TAMS 0x00000006e8c00000| PB 0x00000006e8c00000| Complete 
| 932|0x00000006e9000000, 0x00000006e9400000, 0x00000006e9400000|100%| E|CS|TAMS 0x00000006e9000000| PB 0x00000006e9000000| Complete 
| 933|0x00000006e9400000, 0x00000006e9800000, 0x00000006e9800000|100%| E|CS|TAMS 0x00000006e9400000| PB 0x00000006e9400000| Complete 
| 934|0x00000006e9800000, 0x00000006e9c00000, 0x00000006e9c00000|100%| E|CS|TAMS 0x00000006e9800000| PB 0x00000006e9800000| Complete 
| 935|0x00000006e9c00000, 0x00000006ea000000, 0x00000006ea000000|100%| E|CS|TAMS 0x00000006e9c00000| PB 0x00000006e9c00000| Complete 
| 936|0x00000006ea000000, 0x00000006ea400000, 0x00000006ea400000|100%| E|CS|TAMS 0x00000006ea000000| PB 0x00000006ea000000| Complete 
| 937|0x00000006ea400000, 0x00000006ea800000, 0x00000006ea800000|100%| E|CS|TAMS 0x00000006ea400000| PB 0x00000006ea400000| Complete 
| 938|0x00000006ea800000, 0x00000006eac00000, 0x00000006eac00000|100%| E|CS|TAMS 0x00000006ea800000| PB 0x00000006ea800000| Complete 
| 939|0x00000006eac00000, 0x00000006eb000000, 0x00000006eb000000|100%| E|CS|TAMS 0x00000006eac00000| PB 0x00000006eac00000| Complete 
| 940|0x00000006eb000000, 0x00000006eb400000, 0x00000006eb400000|100%| E|CS|TAMS 0x00000006eb000000| PB 0x00000006eb000000| Complete 
| 941|0x00000006eb400000, 0x00000006eb800000, 0x00000006eb800000|100%| E|CS|TAMS 0x00000006eb400000| PB 0x00000006eb400000| Complete 
| 942|0x00000006eb800000, 0x00000006ebc00000, 0x00000006ebc00000|100%| E|CS|TAMS 0x00000006eb800000| PB 0x00000006eb800000| Complete 
| 943|0x00000006ebc00000, 0x00000006ec000000, 0x00000006ec000000|100%| E|CS|TAMS 0x00000006ebc00000| PB 0x00000006ebc00000| Complete 
| 944|0x00000006ec000000, 0x00000006ec400000, 0x00000006ec400000|100%| E|CS|TAMS 0x00000006ec000000| PB 0x00000006ec000000| Complete 
| 945|0x00000006ec400000, 0x00000006ec800000, 0x00000006ec800000|100%| E|CS|TAMS 0x00000006ec400000| PB 0x00000006ec400000| Complete 
| 946|0x00000006ec800000, 0x00000006ecc00000, 0x00000006ecc00000|100%| E|CS|TAMS 0x00000006ec800000| PB 0x00000006ec800000| Complete 
| 947|0x00000006ecc00000, 0x00000006ed000000, 0x00000006ed000000|100%| E|CS|TAMS 0x00000006ecc00000| PB 0x00000006ecc00000| Complete 
| 948|0x00000006ed000000, 0x00000006ed400000, 0x00000006ed400000|100%| E|CS|TAMS 0x00000006ed000000| PB 0x00000006ed000000| Complete 
| 949|0x00000006ed400000, 0x00000006ed800000, 0x00000006ed800000|100%| E|CS|TAMS 0x00000006ed400000| PB 0x00000006ed400000| Complete 
| 950|0x00000006ed800000, 0x00000006edc00000, 0x00000006edc00000|100%| E|CS|TAMS 0x00000006ed800000| PB 0x00000006ed800000| Complete 
| 951|0x00000006edc00000, 0x00000006ee000000, 0x00000006ee000000|100%| E|CS|TAMS 0x00000006edc00000| PB 0x00000006edc00000| Complete 
| 952|0x00000006ee000000, 0x00000006ee400000, 0x00000006ee400000|100%| E|CS|TAMS 0x00000006ee000000| PB 0x00000006ee000000| Complete 
| 953|0x00000006ee400000, 0x00000006ee800000, 0x00000006ee800000|100%| S|CS|TAMS 0x00000006ee400000| PB 0x00000006ee400000| Complete 
| 954|0x00000006ee800000, 0x00000006eec00000, 0x00000006eec00000|100%| S|CS|TAMS 0x00000006ee800000| PB 0x00000006ee800000| Complete 
| 955|0x00000006eec00000, 0x00000006ef000000, 0x00000006ef000000|100%| S|CS|TAMS 0x00000006eec00000| PB 0x00000006eec00000| Complete 
| 956|0x00000006ef000000, 0x00000006ef400000, 0x00000006ef400000|100%| S|CS|TAMS 0x00000006ef000000| PB 0x00000006ef000000| Complete 
| 957|0x00000006ef400000, 0x00000006ef800000, 0x00000006ef800000|100%| S|CS|TAMS 0x00000006ef400000| PB 0x00000006ef400000| Complete 
| 958|0x00000006ef800000, 0x00000006efc00000, 0x00000006efc00000|100%| S|CS|TAMS 0x00000006ef800000| PB 0x00000006ef800000| Complete 
| 959|0x00000006efc00000, 0x00000006f0000000, 0x00000006f0000000|100%| E|CS|TAMS 0x00000006efc00000| PB 0x00000006efc00000| Complete 
| 960|0x00000006f0000000, 0x00000006f0400000, 0x00000006f0400000|100%| E|CS|TAMS 0x00000006f0000000| PB 0x00000006f0000000| Complete 
| 961|0x00000006f0400000, 0x00000006f0800000, 0x00000006f0800000|100%| E|CS|TAMS 0x00000006f0400000| PB 0x00000006f0400000| Complete 
| 962|0x00000006f0800000, 0x00000006f0c00000, 0x00000006f0c00000|100%| E|CS|TAMS 0x00000006f0800000| PB 0x00000006f0800000| Complete 
| 963|0x00000006f0c00000, 0x00000006f1000000, 0x00000006f1000000|100%| E|CS|TAMS 0x00000006f0c00000| PB 0x00000006f0c00000| Complete 
| 964|0x00000006f1000000, 0x00000006f1400000, 0x00000006f1400000|100%| E|CS|TAMS 0x00000006f1000000| PB 0x00000006f1000000| Complete 
| 965|0x00000006f1400000, 0x00000006f1800000, 0x00000006f1800000|100%| E|CS|TAMS 0x00000006f1400000| PB 0x00000006f1400000| Complete 
| 966|0x00000006f1800000, 0x00000006f1c00000, 0x00000006f1c00000|100%| E|CS|TAMS 0x00000006f1800000| PB 0x00000006f1800000| Complete 
| 967|0x00000006f1c00000, 0x00000006f2000000, 0x00000006f2000000|100%| E|CS|TAMS 0x00000006f1c00000| PB 0x00000006f1c00000| Complete 
| 968|0x00000006f2000000, 0x00000006f2400000, 0x00000006f2400000|100%| E|CS|TAMS 0x00000006f2000000| PB 0x00000006f2000000| Complete 
| 969|0x00000006f2400000, 0x00000006f2800000, 0x00000006f2800000|100%| E|CS|TAMS 0x00000006f2400000| PB 0x00000006f2400000| Complete 
| 970|0x00000006f2800000, 0x00000006f2c00000, 0x00000006f2c00000|100%| E|CS|TAMS 0x00000006f2800000| PB 0x00000006f2800000| Complete 
| 971|0x00000006f2c00000, 0x00000006f3000000, 0x00000006f3000000|100%| E|CS|TAMS 0x00000006f2c00000| PB 0x00000006f2c00000| Complete 
| 972|0x00000006f3000000, 0x00000006f3400000, 0x00000006f3400000|100%| E|CS|TAMS 0x00000006f3000000| PB 0x00000006f3000000| Complete 
| 973|0x00000006f3400000, 0x00000006f3800000, 0x00000006f3800000|100%| E|CS|TAMS 0x00000006f3400000| PB 0x00000006f3400000| Complete 
| 974|0x00000006f3800000, 0x00000006f3c00000, 0x00000006f3c00000|100%| E|CS|TAMS 0x00000006f3800000| PB 0x00000006f3800000| Complete 
| 975|0x00000006f3c00000, 0x00000006f4000000, 0x00000006f4000000|100%| E|CS|TAMS 0x00000006f3c00000| PB 0x00000006f3c00000| Complete 
| 976|0x00000006f4000000, 0x00000006f4400000, 0x00000006f4400000|100%| E|CS|TAMS 0x00000006f4000000| PB 0x00000006f4000000| Complete 
| 977|0x00000006f4400000, 0x00000006f4800000, 0x00000006f4800000|100%| E|CS|TAMS 0x00000006f4400000| PB 0x00000006f4400000| Complete 
| 978|0x00000006f4800000, 0x00000006f4c00000, 0x00000006f4c00000|100%| E|CS|TAMS 0x00000006f4800000| PB 0x00000006f4800000| Complete 
| 979|0x00000006f4c00000, 0x00000006f5000000, 0x00000006f5000000|100%| E|CS|TAMS 0x00000006f4c00000| PB 0x00000006f4c00000| Complete 
| 980|0x00000006f5000000, 0x00000006f5400000, 0x00000006f5400000|100%| E|CS|TAMS 0x00000006f5000000| PB 0x00000006f5000000| Complete 
| 981|0x00000006f5400000, 0x00000006f5800000, 0x00000006f5800000|100%| E|CS|TAMS 0x00000006f5400000| PB 0x00000006f5400000| Complete 
| 982|0x00000006f5800000, 0x00000006f5c00000, 0x00000006f5c00000|100%| E|CS|TAMS 0x00000006f5800000| PB 0x00000006f5800000| Complete 
| 983|0x00000006f5c00000, 0x00000006f6000000, 0x00000006f6000000|100%| E|CS|TAMS 0x00000006f5c00000| PB 0x00000006f5c00000| Complete 
| 984|0x00000006f6000000, 0x00000006f6400000, 0x00000006f6400000|100%| E|CS|TAMS 0x00000006f6000000| PB 0x00000006f6000000| Complete 
|1988|0x00000007f1000000, 0x00000007f1400000, 0x00000007f1400000|100%| O|  |TAMS 0x00000007f1400000| PB 0x00000007f1400000| Updating 
|1989|0x00000007f1400000, 0x00000007f1800000, 0x00000007f1800000|100%| O|  |TAMS 0x00000007f1800000| PB 0x00000007f1800000| Updating 
|1990|0x00000007f1800000, 0x00000007f1c00000, 0x00000007f1c00000|100%| O|  |TAMS 0x00000007f1c00000| PB 0x00000007f1c00000| Updating 
|1991|0x00000007f1c00000, 0x00000007f2000000, 0x00000007f2000000|100%| O|  |TAMS 0x00000007f2000000| PB 0x00000007f2000000| Updating 
|1992|0x00000007f2000000, 0x00000007f2400000, 0x00000007f2400000|100%| E|CS|TAMS 0x00000007f2000000| PB 0x00000007f2000000| Complete 
|1993|0x00000007f2400000, 0x00000007f2800000, 0x00000007f2800000|100%| O|  |TAMS 0x00000007f2800000| PB 0x00000007f2800000| Updating 
|1994|0x00000007f2800000, 0x00000007f2c00000, 0x00000007f2c00000|100%| O|  |TAMS 0x00000007f2c00000| PB 0x00000007f2c00000| Updating 
|1995|0x00000007f2c00000, 0x00000007f3000000, 0x00000007f3000000|100%| O|  |TAMS 0x00000007f3000000| PB 0x00000007f3000000| Updating 
|1996|0x00000007f3000000, 0x00000007f3400000, 0x00000007f3400000|100%| O|  |TAMS 0x00000007f3400000| PB 0x00000007f3400000| Updating 
|1997|0x00000007f3400000, 0x00000007f3800000, 0x00000007f3800000|100%| O|  |TAMS 0x00000007f3800000| PB 0x00000007f3800000| Updating 
|1998|0x00000007f3800000, 0x00000007f3c00000, 0x00000007f3c00000|100%| O|  |TAMS 0x00000007f3c00000| PB 0x00000007f3c00000| Untracked 
|1999|0x00000007f3c00000, 0x00000007f4000000, 0x00000007f4000000|100%| O|  |TAMS 0x00000007f4000000| PB 0x00000007f4000000| Untracked 
|2000|0x00000007f4000000, 0x00000007f4400000, 0x00000007f4400000|100%| O|  |TAMS 0x00000007f4400000| PB 0x00000007f4400000| Untracked 
|2001|0x00000007f4400000, 0x00000007f4800000, 0x00000007f4800000|100%| O|  |TAMS 0x00000007f4800000| PB 0x00000007f4800000| Untracked 
|2002|0x00000007f4800000, 0x00000007f4c00000, 0x00000007f4c00000|100%| O|  |TAMS 0x00000007f4c00000| PB 0x00000007f4c00000| Untracked 
|2003|0x00000007f4c00000, 0x00000007f5000000, 0x00000007f5000000|100%| O|  |TAMS 0x00000007f5000000| PB 0x00000007f5000000| Untracked 
|2004|0x00000007f5000000, 0x00000007f5400000, 0x00000007f5400000|100%| O|  |TAMS 0x00000007f5400000| PB 0x00000007f5400000| Untracked 
|2005|0x00000007f5400000, 0x00000007f5800000, 0x00000007f5800000|100%| O|  |TAMS 0x00000007f5800000| PB 0x00000007f5800000| Untracked 
|2006|0x00000007f5800000, 0x00000007f5c00000, 0x00000007f5c00000|100%| O|  |TAMS 0x00000007f5c00000| PB 0x00000007f5c00000| Untracked 
|2007|0x00000007f5c00000, 0x00000007f6000000, 0x00000007f6000000|100%| O|  |TAMS 0x00000007f6000000| PB 0x00000007f6000000| Untracked 
|2008|0x00000007f6000000, 0x00000007f6400000, 0x00000007f6400000|100%| O|  |TAMS 0x00000007f6400000| PB 0x00000007f6400000| Untracked 
|2009|0x00000007f6400000, 0x00000007f6800000, 0x00000007f6800000|100%| O|  |TAMS 0x00000007f6800000| PB 0x00000007f6800000| Untracked 
|2010|0x00000007f6800000, 0x00000007f6c00000, 0x00000007f6c00000|100%| O|  |TAMS 0x00000007f6c00000| PB 0x00000007f6c00000| Untracked 
|2011|0x00000007f6c00000, 0x00000007f7000000, 0x00000007f7000000|100%| O|  |TAMS 0x00000007f7000000| PB 0x00000007f7000000| Untracked 
|2012|0x00000007f7000000, 0x00000007f7400000, 0x00000007f7400000|100%| O|  |TAMS 0x00000007f7400000| PB 0x00000007f7400000| Untracked 
|2013|0x00000007f7400000, 0x00000007f7800000, 0x00000007f7800000|100%| O|  |TAMS 0x00000007f7800000| PB 0x00000007f7800000| Untracked 
|2014|0x00000007f7800000, 0x00000007f7c00000, 0x00000007f7c00000|100%| O|  |TAMS 0x00000007f7c00000| PB 0x00000007f7c00000| Untracked 
|2015|0x00000007f7c00000, 0x00000007f8000000, 0x00000007f8000000|100%| O|  |TAMS 0x00000007f8000000| PB 0x00000007f8000000| Untracked 
|2016|0x00000007f8000000, 0x00000007f8400000, 0x00000007f8400000|100%| O|  |TAMS 0x00000007f8400000| PB 0x00000007f8400000| Untracked 
|2017|0x00000007f8400000, 0x00000007f8800000, 0x00000007f8800000|100%| O|  |TAMS 0x00000007f8800000| PB 0x00000007f8800000| Untracked 
|2018|0x00000007f8800000, 0x00000007f8c00000, 0x00000007f8c00000|100%| O|  |TAMS 0x00000007f8c00000| PB 0x00000007f8c00000| Untracked 
|2019|0x00000007f8c00000, 0x00000007f9000000, 0x00000007f9000000|100%| O|  |TAMS 0x00000007f9000000| PB 0x00000007f9000000| Untracked 
|2020|0x00000007f9000000, 0x00000007f9400000, 0x00000007f9400000|100%| O|  |TAMS 0x00000007f9400000| PB 0x00000007f9400000| Untracked 
|2021|0x00000007f9400000, 0x00000007f9800000, 0x00000007f9800000|100%| O|  |TAMS 0x00000007f9800000| PB 0x00000007f9800000| Untracked 
|2022|0x00000007f9800000, 0x00000007f9c00000, 0x00000007f9c00000|100%| O|  |TAMS 0x00000007f9c00000| PB 0x00000007f9c00000| Untracked 
|2023|0x00000007f9c00000, 0x00000007fa000000, 0x00000007fa000000|100%| O|  |TAMS 0x00000007fa000000| PB 0x00000007fa000000| Untracked 
|2024|0x00000007fa000000, 0x00000007fa400000, 0x00000007fa400000|100%| O|  |TAMS 0x00000007fa400000| PB 0x00000007fa400000| Untracked 
|2025|0x00000007fa400000, 0x00000007fa800000, 0x00000007fa800000|100%| O|  |TAMS 0x00000007fa800000| PB 0x00000007fa800000| Untracked 
|2026|0x00000007fa800000, 0x00000007fac00000, 0x00000007fac00000|100%| O|  |TAMS 0x00000007fac00000| PB 0x00000007fac00000| Untracked 
|2027|0x00000007fac00000, 0x00000007fb000000, 0x00000007fb000000|100%| O|  |TAMS 0x00000007fb000000| PB 0x00000007fb000000| Untracked 
|2028|0x00000007fb000000, 0x00000007fb400000, 0x00000007fb400000|100%| O|  |TAMS 0x00000007fb400000| PB 0x00000007fb400000| Untracked 
|2029|0x00000007fb400000, 0x00000007fb800000, 0x00000007fb800000|100%| O|  |TAMS 0x00000007fb800000| PB 0x00000007fb800000| Untracked 
|2030|0x00000007fb800000, 0x00000007fbc00000, 0x00000007fbc00000|100%| O|  |TAMS 0x00000007fbc00000| PB 0x00000007fbc00000| Untracked 
|2031|0x00000007fbc00000, 0x00000007fc000000, 0x00000007fc000000|100%| O|  |TAMS 0x00000007fc000000| PB 0x00000007fc000000| Untracked 
|2032|0x00000007fc000000, 0x00000007fc400000, 0x00000007fc400000|100%| O|  |TAMS 0x00000007fc400000| PB 0x00000007fc400000| Untracked 
|2033|0x00000007fc400000, 0x00000007fc800000, 0x00000007fc800000|100%| O|  |TAMS 0x00000007fc800000| PB 0x00000007fc800000| Untracked 
|2034|0x00000007fc800000, 0x00000007fcc00000, 0x00000007fcc00000|100%| O|  |TAMS 0x00000007fcc00000| PB 0x00000007fcc00000| Untracked 
|2035|0x00000007fcc00000, 0x00000007fd000000, 0x00000007fd000000|100%| O|  |TAMS 0x00000007fd000000| PB 0x00000007fd000000| Untracked 
|2036|0x00000007fd000000, 0x00000007fd400000, 0x00000007fd400000|100%| O|  |TAMS 0x00000007fd400000| PB 0x00000007fd400000| Untracked 
|2037|0x00000007fd400000, 0x00000007fd800000, 0x00000007fd800000|100%| O|  |TAMS 0x00000007fd800000| PB 0x00000007fd800000| Untracked 
|2038|0x00000007fd800000, 0x00000007fdc00000, 0x00000007fdc00000|100%| E|CS|TAMS 0x00000007fd800000| PB 0x00000007fd800000| Complete 
|2039|0x00000007fdc00000, 0x00000007fe000000, 0x00000007fe000000|100%| E|CS|TAMS 0x00000007fdc00000| PB 0x00000007fdc00000| Complete 
|2040|0x00000007fe000000, 0x00000007fe400000, 0x00000007fe400000|100%| O|  |TAMS 0x00000007fe400000| PB 0x00000007fe400000| Updating 
|2041|0x00000007fe400000, 0x00000007fe800000, 0x00000007fe800000|100%| E|CS|TAMS 0x00000007fe400000| PB 0x00000007fe400000| Complete 
|2042|0x00000007fe800000, 0x00000007fec00000, 0x00000007fec00000|100%| E|CS|TAMS 0x00000007fe800000| PB 0x00000007fe800000| Complete 
|2043|0x00000007fec00000, 0x00000007ff000000, 0x00000007ff000000|100%| E|CS|TAMS 0x00000007fec00000| PB 0x00000007fec00000| Complete 
|2044|0x00000007ff000000, 0x00000007ff400000, 0x00000007ff400000|100%| E|CS|TAMS 0x00000007ff000000| PB 0x00000007ff000000| Complete 
|2045|0x00000007ff400000, 0x00000007ff800000, 0x00000007ff800000|100%| O|  |TAMS 0x00000007ff800000| PB 0x00000007ff800000| Untracked 
|2046|0x00000007ff800000, 0x00000007ffc00000, 0x00000007ffc00000|100%| O|  |TAMS 0x00000007ffc00000| PB 0x00000007ffc00000| Untracked 
|2047|0x00000007ffc00000, 0x0000000800000000, 0x0000000800000000|100%| O|  |TAMS 0x0000000800000000| PB 0x0000000800000000| Untracked 

Card table byte_map: [0x00000127b70e0000,0x00000127b80e0000] _byte_map_base: 0x00000127b40e0000

Marking Bits: (CMBitMap*) 0x000001279e4907b0
 Bits: [0x00000127b80e0000, 0x00000127c00e0000)

Polling page: 0x000001279c750000

Metaspace:

Usage:
  Non-class:     91.01 MB used.
      Class:     14.10 MB used.
       Both:    105.12 MB used.

Virtual space:
  Non-class space:      128.00 MB reserved,      92.50 MB ( 72%) committed,  2 nodes.
      Class space:        1.00 GB reserved,      15.56 MB (  2%) committed,  1 nodes.
             Both:        1.12 GB reserved,     108.06 MB (  9%) committed. 

Chunk freelists:
   Non-Class:  2.83 MB
       Class:  460.00 KB
        Both:  3.28 MB

MaxMetaspaceSize: unlimited
CompressedClassSpaceSize: 1.00 GB
Initial GC threshold: 21.00 MB
Current GC threshold: 180.12 MB
CDS: on
 - commit_granule_bytes: 65536.
 - commit_granule_words: 8192.
 - virtual_space_node_default_size: 8388608.
 - enlarge_chunks_in_place: 1.
 - use_allocation_guard: 0.


Internal statistics:

num_allocs_failed_limit: 12.
num_arena_births: 5096.
num_arena_deaths: 0.
num_vsnodes_births: 3.
num_vsnodes_deaths: 0.
num_space_committed: 1729.
num_space_uncommitted: 0.
num_chunks_returned_to_freelist: 12.
num_chunks_taken_from_freelist: 10293.
num_chunk_merges: 12.
num_chunk_splits: 6602.
num_chunks_enlarged: 3995.
num_inconsistent_stats: 0.

CodeHeap 'non-profiled nmethods': size=119168Kb used=16568Kb max_used=19479Kb free=102599Kb
 bounds [0x00000127ae400000, 0x00000127af7a0000, 0x00000127b5860000]
CodeHeap 'profiled nmethods': size=119104Kb used=22749Kb max_used=42281Kb free=96354Kb
 bounds [0x00000127a6860000, 0x00000127a91b0000, 0x00000127adcb0000]
CodeHeap 'non-nmethods': size=7488Kb used=2444Kb max_used=4199Kb free=5043Kb
 bounds [0x00000127adcb0000, 0x00000127ae0e0000, 0x00000127ae400000]
 total_blobs=12997 nmethods=12108 adapters=791
 compilation: enabled
              stopped_count=0, restarted_count=0
 full_count=0

Compilation events (20 events):
Event: 327.217 Thread 0x000001280c883a30 nmethod 28587 0x00000127ae429790 code [0x00000127ae429920, 0x00000127ae4299d8]
Event: 327.475 Thread 0x00000127c320a630 nmethod 28585% 0x00000127af729210 code [0x00000127af729d60, 0x00000127af735f08]
Event: 327.476 Thread 0x00000127c320a630 28588       4       org.objectweb.asm.ClassReader::readCode (5117 bytes)
Event: 328.664 Thread 0x00000127c320d3d0 28592       3       org.objectweb.asm.ClassReader::readTypeAnnotations (590 bytes)
Event: 328.666 Thread 0x00000127c320d3d0 nmethod 28592 0x00000127a6e4de90 code [0x00000127a6e4e1c0, 0x00000127a6e4fcd0]
Event: 328.666 Thread 0x00000127c320d3d0 28593       3       org.objectweb.asm.MethodVisitor::visitLocalVariableAnnotation (47 bytes)
Event: 328.667 Thread 0x00000127c320d3d0 nmethod 28593 0x00000127a6b49e10 code [0x00000127a6b49fe0, 0x00000127a6b4a340]
Event: 328.855 Thread 0x00000127c320a630 nmethod 28588 0x00000127af714010 code [0x00000127af714c40, 0x00000127af7208f8]
Event: 328.856 Thread 0x00000127c320a630 28594       4       java.util.concurrent.locks.ReentrantReadWriteLock$Sync::tryAcquire (92 bytes)
Event: 328.856 Thread 0x000001280c883360 28589       4       java.nio.file.FileTreeIterator::fetchNextIfNeeded (65 bytes)
Event: 328.859 Thread 0x00000127c320a630 nmethod 28594 0x00000127ae43d590 code [0x00000127ae43d720, 0x00000127ae43d938]
Event: 328.859 Thread 0x00000127c320a630 28590       4       org.objectweb.asm.ClassReader::readByte (11 bytes)
Event: 328.859 Thread 0x00000127c320a630 nmethod 28590 0x00000127ae445c90 code [0x00000127ae445e20, 0x00000127ae445ef0]
Event: 328.859 Thread 0x00000127c320a630 28591       4       sun.nio.fs.WindowsPath::checkWrite (17 bytes)
Event: 328.860 Thread 0x000001280c883360 nmethod 28589 0x00000127ae400c10 code [0x00000127ae400dc0, 0x00000127ae401048]
Event: 328.860 Thread 0x00000127c320a630 nmethod 28591 0x00000127ae44cd90 code [0x00000127ae44cf20, 0x00000127ae44cfa8]
Event: 328.872 Thread 0x000001280c883360 28595       4       org.objectweb.asm.MethodVisitor::visitTableSwitchInsn (20 bytes)
Event: 328.873 Thread 0x000001280c883360 nmethod 28595 0x00000127ae4f7910 code [0x00000127ae4f7aa0, 0x00000127ae4f7ba0]
Event: 329.216 Thread 0x00000127c320a630 28596   !   4       java.util.concurrent.locks.AbstractQueuedSynchronizer::acquire (424 bytes)
Event: 329.263 Thread 0x00000127c320a630 nmethod 28596 0x00000127aeb8f890 code [0x00000127aeb8fb80, 0x00000127aeb918b8]

GC Heap History (20 events):
Event: 323.765 GC heap before
{Heap before GC invocations=83 (full 0):
 garbage-first heap   total 1433600K, used 1245184K [0x0000000600000000, 0x0000000800000000)
  region size 4096K, 41 young (167936K), 10 survivors (40960K)
 Metaspace       used 107623K, committed 110592K, reserved 1179648K
  class space    used 14439K, committed 15936K, reserved 1048576K
}
Event: 323.808 GC heap after
{Heap after GC invocations=84 (full 0):
 garbage-first heap   total 1433600K, used 1222656K [0x0000000600000000, 0x0000000800000000)
  region size 4096K, 6 young (24576K), 6 survivors (24576K)
 Metaspace       used 107623K, committed 110592K, reserved 1179648K
  class space    used 14439K, committed 15936K, reserved 1048576K
}
Event: 323.893 GC heap before
{Heap before GC invocations=84 (full 0):
 garbage-first heap   total 1433600K, used 1296384K [0x0000000600000000, 0x0000000800000000)
  region size 4096K, 25 young (102400K), 6 survivors (24576K)
 Metaspace       used 107634K, committed 110656K, reserved 1179648K
  class space    used 14439K, committed 15936K, reserved 1048576K
}
Event: 323.920 GC heap after
{Heap after GC invocations=85 (full 0):
 garbage-first heap   total 1433600K, used 1300476K [0x0000000600000000, 0x0000000800000000)
  region size 4096K, 4 young (16384K), 4 survivors (16384K)
 Metaspace       used 107634K, committed 110656K, reserved 1179648K
  class space    used 14439K, committed 15936K, reserved 1048576K
}
Event: 324.255 GC heap before
{Heap before GC invocations=85 (full 0):
 garbage-first heap   total 1781760K, used 1079292K [0x0000000600000000, 0x0000000800000000)
  region size 4096K, 21 young (86016K), 4 survivors (16384K)
 Metaspace       used 107634K, committed 110656K, reserved 1179648K
  class space    used 14439K, committed 15936K, reserved 1048576K
}
Event: 324.283 GC heap after
{Heap after GC invocations=86 (full 0):
 garbage-first heap   total 3182592K, used 1068941K [0x0000000600000000, 0x0000000800000000)
  region size 4096K, 3 young (12288K), 3 survivors (12288K)
 Metaspace       used 107634K, committed 110656K, reserved 1179648K
  class space    used 14439K, committed 15936K, reserved 1048576K
}
Event: 325.317 GC heap before
{Heap before GC invocations=87 (full 0):
 garbage-first heap   total 3182592K, used 2273165K [0x0000000600000000, 0x0000000800000000)
  region size 4096K, 291 young (1191936K), 3 survivors (12288K)
 Metaspace       used 107638K, committed 110656K, reserved 1179648K
  class space    used 14440K, committed 15936K, reserved 1048576K
}
Event: 325.391 GC heap after
{Heap after GC invocations=88 (full 0):
 garbage-first heap   total 3182592K, used 1271587K [0x0000000600000000, 0x0000000800000000)
  region size 4096K, 37 young (151552K), 37 survivors (151552K)
 Metaspace       used 107638K, committed 110656K, reserved 1179648K
  class space    used 14440K, committed 15936K, reserved 1048576K
}
Event: 326.039 GC heap before
{Heap before GC invocations=88 (full 0):
 garbage-first heap   total 3182592K, used 2348835K [0x0000000600000000, 0x0000000800000000)
  region size 4096K, 300 young (1228800K), 37 survivors (151552K)
 Metaspace       used 107638K, committed 110656K, reserved 1179648K
  class space    used 14440K, committed 15936K, reserved 1048576K
}
Event: 326.115 GC heap after
{Heap after GC invocations=89 (full 0):
 garbage-first heap   total 3182592K, used 1401960K [0x0000000600000000, 0x0000000800000000)
  region size 4096K, 36 young (147456K), 36 survivors (147456K)
 Metaspace       used 107638K, committed 110656K, reserved 1179648K
  class space    used 14440K, committed 15936K, reserved 1048576K
}
Event: 326.897 GC heap before
{Heap before GC invocations=89 (full 0):
 garbage-first heap   total 3182592K, used 2471016K [0x0000000600000000, 0x0000000800000000)
  region size 4096K, 298 young (1220608K), 36 survivors (147456K)
 Metaspace       used 107638K, committed 110656K, reserved 1179648K
  class space    used 14440K, committed 15936K, reserved 1048576K
}
Event: 326.969 GC heap after
{Heap after GC invocations=90 (full 0):
 garbage-first heap   total 3182592K, used 1537812K [0x0000000600000000, 0x0000000800000000)
  region size 4096K, 34 young (139264K), 34 survivors (139264K)
 Metaspace       used 107638K, committed 110656K, reserved 1179648K
  class space    used 14440K, committed 15936K, reserved 1048576K
}
Event: 327.740 GC heap before
{Heap before GC invocations=90 (full 0):
 garbage-first heap   total 3182592K, used 2590484K [0x0000000600000000, 0x0000000800000000)
  region size 4096K, 292 young (1196032K), 34 survivors (139264K)
 Metaspace       used 107638K, committed 110656K, reserved 1179648K
  class space    used 14440K, committed 15936K, reserved 1048576K
}
Event: 327.812 GC heap after
{Heap after GC invocations=91 (full 0):
 garbage-first heap   total 3182592K, used 1677254K [0x0000000600000000, 0x0000000800000000)
  region size 4096K, 34 young (139264K), 34 survivors (139264K)
 Metaspace       used 107638K, committed 110656K, reserved 1179648K
  class space    used 14440K, committed 15936K, reserved 1048576K
}
Event: 328.422 GC heap before
{Heap before GC invocations=92 (full 0):
 garbage-first heap   total 3252224K, used 2697158K [0x0000000600000000, 0x0000000800000000)
  region size 4096K, 283 young (1159168K), 34 survivors (139264K)
 Metaspace       used 107638K, committed 110656K, reserved 1179648K
  class space    used 14440K, committed 15936K, reserved 1048576K
}
Event: 328.496 GC heap after
{Heap after GC invocations=93 (full 0):
 garbage-first heap   total 3252224K, used 1820483K [0x0000000600000000, 0x0000000800000000)
  region size 4096K, 34 young (139264K), 34 survivors (139264K)
 Metaspace       used 107638K, committed 110656K, reserved 1179648K
  class space    used 14440K, committed 15936K, reserved 1048576K
}
Event: 328.884 GC heap before
{Heap before GC invocations=93 (full 0):
 garbage-first heap   total 3252224K, used 2836291K [0x0000000600000000, 0x0000000800000000)
  region size 4096K, 280 young (1146880K), 34 survivors (139264K)
 Metaspace       used 107638K, committed 110656K, reserved 1179648K
  class space    used 14440K, committed 15936K, reserved 1048576K
}
Event: 328.951 GC heap after
{Heap after GC invocations=94 (full 0):
 garbage-first heap   total 4280320K, used 1939346K [0x0000000600000000, 0x0000000800000000)
  region size 4096K, 35 young (143360K), 35 survivors (143360K)
 Metaspace       used 107638K, committed 110656K, reserved 1179648K
  class space    used 14440K, committed 15936K, reserved 1048576K
}
Event: 328.988 GC heap before
{Heap before GC invocations=94 (full 0):
 garbage-first heap   total 4280320K, used 2066322K [0x0000000600000000, 0x0000000800000000)
  region size 4096K, 68 young (278528K), 35 survivors (143360K)
 Metaspace       used 107638K, committed 110656K, reserved 1179648K
  class space    used 14440K, committed 15936K, reserved 1048576K
}
Event: 329.016 GC heap after
{Heap after GC invocations=95 (full 0):
 garbage-first heap   total 4280320K, used 1961984K [0x0000000600000000, 0x0000000800000000)
  region size 4096K, 6 young (24576K), 6 survivors (24576K)
 Metaspace       used 107638K, committed 110656K, reserved 1179648K
  class space    used 14440K, committed 15936K, reserved 1048576K
}

Dll operation events (15 events):
Event: 0.013 Loaded shared library C:\Program Files\Java\jdk-21\bin\java.dll
Event: 0.047 Loaded shared library C:\Program Files\Java\jdk-21\bin\jsvml.dll
Event: 0.095 Loaded shared library C:\Program Files\Java\jdk-21\bin\zip.dll
Event: 0.101 Loaded shared library C:\Program Files\Java\jdk-21\bin\instrument.dll
Event: 0.106 Loaded shared library C:\Program Files\Java\jdk-21\bin\net.dll
Event: 0.108 Loaded shared library C:\Program Files\Java\jdk-21\bin\nio.dll
Event: 0.111 Loaded shared library C:\Program Files\Java\jdk-21\bin\zip.dll
Event: 0.323 Loaded shared library C:\Program Files\Java\jdk-21\bin\jimage.dll
Event: 0.572 Loaded shared library C:\Program Files\Java\jdk-21\bin\verify.dll
Event: 0.606 Loaded shared library C:\Users\Redmi\.gradle\native\660c5614fbf4a5f2a75b1949f50a0caf5cd603558e7d8a26e50b933a0cfb79d1\windows-amd64\native-platform.dll
Event: 0.620 Loaded shared library C:\Users\Redmi\.gradle\native\0.2.8\x86_64-windows-gnu\gradle-fileevents.dll
Event: 1.603 Loaded shared library C:\Program Files\Java\jdk-21\bin\management.dll
Event: 1.605 Loaded shared library C:\Program Files\Java\jdk-21\bin\management_ext.dll
Event: 1.763 Loaded shared library C:\Program Files\Java\jdk-21\bin\extnet.dll
Event: 1.979 Loaded shared library C:\Program Files\Java\jdk-21\bin\sunmscapi.dll

Deoptimization events (20 events):
Event: 325.209 Thread 0x000001280b7ccf80 DEOPT PACKING pc=0x00000127a6f31737 sp=0x000000203a7ff060
Event: 325.209 Thread 0x000001280b7ccf80 DEOPT UNPACKING pc=0x00000127add088e2 sp=0x000000203a7fe4e8 mode 0
Event: 325.212 Thread 0x0000012812a53040 DEOPT PACKING pc=0x00000127a6f31737 sp=0x00000020357fedc0
Event: 325.212 Thread 0x0000012812a53040 DEOPT UNPACKING pc=0x00000127add088e2 sp=0x00000020357fe248 mode 0
Event: 325.213 Thread 0x00000128112c7c30 DEOPT PACKING pc=0x00000127a6f31737 sp=0x00000020365fede0
Event: 325.213 Thread 0x00000128112c7c30 DEOPT UNPACKING pc=0x00000127add088e2 sp=0x00000020365fe268 mode 0
Event: 325.216 Thread 0x000001280b7c7a30 DEOPT PACKING pc=0x00000127a6f316bc sp=0x00000020397fee00
Event: 325.216 Thread 0x000001280b7c7a30 DEOPT UNPACKING pc=0x00000127add088e2 sp=0x00000020397fe288 mode 0
Event: 325.221 Thread 0x000001281129b3b0 DEOPT PACKING pc=0x00000127a6f316bc sp=0x000000203b8ff0a0
Event: 325.221 Thread 0x000001281129b3b0 DEOPT UNPACKING pc=0x00000127add088e2 sp=0x000000203b8fe528 mode 0
Event: 325.225 Thread 0x000001281129d480 DEOPT PACKING pc=0x00000127a6f316bc sp=0x000000203b9fefb0
Event: 325.225 Thread 0x000001281129d480 DEOPT UNPACKING pc=0x00000127add088e2 sp=0x000000203b9fe438 mode 0
Event: 325.228 Thread 0x000001280b7c7a30 DEOPT PACKING pc=0x00000127a6f31737 sp=0x00000020397fee00
Event: 325.228 Thread 0x000001280b7c7a30 DEOPT UNPACKING pc=0x00000127add088e2 sp=0x00000020397fe288 mode 0
Event: 325.230 Thread 0x00000128112c75a0 DEOPT PACKING pc=0x00000127a6f31737 sp=0x00000020360fe910
Event: 325.230 Thread 0x00000128112c75a0 DEOPT UNPACKING pc=0x00000127add088e2 sp=0x00000020360fdd98 mode 0
Event: 325.233 Thread 0x000001280b7ce330 DEOPT PACKING pc=0x00000127a6f316bc sp=0x000000203aafeb10
Event: 325.233 Thread 0x000001280b7ce330 DEOPT UNPACKING pc=0x00000127add088e2 sp=0x000000203aafdf98 mode 0
Event: 325.240 Thread 0x000001280b7c7a30 DEOPT PACKING pc=0x00000127a6f316bc sp=0x00000020397fee00
Event: 325.240 Thread 0x000001280b7c7a30 DEOPT UNPACKING pc=0x00000127add088e2 sp=0x00000020397fe288 mode 0

Classes loaded (20 events):
Event: 283.008 Loading class java/io/ObjectStreamClass$DeserializationConstructorsCache$Key$Lookup
Event: 283.008 Loading class java/io/ObjectStreamClass$DeserializationConstructorsCache$Key
Event: 283.008 Loading class java/io/ObjectStreamClass$DeserializationConstructorsCache$Key done
Event: 283.008 Loading class java/io/ObjectStreamClass$DeserializationConstructorsCache$Key$Lookup done
Event: 283.011 Loading class java/lang/invoke/BoundMethodHandle$Species_LIL
Event: 283.011 Loading class java/lang/invoke/BoundMethodHandle$Species_LIL done
Event: 283.014 Loading class java/io/ObjectStreamClass$DeserializationConstructorsCache$Key$Impl
Event: 283.014 Loading class java/io/ObjectStreamClass$DeserializationConstructorsCache$Key$Impl done
Event: 283.503 Loading class java/util/zip/ZipOutputStream
Event: 283.504 Loading class java/util/zip/ZipOutputStream done
Event: 283.548 Loading class java/util/zip/ZipOutputStream$XEntry
Event: 283.549 Loading class java/util/zip/ZipOutputStream$XEntry done
Event: 321.916 Loading class java/nio/file/FileTreeIterator
Event: 321.916 Loading class java/nio/file/FileTreeIterator done
Event: 321.920 Loading class java/nio/file/CopyMoveHelper
Event: 321.921 Loading class java/nio/file/CopyMoveHelper done
Event: 321.921 Loading class java/nio/file/CopyMoveHelper$CopyOptions
Event: 321.921 Loading class java/nio/file/CopyMoveHelper$CopyOptions done
Event: 324.343 Loading class java/util/concurrent/locks/ReentrantReadWriteLock$Sync$HoldCounter
Event: 324.343 Loading class java/util/concurrent/locks/ReentrantReadWriteLock$Sync$HoldCounter done

Classes unloaded (0 events):
No events

Classes redefined (0 events):
No events

Internal exceptions (20 events):
Event: 330.107 Thread 0x00000127c396c8b0 Exception <a 'sun/nio/fs/WindowsException'{0x00000006a13fea70}> (0x00000006a13fea70) 
thrown [s\open\src\hotspot\share\prims\jni.cpp, line 520]
Event: 330.107 Thread 0x00000127c396c8b0 Exception <a 'sun/nio/fs/WindowsException'{0x00000006a13ff388}> (0x00000006a13ff388) 
thrown [s\open\src\hotspot\share\prims\jni.cpp, line 520]
Event: 330.109 Thread 0x00000127c396c8b0 Exception <a 'sun/nio/fs/WindowsException'{0x000000069ea67410}> (0x000000069ea67410) 
thrown [s\open\src\hotspot\share\prims\jni.cpp, line 520]
Event: 330.110 Thread 0x00000127c396c8b0 Exception <a 'sun/nio/fs/WindowsException'{0x000000069ea67d40}> (0x000000069ea67d40) 
thrown [s\open\src\hotspot\share\prims\jni.cpp, line 520]
Event: 330.111 Thread 0x00000127c396c8b0 Exception <a 'sun/nio/fs/WindowsException'{0x000000069ea6cbc0}> (0x000000069ea6cbc0) 
thrown [s\open\src\hotspot\share\prims\jni.cpp, line 520]
Event: 330.111 Thread 0x00000127c396c8b0 Exception <a 'sun/nio/fs/WindowsException'{0x000000069ea6d4d8}> (0x000000069ea6d4d8) 
thrown [s\open\src\hotspot\share\prims\jni.cpp, line 520]
Event: 330.113 Thread 0x00000127c396c8b0 Exception <a 'sun/nio/fs/WindowsException'{0x000000069ea72368}> (0x000000069ea72368) 
thrown [s\open\src\hotspot\share\prims\jni.cpp, line 520]
Event: 330.113 Thread 0x00000127c396c8b0 Exception <a 'sun/nio/fs/WindowsException'{0x000000069ea72c90}> (0x000000069ea72c90) 
thrown [s\open\src\hotspot\share\prims\jni.cpp, line 520]
Event: 330.117 Thread 0x00000127c396c8b0 Exception <a 'sun/nio/fs/WindowsException'{0x000000069ea77b58}> (0x000000069ea77b58) 
thrown [s\open\src\hotspot\share\prims\jni.cpp, line 520]
Event: 330.117 Thread 0x00000127c396c8b0 Exception <a 'sun/nio/fs/WindowsException'{0x000000069ea78490}> (0x000000069ea78490) 
thrown [s\open\src\hotspot\share\prims\jni.cpp, line 520]
Event: 330.119 Thread 0x00000127c396c8b0 Exception <a 'sun/nio/fs/WindowsException'{0x000000069ea7d318}> (0x000000069ea7d318) 
thrown [s\open\src\hotspot\share\prims\jni.cpp, line 520]
Event: 330.119 Thread 0x00000127c396c8b0 Exception <a 'sun/nio/fs/WindowsException'{0x000000069ea7dc38}> (0x000000069ea7dc38) 
thrown [s\open\src\hotspot\share\prims\jni.cpp, line 520]
Event: 330.121 Thread 0x00000127c396c8b0 Exception <a 'sun/nio/fs/WindowsException'{0x000000069ea82b00}> (0x000000069ea82b00) 
thrown [s\open\src\hotspot\share\prims\jni.cpp, line 520]
Event: 330.122 Thread 0x00000127c396c8b0 Exception <a 'sun/nio/fs/WindowsException'{0x000000069ea83430}> (0x000000069ea83430) 
thrown [s\open\src\hotspot\share\prims\jni.cpp, line 520]
Event: 330.123 Thread 0x00000127c396c8b0 Exception <a 'sun/nio/fs/WindowsException'{0x000000069ea882b0}> (0x000000069ea882b0) 
thrown [s\open\src\hotspot\share\prims\jni.cpp, line 520]
Event: 330.124 Thread 0x00000127c396c8b0 Exception <a 'sun/nio/fs/WindowsException'{0x000000069ea88bc8}> (0x000000069ea88bc8) 
thrown [s\open\src\hotspot\share\prims\jni.cpp, line 520]
Event: 330.125 Thread 0x00000127c396c8b0 Exception <a 'sun/nio/fs/WindowsException'{0x000000069ea8da40}> (0x000000069ea8da40) 
thrown [s\open\src\hotspot\share\prims\jni.cpp, line 520]
Event: 330.126 Thread 0x00000127c396c8b0 Exception <a 'sun/nio/fs/WindowsException'{0x000000069ea8e360}> (0x000000069ea8e360) 
thrown [s\open\src\hotspot\share\prims\jni.cpp, line 520]
Event: 330.128 Thread 0x00000127c396c8b0 Exception <a 'sun/nio/fs/WindowsException'{0x000000069ea932d0}> (0x000000069ea932d0) 
thrown [s\open\src\hotspot\share\prims\jni.cpp, line 520]
Event: 330.128 Thread 0x00000127c396c8b0 Exception <a 'sun/nio/fs/WindowsException'{0x000000069ea93be8}> (0x000000069ea93be8) 
thrown [s\open\src\hotspot\share\prims\jni.cpp, line 520]

ZGC Phase Switch (0 events):
No events

VM Operations (20 events):
Event: 326.970 Executing VM operation: G1CollectForAllocation (G1 Evacuation Pause) done
Event: 327.740 Executing VM operation: G1CollectForAllocation (G1 Evacuation Pause)
Event: 327.740 Executing VM operation: G1CollectForAllocation (G1 Evacuation Pause) done
Event: 327.740 Executing VM operation: G1CollectForAllocation (GCLocker Initiated GC)
Event: 327.812 Executing VM operation: G1CollectForAllocation (GCLocker Initiated GC) done
Event: 327.964 Executing VM operation: G1PauseRemark
Event: 327.978 Executing VM operation: G1PauseRemark done
Event: 328.325 Executing VM operation: G1PauseCleanup
Event: 328.326 Executing VM operation: G1PauseCleanup done
Event: 328.422 Executing VM operation: G1CollectForAllocation (G1 Evacuation Pause)
Event: 328.496 Executing VM operation: G1CollectForAllocation (G1 Evacuation Pause) done
Event: 328.883 Executing VM operation: G1CollectForAllocation (G1 Evacuation Pause)
Event: 328.884 Executing VM operation: G1CollectForAllocation (G1 Evacuation Pause) done
Event: 328.884 Executing VM operation: G1CollectForAllocation (GCLocker Initiated GC)
Event: 328.952 Executing VM operation: G1CollectForAllocation (GCLocker Initiated GC) done
Event: 328.988 Executing VM operation: G1TryInitiateConcMark (G1 Humongous Allocation)
Event: 328.988 Executing VM operation: G1TryInitiateConcMark (G1 Humongous Allocation) done
Event: 328.988 Executing VM operation: G1TryInitiateConcMark (G1 Humongous Allocation)
Event: 329.016 Executing VM operation: G1TryInitiateConcMark (G1 Humongous Allocation) done
Event: 330.130 Executing VM operation: G1PauseRemark

Events (20 events):
Event: 330.174 Thread 0x00000127c02b06e0 flushing nmethod 0x00000127a7c0a290
Event: 330.174 Thread 0x00000127c02b06e0 flushing nmethod 0x00000127a7c12090
Event: 330.174 Thread 0x00000127c02b06e0 flushing nmethod 0x00000127ae42b810
Event: 330.174 Thread 0x00000127c02b06e0 flushing nmethod 0x00000127af1c9710
Event: 330.175 Thread 0x00000127c02b06e0 flushing nmethod 0x00000127a6a04010
Event: 330.175 Thread 0x00000127c02b06e0 flushing nmethod 0x00000127a6f30e10
Event: 330.175 Thread 0x00000127c02b06e0 flushing nmethod 0x00000127af11a410
Event: 330.175 Thread 0x00000127c02b06e0 flushing nmethod 0x00000127a69d5590
Event: 330.175 Thread 0x00000127c02b06e0 flushing nmethod 0x00000127a6ce8990
Event: 330.175 Thread 0x00000127c02b06e0 flushing nmethod 0x00000127a70fed90
Event: 330.175 Thread 0x00000127c02b06e0 flushing nmethod 0x00000127a74bee90
Event: 330.175 Thread 0x00000127c02b06e0 flushing nmethod 0x00000127a7a74410
Event: 330.175 Thread 0x00000127c02b06e0 flushing nmethod 0x00000127a693d510
Event: 330.175 Thread 0x00000127c02b06e0 flushing nmethod 0x00000127a693fa10
Event: 330.175 Thread 0x00000127c02b06e0 flushing nmethod 0x00000127a7472a90
Event: 330.175 Thread 0x00000127c02b06e0 flushing nmethod 0x00000127a7affb90
Event: 330.175 Thread 0x00000127c02b06e0 flushing nmethod 0x00000127a7b09010
Event: 330.175 Thread 0x00000127c02b06e0 flushing nmethod 0x00000127a7bfbc90
Event: 330.175 Thread 0x00000127c02b06e0 flushing nmethod 0x00000127a825cb90
Event: 330.175 Thread 0x00000127c02b06e0 flushing nmethod 0x00000127a850e690


Dynamic libraries:
0x00007ff672fc0000 - 0x00007ff672fd0000 	C:\Program Files\Java\jdk-21\bin\java.exe
0x00007ffe880c0000 - 0x00007ffe88326000 	C:\WINDOWS\SYSTEM32\ntdll.dll
0x00007ffe87020000 - 0x00007ffe870e9000 	C:\WINDOWS\System32\KERNEL32.DLL
0x00007ffe852e0000 - 0x00007ffe856de000 	C:\WINDOWS\System32\KERNELBASE.dll
0x00007ffe856f0000 - 0x00007ffe8583c000 	C:\WINDOWS\System32\ucrtbase.dll
0x00007ffe7fa10000 - 0x00007ffe7fa29000 	C:\Program Files\Java\jdk-21\bin\jli.dll
0x00007ffe7d290000 - 0x00007ffe7d2ab000 	C:\Program Files\Java\jdk-21\bin\VCRUNTIME140.dll
0x00007ffe86250000 - 0x00007ffe86307000 	C:\WINDOWS\System32\ADVAPI32.dll
0x00007ffe86000000 - 0x00007ffe860a9000 	C:\WINDOWS\System32\msvcrt.dll
0x00007ffe87d90000 - 0x00007ffe87e3a000 	C:\WINDOWS\System32\sechost.dll
0x00007ffe86670000 - 0x00007ffe86788000 	C:\WINDOWS\System32\RPCRT4.dll
0x00007ffe86900000 - 0x00007ffe86ac7000 	C:\WINDOWS\System32\USER32.dll
0x00007ffe85d00000 - 0x00007ffe85d27000 	C:\WINDOWS\System32\win32u.dll
0x00007ffe712b0000 - 0x00007ffe71542000 	C:\WINDOWS\WinSxS\amd64_microsoft.windows.common-controls_6595b64144ccf1df_6.0.26100.8875_none_3e0d5d42e32fe9dd\COMCTL32.dll
0x00007ffe86ad0000 - 0x00007ffe86afb000 	C:\WINDOWS\System32\GDI32.dll
0x00007ffe85a90000 - 0x00007ffe85bba000 	C:\WINDOWS\System32\gdi32full.dll
0x00007ffe85bc0000 - 0x00007ffe85c63000 	C:\WINDOWS\System32\msvcp_win.dll
0x00007ffe70e70000 - 0x00007ffe70e7b000 	C:\WINDOWS\SYSTEM32\VERSION.dll
0x00007ffe87590000 - 0x00007ffe875c2000 	C:\WINDOWS\System32\IMM32.DLL
0x00007ffe7dad0000 - 0x00007ffe7dadc000 	C:\Program Files\Java\jdk-21\bin\vcruntime140_1.dll
0x00007ffe46900000 - 0x00007ffe4698e000 	C:\Program Files\Java\jdk-21\bin\msvcp140.dll
0x00007ffdf54b0000 - 0x00007ffdf61ca000 	C:\Program Files\Java\jdk-21\bin\server\jvm.dll
0x00007ffe85f70000 - 0x00007ffe85ff0000 	C:\WINDOWS\System32\WS2_32.dll
0x00007ffe85140000 - 0x00007ffe8519e000 	C:\WINDOWS\SYSTEM32\POWRPROF.dll
0x00007ffe7a430000 - 0x00007ffe7a466000 	C:\WINDOWS\SYSTEM32\WINMM.dll
0x00007ffe85120000 - 0x00007ffe85134000 	C:\WINDOWS\SYSTEM32\UMPDC.dll
0x00007ffe83fc0000 - 0x00007ffe83fdb000 	C:\WINDOWS\SYSTEM32\kernel.appcore.dll
0x00007ffe7d4a0000 - 0x00007ffe7d4aa000 	C:\Program Files\Java\jdk-21\bin\jimage.dll
0x00007ffe827e0000 - 0x00007ffe82a22000 	C:\WINDOWS\SYSTEM32\DBGHELP.DLL
0x00007ffe870f0000 - 0x00007ffe87473000 	C:\WINDOWS\System32\combase.dll
0x00007ffe867c0000 - 0x00007ffe86899000 	C:\WINDOWS\System32\OLEAUT32.dll
0x00007ffe6ffb0000 - 0x00007ffe6ffeb000 	C:\WINDOWS\SYSTEM32\dbgcore.DLL
0x00007ffe85d30000 - 0x00007ffe85ddc000 	C:\WINDOWS\System32\bcryptPrimitives.dll
0x00007ffe7c450000 - 0x00007ffe7c45f000 	C:\Program Files\Java\jdk-21\bin\instrument.dll
0x00007ffe7d200000 - 0x00007ffe7d21f000 	C:\Program Files\Java\jdk-21\bin\java.dll
0x00007ffe875f0000 - 0x00007ffe87d82000 	C:\WINDOWS\System32\SHELL32.dll
0x00007ffe82d80000 - 0x00007ffe83612000 	C:\WINDOWS\SYSTEM32\windows.storage.dll
0x00007ffe86390000 - 0x00007ffe86487000 	C:\WINDOWS\System32\SHCORE.dll
0x00007ffe85e50000 - 0x00007ffe85eb7000 	C:\WINDOWS\System32\shlwapi.dll
0x00007ffe85200000 - 0x00007ffe85229000 	C:\WINDOWS\SYSTEM32\profapi.dll
0x00007ffe27e40000 - 0x00007ffe27f17000 	C:\Program Files\Java\jdk-21\bin\jsvml.dll
0x00007ffe7c540000 - 0x00007ffe7c558000 	C:\Program Files\Java\jdk-21\bin\zip.dll
0x00007ffe7d280000 - 0x00007ffe7d290000 	C:\Program Files\Java\jdk-21\bin\net.dll
0x00007ffe7a0b0000 - 0x00007ffe7a1d7000 	C:\WINDOWS\SYSTEM32\WINHTTP.dll
0x00007ffe84570000 - 0x00007ffe845dc000 	C:\WINDOWS\system32\mswsock.dll
0x00007ffe7c6d0000 - 0x00007ffe7c6e6000 	C:\Program Files\Java\jdk-21\bin\nio.dll
0x00007ffe7d1d0000 - 0x00007ffe7d1e0000 	C:\Program Files\Java\jdk-21\bin\verify.dll
0x00007ffe752c0000 - 0x00007ffe752e7000 	C:\Users\Redmi\.gradle\native\660c5614fbf4a5f2a75b1949f50a0caf5cd603558e7d8a26e50b933a0cfb79d1\windows-amd64\native-platform.dll
0x00007ffe5eed0000 - 0x00007ffe5ef47000 	C:\Users\Redmi\.gradle\native\0.2.8\x86_64-windows-gnu\gradle-fileevents.dll
0x00007ffe7c760000 - 0x00007ffe7c76a000 	C:\Program Files\Java\jdk-21\bin\management.dll
0x00007ffe7c5c0000 - 0x00007ffe7c5cb000 	C:\Program Files\Java\jdk-21\bin\management_ext.dll
0x00007ffe87fb0000 - 0x00007ffe87fb8000 	C:\WINDOWS\System32\PSAPI.DLL
0x00007ffe83a20000 - 0x00007ffe83a53000 	C:\WINDOWS\SYSTEM32\IPHLPAPI.DLL
0x00007ffe868a0000 - 0x00007ffe868aa000 	C:\WINDOWS\System32\NSI.dll
0x00007ffe7c530000 - 0x00007ffe7c539000 	C:\Program Files\Java\jdk-21\bin\extnet.dll
0x00007ffe84870000 - 0x00007ffe8488b000 	C:\WINDOWS\SYSTEM32\CRYPTSP.dll
0x00007ffe83f20000 - 0x00007ffe83f59000 	C:\WINDOWS\system32\rsaenh.dll
0x00007ffe84630000 - 0x00007ffe84662000 	C:\WINDOWS\SYSTEM32\USERENV.dll
0x00007ffe851d0000 - 0x00007ffe851fa000 	C:\WINDOWS\SYSTEM32\bcrypt.dll
0x00007ffe84890000 - 0x00007ffe8489c000 	C:\WINDOWS\SYSTEM32\CRYPTBASE.dll
0x00007ffe7c440000 - 0x00007ffe7c44e000 	C:\Program Files\Java\jdk-21\bin\sunmscapi.dll
0x00007ffe85910000 - 0x00007ffe85a88000 	C:\WINDOWS\System32\CRYPT32.dll
0x00007ffe84ab0000 - 0x00007ffe84ae0000 	C:\WINDOWS\SYSTEM32\ncrypt.dll
0x00007ffe84a60000 - 0x00007ffe84a9f000 	C:\WINDOWS\SYSTEM32\NTASN1.dll
0x00007ffe3f7a0000 - 0x00007ffe3f7a8000 	C:\WINDOWS\system32\wshunix.dll
0x00007ffe83a60000 - 0x00007ffe83bb6000 	C:\WINDOWS\SYSTEM32\DNSAPI.dll
0x00007ffe84350000 - 0x00007ffe8435d000 	C:\WINDOWS\SYSTEM32\DSPARSE.dll
0x00007ffe79150000 - 0x00007ffe7915b000 	C:\Windows\System32\rasadhlp.dll
0x00007ffe7a020000 - 0x00007ffe7a0a6000 	C:\WINDOWS\System32\fwpuclnt.dll
0x00007ffe840f0000 - 0x00007ffe84126000 	C:\WINDOWS\SYSTEM32\ntmarta.dll

dbghelp: loaded successfully - version: 4.0.5 - missing functions: none
symbol engine: initialized successfully - sym options: 0x614 - pdb path: .;C:\Program Files\Java\jdk-21\bin;C:\WINDOWS\SYSTEM32;C:\WINDOWS\WinSxS\amd64_microsoft.windows.common-controls_6595b64144ccf1df_6.0.26100.8875_none_3e0d5d42e32fe9dd;C:\Program Files\Java\jdk-21\bin\server;C:\Users\Redmi\.gradle\native\660c5614fbf4a5f2a75b1949f50a0caf5cd603558e7d8a26e50b933a0cfb79d1\windows-amd64;C:\Users\Redmi\.gradle\native\0.2.8\x86_64-windows-gnu

VM Arguments:
jvm_args: --add-opens=java.base/java.lang=ALL-UNNAMED --add-opens=java.base/java.lang.invoke=ALL-UNNAMED --add-opens=java.base/java.util=ALL-UNNAMED --add-opens=java.prefs/java.util.prefs=ALL-UNNAMED --add-exports=jdk.compiler/com.sun.tools.javac.api=ALL-UNNAMED --add-exports=jdk.compiler/com.sun.tools.javac.util=ALL-UNNAMED --add-opens=java.base/java.nio.charset=ALL-UNNAMED --add-opens=java.base/java.net=ALL-UNNAMED --add-opens=java.base/java.util.concurrent=ALL-UNNAMED --add-opens=java.base/java.util.concurrent.atomic=ALL-UNNAMED --add-opens=java.xml/javax.xml.namespace=ALL-UNNAMED --add-opens=java.base/java.time=ALL-UNNAMED -Xmx8G -Dfile.encoding=UTF-8 -Duser.country=RU -Duser.language=ru -Duser.variant -javaagent:C:\Users\Redmi\.gradle\wrapper\dists\gradle-9.5.0-bin\bvnork1r7n8i6kp5cnkibsc9q\gradle-9.5.0\lib\agents\gradle-instrumentation-agent-9.5.0.jar 
java_command: org.gradle.launcher.daemon.bootstrap.GradleDaemon 9.5.0
java_class_path (initial): C:\Users\Redmi\.gradle\wrapper\dists\gradle-9.5.0-bin\bvnork1r7n8i6kp5cnkibsc9q\gradle-9.5.0\lib\gradle-daemon-main-9.5.0.jar
Launcher Type: SUN_STANDARD

[Global flags]
     intx CICompilerCount                          = 12                                        {product} {ergonomic}
     uint ConcGCThreads                            = 3                                         {product} {ergonomic}
     uint G1ConcRefinementThreads                  = 13                                        {product} {ergonomic}
   size_t G1HeapRegionSize                         = 4194304                                   {product} {ergonomic}
    uintx GCDrainStackTargetSize                   = 64                                        {product} {ergonomic}
   size_t InitialHeapSize                          = 230686720                                 {product} {ergonomic}
   size_t MarkStackSize                            = 4194304                                   {product} {ergonomic}
   size_t MaxHeapSize                              = 8589934592                                {product} {command line}
   size_t MaxNewSize                               = 5150605312                                {product} {ergonomic}
   size_t MinHeapDeltaBytes                        = 4194304                                   {product} {ergonomic}
   size_t MinHeapSize                              = 8388608                                   {product} {ergonomic}
    uintx NonNMethodCodeHeapSize                   = 7602480                                {pd product} {ergonomic}
    uintx NonProfiledCodeHeapSize                  = 122027880                              {pd product} {ergonomic}
    uintx ProfiledCodeHeapSize                     = 122027880                              {pd product} {ergonomic}
    uintx ReservedCodeCacheSize                    = 251658240                              {pd product} {ergonomic}
     bool SegmentedCodeCache                       = true                                      {product} {ergonomic}
   size_t SoftMaxHeapSize                          = 8589934592                             {manageable} {ergonomic}
     bool UseCompressedOops                        = true                           {product lp64_product} {ergonomic}
     bool UseG1GC                                  = true                                      {product} {ergonomic}
     bool UseLargePagesIndividualAllocation        = false                                  {pd product} {ergonomic}

Logging:
Log output configuration:
 #0: stdout all=warning uptime,level,tags foldmultilines=false
 #1: stderr all=off uptime,level,tags foldmultilines=false

Environment Variables:
JAVA_HOME=C:\Program Files\Java\jdk-21
PATH=C:\Users\Redmi\bin;C:\Program Files\Git\mingw64\bin;C:\Program Files\Git\usr\local\bin;C:\Program Files\Git\usr\bin;C:\Program Files\Git\usr\bin;C:\Program Files\Git\mingw64\bin;C:\Program Files\Git\usr\bin;C:\Users\Redmi\bin;C:\Users\Redmi\AppData\Roaming\Code\User\globalStorage\github.copilot-chat\debugCommand;C:\Users\Redmi\AppData\Roaming\Code\User\globalStorage\github.copilot-chat\copilotCli;C:\Program Files\Common Files\Oracle\Java\javapath;C:\WINDOWS\system32;C:\WINDOWS;C:\WINDOWS\System32\Wbem;C:\WINDOWS\System32\WindowsPowerShell\v1.0;C:\WINDOWS\System32\OpenSSH;C:\ProgramData\chocolatey\bin;C:\Program Files\dotnet;C:\Program Files\CMake\bin;C:\Program Files (x86)\Windows Kits\10\Windows Performance Toolkit;C:\Program Files\Git\cmd;C:\Programs\GoLink;C:\Program Files\Docker\Docker\resources\bin;C:\Program Files\nodejs;C:\Program Files (x86)\Microsoft SQL Server\150\Tools\Binn;C:\Program Files\Microsoft SQL Server\150\Tools\Binn;C:\Program Files (x86)\Microsoft SQL Server\150\DTS\Binn;C:\Program Files\Microsoft SQL Server\150\DTS\Binn;C:\Program Files\Microsoft SQL Server\Client SDK\ODBC\170\Tools\Binn;C:\Program Files\MySQL\MySQL Shell 8.0\bin;C:\Users\Redmi\AppData\Local\Programs\Python\Launcher;C:\Users\Redmi\scoop\apps\MinGW\current\bin;C:\Users\Redmi\scoop\shims;C:\nasm-2.16.03;D:\Programs\ffmpeg-7.1-full_build\bin;C:\Program Files\Java\jdk-21\bin;C:\php;C:\Users\Redmi\AppData\Local\Programs\Python\Python312;C:\Users\Redmi\AppData\Local\Programs\Python\Python312\Scripts;D:\Programs\QT\5.14.1\mingw73_64\bin;D:\Programs\QT\Tools\mingw730_64\bin;C:\Users\Redmi\AppData\Local\Microsoft\WindowsApps;C:\Users\Redmi\.dotnet\tools;C:\Programs\PyCharm 2025.2.1.1\bin;C:\Programs\GoLink;C:\Users\Redmi\AppData\Local\Programs\Microsoft VS Code\bin;C:\Users\Redmi\AppData\Roaming\npm;C:\Users\Redmi\AppData\Local\Android\Sdk\platform-tools;C:\Users\Redmi\AppData\Local\Android\Sdk\cmdline-tools\latest\bin;C:\Users\Redmi\.vscode\extensions\vscjava.vscode-java-debug-0.59.0\bundled\scripts\noConfigScripts;C:\Program Files\Git\usr\bin\vendor_perl;C:\Program Files\Git\usr\bin\core_perl
USERNAME=Redmi
SHELL=C:\Program Files\Git\usr\bin\bash.exe
DISPLAY=needs-to-be-defined
LANG=en_US.UTF-8
TERM=xterm-256color
TMPDIR=C:\Users\Redmi\AppData\Local\Temp
OS=Windows_NT
PROCESSOR_IDENTIFIER=AMD64 Family 25 Model 116 Stepping 1, AuthenticAMD
TMP=C:\Users\Redmi\AppData\Local\Temp
TEMP=C:\Users\Redmi\AppData\Local\Temp




Periodic native trim disabled

---------------  S Y S T E M  ---------------

OS:
 Windows 11 , 64 bit Build 26100 (10.0.26100.8875)
OS uptime: 10 days 3:39 hours
Hyper-V role detected

CPU: total 16 (initial active 16) (16 cores per cpu, 2 threads per core) family 25 model 116 stepping 1 microcode 0xa704103, cx8, cmov, fxsr, ht, mmx, 3dnowpref, sse, sse2, sse3, ssse3, sse4a, sse4.1, sse4.2, popcnt, lzcnt, tsc, tscinvbit, avx, avx2, aes, erms, clmul, bmi1, bmi2, adx, avx512f, avx512dq, avx512cd, avx512bw, avx512vl, sha, fma, vzeroupper, avx512_vpopcntdq, avx512_vpclmulqdq, avx512_vaes, avx512_vnni, clflush, clflushopt, avx512_vbmi2, avx512_vbmi, hv, rdtscp, rdpid, gfni, avx512_bitalg, f16c, cet_ss, avx512_ifma
Processor Information for all 16 processors :
  Max Mhz: 3801, Current Mhz: 2516, Mhz Limit: 3801

Memory: 4k page, system-wide physical 14004M (579M free)
TotalPageFile size 33456M (AvailPageFile size 799M)
current process WorkingSet (physical memory assigned to process): 4252M, peak: 4252M
current process commit charge ("private bytes"): 6222M, peak: 6244M

vm_info: Java HotSpot(TM) 64-Bit Server VM (21.0.6+8-LTS-188) for windows-amd64 JRE (21.0.6+8-LTS-188), built on 2024-12-03T10:50:54Z by "mach5one" with MS VC++ 17.6 (VS2022)

END.
